filename,start,end,primary_label,start_sec,end_sec,chunk_id,fold
BC2026_Train_0039_S22_20211231_201500.ogg,00:00:00,00:00:05,22961;23158;24321;517063;65380,0,5,BC2026_Train_0039_S22_20211231_201500_5,0
BC2026_Train_0039_S22_20211231_201500.ogg,00:00:05,00:00:10,22961;23158;24321;517063;65380,5,10,BC2026_Train_0039_S22_20211231_201500_10,0
BC2026_Train_0039_S22_20211231_201500.ogg,00:00:10,00:00:15,22961;23158;24321;517063;65380,10,15,BC2026_Train_0039_S22_20211231_201500_15,0
BC2026_Train_0039_S22_20211231_201500.ogg,00:00:15,00:00:20,22961;23158;24321;517063;65380,15,20,BC2026_Train_0039_S22_20211231_201500_20,0
BC2026_Train_0039_S22_20211231_201500.ogg,00:00:20,00:00:25,22961;23158;24321;517063;65380,20,25,BC2026_Train_0039_S22_20211231_201500_25,0
BC2026_Train_0039_S22_20211231_201500.ogg,00:00:25,00:00:30,22961;23158;24321;517063;65380,25,30,BC2026_Train_0039_S22_20211231_201500_30,0
BC2026_Train_0039_S22_20211231_201500.ogg,00:00:30,00:00:35,22961;23158;24321;517063;65380,30,35,BC2026_Train_0039_S22_20211231_201500_35,0
BC2026_Train_0039_S22_20211231_201500.ogg,00:00:35,00:00:40,22961;23158;24321;517063;65380,35,40,BC2026_Train_0039_S22_20211231_201500_40,0
BC2026_Train_0039_S22_20211231_201500.ogg,00:00:40,00:00:45,22961;23158;24321;65380,40,45,BC2026_Train_0039_S22_20211231_201500_45,0
BC2026_Train_0039_S22_20211231_201500.ogg,00:00:45,00:00:50,22961;23158;24321;517063;65380,45,50,BC2026_Train_0039_S22_20211231_201500_50,0
BC2026_Train_0039_S22_20211231_201500.ogg,00:00:50,00:00:55,22961;23158;24321;65380,50,55,BC2026_Train_0039_S22_20211231_201500_55,0
BC2026_Train_0039_S22_20211231_201500.ogg,00:00:55,00:01:00,22961;23158;24321;517063;65380,55,60,BC2026_Train_0039_S22_20211231_201500_60,0
BC2026_Train_0019_S22_20211104_200000.ogg,00:00:00,00:00:05,22973;65380,0,5,BC2026_Train_0019_S22_20211104_200000_5,2
BC2026_Train_0019_S22_20211104_200000.ogg,00:00:05,00:00:10,22973;517063;65380,5,10,BC2026_Train_0019_S22_20211104_200000_10,2
BC2026_Train_0019_S22_20211104_200000.ogg,00:00:10,00:00:15,22973;517063;65380,10,15,BC2026_Train_0019_S22_20211104_200000_15,2
BC2026_Train_0019_S22_20211104_200000.ogg,00:00:15,00:00:20,22973;65380,15,20,BC2026_Train_0019_S22_20211104_200000_20,2
BC2026_Train_0019_S22_20211104_200000.ogg,00:00:20,00:00:25,22973;65380,20,25,BC2026_Train_0019_S22_20211104_200000_25,2
BC2026_Train_0019_S22_20211104_200000.ogg,00:00:25,00:00:30,22973;65380;bunibi1,25,30,BC2026_Train_0019_S22_20211104_200000_30,2
BC2026_Train_0019_S22_20211104_200000.ogg,00:00:30,00:00:35,22973;65380;bunibi1,30,35,BC2026_Train_0019_S22_20211104_200000_35,2
BC2026_Train_0019_S22_20211104_200000.ogg,00:00:35,00:00:40,22973;47144;65380,35,40,BC2026_Train_0019_S22_20211104_200000_40,2
BC2026_Train_0019_S22_20211104_200000.ogg,00:00:40,00:00:45,22973;47144;65380,40,45,BC2026_Train_0019_S22_20211104_200000_45,2
BC2026_Train_0019_S22_20211104_200000.ogg,00:00:45,00:00:50,22973;65380,45,50,BC2026_Train_0019_S22_20211104_200000_50,2
BC2026_Train_0019_S22_20211104_200000.ogg,00:00:50,00:00:55,22973,50,55,BC2026_Train_0019_S22_20211104_200000_55,2
BC2026_Train_0019_S22_20211104_200000.ogg,00:00:55,00:01:00,22973,55,60,BC2026_Train_0019_S22_20211104_200000_60,2
BC2026_Train_0053_S22_20220211_204500.ogg,00:00:00,00:00:05,22973;517063;555146;65380,0,5,BC2026_Train_0053_S22_20220211_204500_5,1
BC2026_Train_0053_S22_20220211_204500.ogg,00:00:05,00:00:10,22973;517063;555146;65380,5,10,BC2026_Train_0053_S22_20220211_204500_10,1
BC2026_Train_0053_S22_20220211_204500.ogg,00:00:10,00:00:15,22973;517063;555146;65380,10,15,BC2026_Train_0053_S22_20220211_204500_15,1
BC2026_Train_0053_S22_20220211_204500.ogg,00:00:15,00:00:20,22973;24321;517063;555146;65380,15,20,BC2026_Train_0053_S22_20220211_204500_20,1
BC2026_Train_0053_S22_20220211_204500.ogg,00:00:20,00:00:25,22973;24321;517063;555146;65380,20,25,BC2026_Train_0053_S22_20220211_204500_25,1
BC2026_Train_0053_S22_20220211_204500.ogg,00:00:25,00:00:30,22973;24321;517063;555146;65380,25,30,BC2026_Train_0053_S22_20220211_204500_30,1
BC2026_Train_0053_S22_20220211_204500.ogg,00:00:30,00:00:35,22973;24321;517063;555146;65380;66971,30,35,BC2026_Train_0053_S22_20220211_204500_35,1
BC2026_Train_0053_S22_20220211_204500.ogg,00:00:35,00:00:40,22973;517063;555146;65380;66971,35,40,BC2026_Train_0053_S22_20220211_204500_40,1
BC2026_Train_0053_S22_20220211_204500.ogg,00:00:40,00:00:45,22973;555146;65380;66971,40,45,BC2026_Train_0053_S22_20220211_204500_45,1
BC2026_Train_0053_S22_20220211_204500.ogg,00:00:45,00:00:50,22973;517063;555146;65380,45,50,BC2026_Train_0053_S22_20220211_204500_50,1
BC2026_Train_0053_S22_20220211_204500.ogg,00:00:50,00:00:55,22973;517063;555146;65380,50,55,BC2026_Train_0053_S22_20220211_204500_55,1
BC2026_Train_0053_S22_20220211_204500.ogg,00:00:55,00:01:00,22973;517063;555146;65380;66971,55,60,BC2026_Train_0053_S22_20220211_204500_60,1
BC2026_Train_0047_S22_20220131_003000.ogg,00:00:00,00:00:05,24279;555146;65380,0,5,BC2026_Train_0047_S22_20220131_003000_5,1
BC2026_Train_0047_S22_20220131_003000.ogg,00:00:05,00:00:10,24279;517063;555146;65380,5,10,BC2026_Train_0047_S22_20220131_003000_10,1
BC2026_Train_0047_S22_20220131_003000.ogg,00:00:10,00:00:15,22973;24279;517063;555146;65380,10,15,BC2026_Train_0047_S22_20220131_003000_15,1
BC2026_Train_0047_S22_20220131_003000.ogg,00:00:15,00:00:20,22973;23158;24279;517063;555146;65380,15,20,BC2026_Train_0047_S22_20220131_003000_20,1
BC2026_Train_0047_S22_20220131_003000.ogg,00:00:20,00:00:25,23158;24279;517063;555146;65380,20,25,BC2026_Train_0047_S22_20220131_003000_25,1
BC2026_Train_0047_S22_20220131_003000.ogg,00:00:25,00:00:30,24279;517063;555146;65380,25,30,BC2026_Train_0047_S22_20220131_003000_30,1
BC2026_Train_0047_S22_20220131_003000.ogg,00:00:30,00:00:35,22973;23158;24279;517063;555146;65380,30,35,BC2026_Train_0047_S22_20220131_003000_35,1
BC2026_Train_0047_S22_20220131_003000.ogg,00:00:35,00:00:40,23158;24279;517063;555146;65380,35,40,BC2026_Train_0047_S22_20220131_003000_40,1
BC2026_Train_0047_S22_20220131_003000.ogg,00:00:40,00:00:45,22973;24279;517063;555146;65380,40,45,BC2026_Train_0047_S22_20220131_003000_45,1
BC2026_Train_0047_S22_20220131_003000.ogg,00:00:45,00:00:50,22973;24279;517063;555146;65380,45,50,BC2026_Train_0047_S22_20220131_003000_50,1
BC2026_Train_0047_S22_20220131_003000.ogg,00:00:50,00:00:55,22973;23158;24279;517063;555146;65380,50,55,BC2026_Train_0047_S22_20220131_003000_55,1
BC2026_Train_0047_S22_20220131_003000.ogg,00:00:55,00:01:00,24279;517063;555146;65380,55,60,BC2026_Train_0047_S22_20220131_003000_60,1
BC2026_Train_0027_S22_20211129_014500.ogg,00:00:00,00:00:05,1491113;22967;22973;24279;517063;65380;trsowl,0,5,BC2026_Train_0027_S22_20211129_014500_5,0
BC2026_Train_0027_S22_20211129_014500.ogg,00:00:05,00:00:10,1491113;22967;22973;517063;65380;trsowl,5,10,BC2026_Train_0027_S22_20211129_014500_10,0
BC2026_Train_0027_S22_20211129_014500.ogg,00:00:10,00:00:15,1491113;22967;22973;24279;517063;65380;67252;trsowl,10,15,BC2026_Train_0027_S22_20211129_014500_15,0
BC2026_Train_0027_S22_20211129_014500.ogg,00:00:15,00:00:20,1491113;22967;22973;24279;517063;65380;67252,15,20,BC2026_Train_0027_S22_20211129_014500_20,0
BC2026_Train_0027_S22_20211129_014500.ogg,00:00:20,00:00:25,1491113;22967;22973;517063;65380;trsowl,20,25,BC2026_Train_0027_S22_20211129_014500_25,0
BC2026_Train_0027_S22_20211129_014500.ogg,00:00:25,00:00:30,1491113;22967;22973;517063;65380;trsowl,25,30,BC2026_Train_0027_S22_20211129_014500_30,0
BC2026_Train_0027_S22_20211129_014500.ogg,00:00:30,00:00:35,1491113;22967;22973;517063;65380,30,35,BC2026_Train_0027_S22_20211129_014500_35,0
BC2026_Train_0027_S22_20211129_014500.ogg,00:00:35,00:00:40,1491113;22967;22973;517063;65380;trsowl,35,40,BC2026_Train_0027_S22_20211129_014500_40,0
BC2026_Train_0027_S22_20211129_014500.ogg,00:00:40,00:00:45,1491113;22967;22973;517063;65380;trsowl,40,45,BC2026_Train_0027_S22_20211129_014500_45,0
BC2026_Train_0027_S22_20211129_014500.ogg,00:00:45,00:00:50,1491113;22967;22973;517063;65380;trsowl,45,50,BC2026_Train_0027_S22_20211129_014500_50,0
BC2026_Train_0027_S22_20211129_014500.ogg,00:00:50,00:00:55,1491113;22967;22973;517063;65380,50,55,BC2026_Train_0027_S22_20211129_014500_55,0
BC2026_Train_0027_S22_20211129_014500.ogg,00:00:55,00:01:00,1491113;22967;22973;517063;65380;trsowl,55,60,BC2026_Train_0027_S22_20211129_014500_60,0
BC2026_Train_0005_S08_20250607_070007.ogg,00:00:00,00:00:05,47158son15;47158son16;47158son17;47158son25,0,5,BC2026_Train_0005_S08_20250607_070007_5,0
BC2026_Train_0005_S08_20250607_070007.ogg,00:00:05,00:00:10,47158son15;47158son16;47158son17;47158son25,5,10,BC2026_Train_0005_S08_20250607_070007_10,0
BC2026_Train_0005_S08_20250607_070007.ogg,00:00:10,00:00:15,47158son15;47158son16;47158son25,10,15,BC2026_Train_0005_S08_20250607_070007_15,0
BC2026_Train_0005_S08_20250607_070007.ogg,00:00:15,00:00:20,116570;47158son15;47158son16;47158son17;47158son25,15,20,BC2026_Train_0005_S08_20250607_070007_20,0
BC2026_Train_0005_S08_20250607_070007.ogg,00:00:20,00:00:25,47158son15;47158son16;47158son17;47158son25,20,25,BC2026_Train_0005_S08_20250607_070007_25,0
BC2026_Train_0005_S08_20250607_070007.ogg,00:00:25,00:00:30,116570;47158son15;47158son16;47158son17;47158son25,25,30,BC2026_Train_0005_S08_20250607_070007_30,0
BC2026_Train_0005_S08_20250607_070007.ogg,00:00:30,00:00:35,47158son15;47158son16;47158son17;47158son25,30,35,BC2026_Train_0005_S08_20250607_070007_35,0
BC2026_Train_0005_S08_20250607_070007.ogg,00:00:35,00:00:40,47158son15;47158son16;47158son17;47158son25,35,40,BC2026_Train_0005_S08_20250607_070007_40,0
BC2026_Train_0005_S08_20250607_070007.ogg,00:00:40,00:00:45,47158son15;47158son16;47158son17;47158son25,40,45,BC2026_Train_0005_S08_20250607_070007_45,0
BC2026_Train_0005_S08_20250607_070007.ogg,00:00:45,00:00:50,47158son15;47158son16;47158son17;47158son25;chacha1,45,50,BC2026_Train_0005_S08_20250607_070007_50,0
BC2026_Train_0005_S08_20250607_070007.ogg,00:00:50,00:00:55,47158son15;47158son16;47158son17;47158son25;chacha1,50,55,BC2026_Train_0005_S08_20250607_070007_55,0
BC2026_Train_0005_S08_20250607_070007.ogg,00:00:55,00:01:00,47158son15;47158son16;47158son25,55,60,BC2026_Train_0005_S08_20250607_070007_60,0
BC2026_Train_0014_S13_20220228_214500.ogg,00:00:00,00:00:05,22961;23158;65377;65380,0,5,BC2026_Train_0014_S13_20220228_214500_5,0
BC2026_Train_0014_S13_20220228_214500.ogg,00:00:05,00:00:10,22961;23158;65380,5,10,BC2026_Train_0014_S13_20220228_214500_10,0
BC2026_Train_0014_S13_20220228_214500.ogg,00:00:10,00:00:15,22961;65377;65380,10,15,BC2026_Train_0014_S13_20220228_214500_15,0
BC2026_Train_0014_S13_20220228_214500.ogg,00:00:15,00:00:20,22961;65377;65380,15,20,BC2026_Train_0014_S13_20220228_214500_20,0
BC2026_Train_0014_S13_20220228_214500.ogg,00:00:20,00:00:25,22961;23158;65377;65380,20,25,BC2026_Train_0014_S13_20220228_214500_25,0
BC2026_Train_0014_S13_20220228_214500.ogg,00:00:25,00:00:30,22961;65377;65380,25,30,BC2026_Train_0014_S13_20220228_214500_30,0
BC2026_Train_0014_S13_20220228_214500.ogg,00:00:30,00:00:35,22961;65377;65380,30,35,BC2026_Train_0014_S13_20220228_214500_35,0
BC2026_Train_0014_S13_20220228_214500.ogg,00:00:35,00:00:40,22961;23158;65380,35,40,BC2026_Train_0014_S13_20220228_214500_40,0
BC2026_Train_0014_S13_20220228_214500.ogg,00:00:40,00:00:45,22961;23158;517063;65377;65380,40,45,BC2026_Train_0014_S13_20220228_214500_45,0
BC2026_Train_0014_S13_20220228_214500.ogg,00:00:45,00:00:50,22961;65380,45,50,BC2026_Train_0014_S13_20220228_214500_50,0
BC2026_Train_0014_S13_20220228_214500.ogg,00:00:50,00:00:55,22961;23158;65377;65380,50,55,BC2026_Train_0014_S13_20220228_214500_55,0
BC2026_Train_0014_S13_20220228_214500.ogg,00:00:55,00:01:00,22961;517063;65377;65380,55,60,BC2026_Train_0014_S13_20220228_214500_60,0
BC2026_Train_0061_S19_20250418_210000.ogg,00:00:00,00:00:05,326272;517063,0,5,BC2026_Train_0061_S19_20250418_210000_5,2
BC2026_Train_0061_S19_20250418_210000.ogg,00:00:05,00:00:10,326272,5,10,BC2026_Train_0061_S19_20250418_210000_10,2
BC2026_Train_0061_S19_20250418_210000.ogg,00:00:10,00:00:15,326272,10,15,BC2026_Train_0061_S19_20250418_210000_15,2
BC2026_Train_0061_S19_20250418_210000.ogg,00:00:15,00:00:20,326272,15,20,BC2026_Train_0061_S19_20250418_210000_20,2
BC2026_Train_0061_S19_20250418_210000.ogg,00:00:20,00:00:25,326272,20,25,BC2026_Train_0061_S19_20250418_210000_25,2
BC2026_Train_0061_S19_20250418_210000.ogg,00:00:25,00:00:30,326272,25,30,BC2026_Train_0061_S19_20250418_210000_30,2
BC2026_Train_0061_S19_20250418_210000.ogg,00:00:30,00:00:35,326272,30,35,BC2026_Train_0061_S19_20250418_210000_35,2
BC2026_Train_0061_S19_20250418_210000.ogg,00:00:35,00:00:40,326272,35,40,BC2026_Train_0061_S19_20250418_210000_40,2
BC2026_Train_0061_S19_20250418_210000.ogg,00:00:40,00:00:45,326272,40,45,BC2026_Train_0061_S19_20250418_210000_45,2
BC2026_Train_0061_S19_20250418_210000.ogg,00:00:45,00:00:50,326272,45,50,BC2026_Train_0061_S19_20250418_210000_50,2
BC2026_Train_0061_S19_20250418_210000.ogg,00:00:50,00:00:55,326272,50,55,BC2026_Train_0061_S19_20250418_210000_55,2
BC2026_Train_0061_S19_20250418_210000.ogg,00:00:55,00:01:00,517063,55,60,BC2026_Train_0061_S19_20250418_210000_60,2
BC2026_Train_0046_S22_20220127_230000.ogg,00:00:00,00:00:05,24279;555146;65380;66971,0,5,BC2026_Train_0046_S22_20220127_230000_5,2
BC2026_Train_0046_S22_20220127_230000.ogg,00:00:05,00:00:10,24279;24321;555146;65380;66971,5,10,BC2026_Train_0046_S22_20220127_230000_10,2
BC2026_Train_0046_S22_20220127_230000.ogg,00:00:10,00:00:15,24279;24321;555146;65380;66971,10,15,BC2026_Train_0046_S22_20220127_230000_15,2
BC2026_Train_0046_S22_20220127_230000.ogg,00:00:15,00:00:20,24279;24321;555146;65380,15,20,BC2026_Train_0046_S22_20220127_230000_20,2
BC2026_Train_0046_S22_20220127_230000.ogg,00:00:20,00:00:25,24279;555146;65380,20,25,BC2026_Train_0046_S22_20220127_230000_25,2
BC2026_Train_0046_S22_20220127_230000.ogg,00:00:25,00:00:30,24279;555146;65380;66971,25,30,BC2026_Train_0046_S22_20220127_230000_30,2
BC2026_Train_0046_S22_20220127_230000.ogg,00:00:30,00:00:35,24279;555146;65380;66971,30,35,BC2026_Train_0046_S22_20220127_230000_35,2
BC2026_Train_0046_S22_20220127_230000.ogg,00:00:35,00:00:40,24279;24321;555146;65380;66971,35,40,BC2026_Train_0046_S22_20220127_230000_40,2
BC2026_Train_0046_S22_20220127_230000.ogg,00:00:40,00:00:45,24279;24321;555146;65380,40,45,BC2026_Train_0046_S22_20220127_230000_45,2
BC2026_Train_0046_S22_20220127_230000.ogg,00:00:45,00:00:50,24279;24321;555146;65380;66971,45,50,BC2026_Train_0046_S22_20220127_230000_50,2
BC2026_Train_0046_S22_20220127_230000.ogg,00:00:50,00:00:55,24279;555146;65380;66971,50,55,BC2026_Train_0046_S22_20220127_230000_55,2
BC2026_Train_0046_S22_20220127_230000.ogg,00:00:55,00:01:00,24279;555146;65380,55,60,BC2026_Train_0046_S22_20220127_230000_60,2
BC2026_Train_0057_S15_20250617_060000.ogg,00:00:00,00:00:05,47158son07;chvcon1;undtin1;whtdov,0,5,BC2026_Train_0057_S15_20250617_060000_5,0
BC2026_Train_0057_S15_20250617_060000.ogg,00:00:05,00:00:10,47158son07;chacha1;chvcon1;whtdov,5,10,BC2026_Train_0057_S15_20250617_060000_10,0
BC2026_Train_0057_S15_20250617_060000.ogg,00:00:10,00:00:15,47158son07;chacha1;chvcon1;whtdov,10,15,BC2026_Train_0057_S15_20250617_060000_15,0
BC2026_Train_0057_S15_20250617_060000.ogg,00:00:15,00:00:20,47158son07;chvcon1;limpki;whtdov,15,20,BC2026_Train_0057_S15_20250617_060000_20,0
BC2026_Train_0057_S15_20250617_060000.ogg,00:00:20,00:00:25,47158son07;chvcon1;limpki;whtdov,20,25,BC2026_Train_0057_S15_20250617_060000_25,0
BC2026_Train_0057_S15_20250617_060000.ogg,00:00:25,00:00:30,47158son07;chvcon1;undtin1;whtdov,25,30,BC2026_Train_0057_S15_20250617_060000_30,0
BC2026_Train_0057_S15_20250617_060000.ogg,00:00:30,00:00:35,47158son07;chvcon1;undtin1;whtdov,30,35,BC2026_Train_0057_S15_20250617_060000_35,0
BC2026_Train_0057_S15_20250617_060000.ogg,00:00:35,00:00:40,47158son07;chvcon1;undtin1;whtdov,35,40,BC2026_Train_0057_S15_20250617_060000_40,0
BC2026_Train_0057_S15_20250617_060000.ogg,00:00:40,00:00:45,47158son07;chvcon1;magant1;whtdov,40,45,BC2026_Train_0057_S15_20250617_060000_45,0
BC2026_Train_0057_S15_20250617_060000.ogg,00:00:45,00:00:50,47158son07;rutjac1;undtin1;whtdov,45,50,BC2026_Train_0057_S15_20250617_060000_50,0
BC2026_Train_0057_S15_20250617_060000.ogg,00:00:50,00:00:55,47158son07;chvcon1;purjay1;undtin1;whtdov,50,55,BC2026_Train_0057_S15_20250617_060000_55,0
BC2026_Train_0057_S15_20250617_060000.ogg,00:00:55,00:01:00,47158son07;chvcon1;undtin1;whtdov,55,60,BC2026_Train_0057_S15_20250617_060000_60,0
BC2026_Train_0004_S08_20250607_070007.ogg,00:00:00,00:00:05,116570;47158son03;47158son18;chacha1,0,5,BC2026_Train_0004_S08_20250607_070007_5,1
BC2026_Train_0004_S08_20250607_070007.ogg,00:00:05,00:00:10,116570;47158son03;47158son17;47158son18;chacha1,5,10,BC2026_Train_0004_S08_20250607_070007_10,1
BC2026_Train_0004_S08_20250607_070007.ogg,00:00:10,00:00:15,47158son03;47158son17;47158son18;chacha1,10,15,BC2026_Train_0004_S08_20250607_070007_15,1
BC2026_Train_0004_S08_20250607_070007.ogg,00:00:15,00:00:20,116570;47158son03;47158son17;47158son18;chacha1,15,20,BC2026_Train_0004_S08_20250607_070007_20,1
BC2026_Train_0004_S08_20250607_070007.ogg,00:00:20,00:00:25,116570;47158son03;47158son17;47158son18;47158son19;chacha1,20,25,BC2026_Train_0004_S08_20250607_070007_25,1
BC2026_Train_0004_S08_20250607_070007.ogg,00:00:25,00:00:30,47158son03;47158son17;47158son18,25,30,BC2026_Train_0004_S08_20250607_070007_30,1
BC2026_Train_0004_S08_20250607_070007.ogg,00:00:30,00:00:35,47158son03;47158son17;47158son18,30,35,BC2026_Train_0004_S08_20250607_070007_35,1
BC2026_Train_0004_S08_20250607_070007.ogg,00:00:35,00:00:40,47158son03;47158son17;47158son18,35,40,BC2026_Train_0004_S08_20250607_070007_40,1
BC2026_Train_0004_S08_20250607_070007.ogg,00:00:40,00:00:45,47158son03;47158son17;47158son18,40,45,BC2026_Train_0004_S08_20250607_070007_45,1
BC2026_Train_0004_S08_20250607_070007.ogg,00:00:45,00:00:50,47158son03;47158son18,45,50,BC2026_Train_0004_S08_20250607_070007_50,1
BC2026_Train_0004_S08_20250607_070007.ogg,00:00:50,00:00:55,47158son03;47158son18,50,55,BC2026_Train_0004_S08_20250607_070007_55,1
BC2026_Train_0004_S08_20250607_070007.ogg,00:00:55,00:01:00,47158son03;47158son17;47158son18,55,60,BC2026_Train_0004_S08_20250607_070007_60,1
BC2026_Train_0049_S22_20220203_221500.ogg,00:00:00,00:00:05,555146;65380;66971,0,5,BC2026_Train_0049_S22_20220203_221500_5,2
BC2026_Train_0049_S22_20220203_221500.ogg,00:00:05,00:00:10,517063;555146;65380;66971,5,10,BC2026_Train_0049_S22_20220203_221500_10,2
BC2026_Train_0049_S22_20220203_221500.ogg,00:00:10,00:00:15,24321;555146;65380;66971,10,15,BC2026_Train_0049_S22_20220203_221500_15,2
BC2026_Train_0049_S22_20220203_221500.ogg,00:00:15,00:00:20,24321;555146;65380;66971,15,20,BC2026_Train_0049_S22_20220203_221500_20,2
BC2026_Train_0049_S22_20220203_221500.ogg,00:00:20,00:00:25,24321;555146;65380;66971,20,25,BC2026_Train_0049_S22_20220203_221500_25,2
BC2026_Train_0049_S22_20220203_221500.ogg,00:00:25,00:00:30,24321;517063;555146;65380;66971,25,30,BC2026_Train_0049_S22_20220203_221500_30,2
BC2026_Train_0049_S22_20220203_221500.ogg,00:00:30,00:00:35,24321;517063;555146;65380;66971,30,35,BC2026_Train_0049_S22_20220203_221500_35,2
BC2026_Train_0049_S22_20220203_221500.ogg,00:00:35,00:00:40,24321;555146;65380;66971,35,40,BC2026_Train_0049_S22_20220203_221500_40,2
BC2026_Train_0049_S22_20220203_221500.ogg,00:00:40,00:00:45,24321;555146;65380;66971,40,45,BC2026_Train_0049_S22_20220203_221500_45,2
BC2026_Train_0049_S22_20220203_221500.ogg,00:00:45,00:00:50,22973;24321;555146;65380;66971,45,50,BC2026_Train_0049_S22_20220203_221500_50,2
BC2026_Train_0049_S22_20220203_221500.ogg,00:00:50,00:00:55,24321;555146;65380;66971,50,55,BC2026_Train_0049_S22_20220203_221500_55,2
BC2026_Train_0049_S22_20220203_221500.ogg,00:00:55,00:01:00,22973;555146;65380;66971,55,60,BC2026_Train_0049_S22_20220203_221500_60,2
BC2026_Train_0015_S18_20211016_011500.ogg,00:00:15,00:00:20,555146,15,20,BC2026_Train_0015_S18_20211016_011500_20,1
BC2026_Train_0015_S18_20211016_011500.ogg,00:00:50,00:00:55,517063,50,55,BC2026_Train_0015_S18_20211016_011500_55,1
BC2026_Train_0015_S18_20211016_011500.ogg,00:00:55,00:01:00,517063,55,60,BC2026_Train_0015_S18_20211016_011500_60,1
BC2026_Train_0056_S22_20220221_214500.ogg,00:00:00,00:00:05,517063;65380,0,5,BC2026_Train_0056_S22_20220221_214500_5,1
BC2026_Train_0056_S22_20220221_214500.ogg,00:00:05,00:00:10,517063;65380,5,10,BC2026_Train_0056_S22_20220221_214500_10,1
BC2026_Train_0056_S22_20220221_214500.ogg,00:00:10,00:00:15,517063;555146;65380,10,15,BC2026_Train_0056_S22_20220221_214500_15,1
BC2026_Train_0056_S22_20220221_214500.ogg,00:00:15,00:00:20,517063;65380;66971,15,20,BC2026_Train_0056_S22_20220221_214500_20,1
BC2026_Train_0056_S22_20220221_214500.ogg,00:00:20,00:00:25,517063;555146;65380;66971,20,25,BC2026_Train_0056_S22_20220221_214500_25,1
BC2026_Train_0056_S22_20220221_214500.ogg,00:00:25,00:00:30,517063;65380;66971,25,30,BC2026_Train_0056_S22_20220221_214500_30,1
BC2026_Train_0056_S22_20220221_214500.ogg,00:00:30,00:00:35,517063;65380;66971,30,35,BC2026_Train_0056_S22_20220221_214500_35,1
BC2026_Train_0056_S22_20220221_214500.ogg,00:00:35,00:00:40,517063;65380;66971,35,40,BC2026_Train_0056_S22_20220221_214500_40,1
BC2026_Train_0056_S22_20220221_214500.ogg,00:00:40,00:00:45,517063;65380;66971,40,45,BC2026_Train_0056_S22_20220221_214500_45,1
BC2026_Train_0056_S22_20220221_214500.ogg,00:00:45,00:00:50,517063;65380,45,50,BC2026_Train_0056_S22_20220221_214500_50,1
BC2026_Train_0056_S22_20220221_214500.ogg,00:00:50,00:00:55,517063;555146;65380,50,55,BC2026_Train_0056_S22_20220221_214500_55,1
BC2026_Train_0056_S22_20220221_214500.ogg,00:00:55,00:01:00,517063;555146;65380,55,60,BC2026_Train_0056_S22_20220221_214500_60,1
BC2026_Train_0044_S22_20220124_023000.ogg,00:00:00,00:00:05,22973;517063;65380,0,5,BC2026_Train_0044_S22_20220124_023000_5,1
BC2026_Train_0044_S22_20220124_023000.ogg,00:00:05,00:00:10,22973;517063;65380,5,10,BC2026_Train_0044_S22_20220124_023000_10,1
BC2026_Train_0044_S22_20220124_023000.ogg,00:00:10,00:00:15,22973;517063;65380,10,15,BC2026_Train_0044_S22_20220124_023000_15,1
BC2026_Train_0044_S22_20220124_023000.ogg,00:00:15,00:00:20,22973;24321;517063;65380,15,20,BC2026_Train_0044_S22_20220124_023000_20,1
BC2026_Train_0044_S22_20220124_023000.ogg,00:00:20,00:00:25,22973;24321;517063;65380,20,25,BC2026_Train_0044_S22_20220124_023000_25,1
BC2026_Train_0044_S22_20220124_023000.ogg,00:00:25,00:00:30,22973;517063;65380,25,30,BC2026_Train_0044_S22_20220124_023000_30,1
BC2026_Train_0044_S22_20220124_023000.ogg,00:00:30,00:00:35,22973;24279;517063;65380,30,35,BC2026_Train_0044_S22_20220124_023000_35,1
BC2026_Train_0044_S22_20220124_023000.ogg,00:00:35,00:00:40,22973;24321;517063;65380,35,40,BC2026_Train_0044_S22_20220124_023000_40,1
BC2026_Train_0044_S22_20220124_023000.ogg,00:00:40,00:00:45,22967;22973;24321;517063;65380,40,45,BC2026_Train_0044_S22_20220124_023000_45,1
BC2026_Train_0044_S22_20220124_023000.ogg,00:00:45,00:00:50,22967;22973;517063;65380,45,50,BC2026_Train_0044_S22_20220124_023000_50,1
BC2026_Train_0044_S22_20220124_023000.ogg,00:00:50,00:00:55,22973;24321;517063;65380,50,55,BC2026_Train_0044_S22_20220124_023000_55,1
BC2026_Train_0044_S22_20220124_023000.ogg,00:00:55,00:01:00,22973;24321;517063;65380,55,60,BC2026_Train_0044_S22_20220124_023000_60,1
BC2026_Train_0007_S09_20250829_000000.ogg,00:00:00,00:00:05,grekis,0,5,BC2026_Train_0007_S09_20250829_000000_5,2
BC2026_Train_0007_S09_20250829_000000.ogg,00:00:05,00:00:10,thlwre1,5,10,BC2026_Train_0007_S09_20250829_000000_10,2
BC2026_Train_0007_S09_20250829_000000.ogg,00:00:10,00:00:15,516975;thlwre1,10,15,BC2026_Train_0007_S09_20250829_000000_15,2
BC2026_Train_0007_S09_20250829_000000.ogg,00:00:15,00:00:20,516975,15,20,BC2026_Train_0007_S09_20250829_000000_20,2
BC2026_Train_0007_S09_20250829_000000.ogg,00:00:35,00:00:40,chacha1,35,40,BC2026_Train_0007_S09_20250829_000000_40,2
BC2026_Train_0007_S09_20250829_000000.ogg,00:00:40,00:00:45,chacha1,40,45,BC2026_Train_0007_S09_20250829_000000_45,2
BC2026_Train_0007_S09_20250829_000000.ogg,00:00:50,00:00:55,plcjay1,50,55,BC2026_Train_0007_S09_20250829_000000_55,2
BC2026_Train_0007_S09_20250829_000000.ogg,00:00:55,00:01:00,grekis,55,60,BC2026_Train_0007_S09_20250829_000000_60,2
BC2026_Train_0018_S22_20211028_234500.ogg,00:00:00,00:00:05,22967;22973;517063;chacha1;trsowl,0,5,BC2026_Train_0018_S22_20211028_234500_5,1
BC2026_Train_0018_S22_20211028_234500.ogg,00:00:05,00:00:10,22967;22973;chacha1;litnig1;trsowl,5,10,BC2026_Train_0018_S22_20211028_234500_10,1
BC2026_Train_0018_S22_20211028_234500.ogg,00:00:10,00:00:15,22967;22973;litnig1,10,15,BC2026_Train_0018_S22_20211028_234500_15,1
BC2026_Train_0018_S22_20211028_234500.ogg,00:00:15,00:00:20,22967;22973;517063;litnig1;trsowl,15,20,BC2026_Train_0018_S22_20211028_234500_20,1
BC2026_Train_0018_S22_20211028_234500.ogg,00:00:20,00:00:25,22967;22973;517063;chacha1;litnig1,20,25,BC2026_Train_0018_S22_20211028_234500_25,1
BC2026_Train_0018_S22_20211028_234500.ogg,00:00:25,00:00:30,22967;22973;517063;litnig1,25,30,BC2026_Train_0018_S22_20211028_234500_30,1
BC2026_Train_0018_S22_20211028_234500.ogg,00:00:30,00:00:35,22967;22973;517063;trsowl,30,35,BC2026_Train_0018_S22_20211028_234500_35,1
BC2026_Train_0018_S22_20211028_234500.ogg,00:00:35,00:00:40,22967;22973;517063;trsowl,35,40,BC2026_Train_0018_S22_20211028_234500_40,1
BC2026_Train_0018_S22_20211028_234500.ogg,00:00:40,00:00:45,22967;22973;litnig1,40,45,BC2026_Train_0018_S22_20211028_234500_45,1
BC2026_Train_0018_S22_20211028_234500.ogg,00:00:45,00:00:50,22967;22973;trsowl,45,50,BC2026_Train_0018_S22_20211028_234500_50,1
BC2026_Train_0018_S22_20211028_234500.ogg,00:00:50,00:00:55,22967;22973;litnig1;trsowl,50,55,BC2026_Train_0018_S22_20211028_234500_55,1
BC2026_Train_0018_S22_20211028_234500.ogg,00:00:55,00:01:00,22967;22973;517063;litnig1,55,60,BC2026_Train_0018_S22_20211028_234500_60,1
BC2026_Train_0003_S08_20250607_070007.ogg,00:00:00,00:00:05,47158son08;47158son11;47158son17;47158son20;47158son25;chacha1,0,5,BC2026_Train_0003_S08_20250607_070007_5,1
BC2026_Train_0003_S08_20250607_070007.ogg,00:00:05,00:00:10,47158son08;47158son11;47158son17;47158son20;47158son25;chacha1,5,10,BC2026_Train_0003_S08_20250607_070007_10,1
BC2026_Train_0003_S08_20250607_070007.ogg,00:00:10,00:00:15,47158son08;47158son11;47158son17;47158son19;47158son20;47158son25;chacha1,10,15,BC2026_Train_0003_S08_20250607_070007_15,1
BC2026_Train_0003_S08_20250607_070007.ogg,00:00:15,00:00:20,47158son08;47158son11;47158son17;47158son19;47158son20;47158son25;chacha1,15,20,BC2026_Train_0003_S08_20250607_070007_20,1
BC2026_Train_0003_S08_20250607_070007.ogg,00:00:20,00:00:25,116570;47158son08;47158son11;47158son17;47158son20;47158son25,20,25,BC2026_Train_0003_S08_20250607_070007_25,1
BC2026_Train_0003_S08_20250607_070007.ogg,00:00:25,00:00:30,47158son08;47158son11;47158son17;47158son20;47158son25,25,30,BC2026_Train_0003_S08_20250607_070007_30,1
BC2026_Train_0003_S08_20250607_070007.ogg,00:00:30,00:00:35,47158son08;47158son11;47158son17;47158son20;47158son25;chacha1,30,35,BC2026_Train_0003_S08_20250607_070007_35,1
BC2026_Train_0003_S08_20250607_070007.ogg,00:00:35,00:00:40,47158son08;47158son11;47158son17;47158son19;47158son20;47158son25;chacha1,35,40,BC2026_Train_0003_S08_20250607_070007_40,1
BC2026_Train_0003_S08_20250607_070007.ogg,00:00:40,00:00:45,47158son08;47158son11;47158son17;47158son20;47158son25;chacha1,40,45,BC2026_Train_0003_S08_20250607_070007_45,1
BC2026_Train_0003_S08_20250607_070007.ogg,00:00:45,00:00:50,47158son08;47158son11;47158son17;47158son20;47158son25;chacha1,45,50,BC2026_Train_0003_S08_20250607_070007_50,1
BC2026_Train_0003_S08_20250607_070007.ogg,00:00:50,00:00:55,47158son08;47158son11;47158son17;47158son20;47158son25;chacha1,50,55,BC2026_Train_0003_S08_20250607_070007_55,1
BC2026_Train_0003_S08_20250607_070007.ogg,00:00:55,00:01:00,47158son08;47158son11;47158son17;47158son19;47158son20;47158son25;chacha1,55,60,BC2026_Train_0003_S08_20250607_070007_60,1
BC2026_Train_0033_S22_20211216_200000.ogg,00:00:00,00:00:05,23158;24321;555146;65380,0,5,BC2026_Train_0033_S22_20211216_200000_5,0
BC2026_Train_0033_S22_20211216_200000.ogg,00:00:05,00:00:10,23158;24321;555146;65380,5,10,BC2026_Train_0033_S22_20211216_200000_10,0
BC2026_Train_0033_S22_20211216_200000.ogg,00:00:10,00:00:15,23158;24321;65380,10,15,BC2026_Train_0033_S22_20211216_200000_15,0
BC2026_Train_0033_S22_20211216_200000.ogg,00:00:15,00:00:20,23158;24321;555146;65380,15,20,BC2026_Train_0033_S22_20211216_200000_20,0
BC2026_Train_0033_S22_20211216_200000.ogg,00:00:20,00:00:25,23158;24321;65380,20,25,BC2026_Train_0033_S22_20211216_200000_25,0
BC2026_Train_0033_S22_20211216_200000.ogg,00:00:25,00:00:30,23158;24321;555146;65380,25,30,BC2026_Train_0033_S22_20211216_200000_30,0
BC2026_Train_0033_S22_20211216_200000.ogg,00:00:30,00:00:35,23158;24321;555146;65380,30,35,BC2026_Train_0033_S22_20211216_200000_35,0
BC2026_Train_0033_S22_20211216_200000.ogg,00:00:35,00:00:40,23158;24321;65380,35,40,BC2026_Train_0033_S22_20211216_200000_40,0
BC2026_Train_0033_S22_20211216_200000.ogg,00:00:40,00:00:45,23158;24321;65380,40,45,BC2026_Train_0033_S22_20211216_200000_45,0
BC2026_Train_0033_S22_20211216_200000.ogg,00:00:45,00:00:50,23158;24321;65380,45,50,BC2026_Train_0033_S22_20211216_200000_50,0
BC2026_Train_0033_S22_20211216_200000.ogg,00:00:50,00:00:55,23158;24321;517063;65380,50,55,BC2026_Train_0033_S22_20211216_200000_55,0
BC2026_Train_0033_S22_20211216_200000.ogg,00:00:55,00:01:00,23158;24321;517063;555146;65380,55,60,BC2026_Train_0033_S22_20211216_200000_60,0
BC2026_Train_0028_S22_20211129_190000.ogg,00:00:00,00:00:05,1491113;22967;22973;23158,0,5,BC2026_Train_0028_S22_20211129_190000_5,2
BC2026_Train_0028_S22_20211129_190000.ogg,00:00:05,00:00:10,1491113;22967;22973;23158,5,10,BC2026_Train_0028_S22_20211129_190000_10,2
BC2026_Train_0028_S22_20211129_190000.ogg,00:00:10,00:00:15,1491113;22967;22973;23158,10,15,BC2026_Train_0028_S22_20211129_190000_15,2
BC2026_Train_0028_S22_20211129_190000.ogg,00:00:15,00:00:20,1491113;22967;22973;23158,15,20,BC2026_Train_0028_S22_20211129_190000_20,2
BC2026_Train_0028_S22_20211129_190000.ogg,00:00:20,00:00:25,1491113;22967;22973;23158,20,25,BC2026_Train_0028_S22_20211129_190000_25,2
BC2026_Train_0028_S22_20211129_190000.ogg,00:00:25,00:00:30,1491113;22967;22973;23158,25,30,BC2026_Train_0028_S22_20211129_190000_30,2
BC2026_Train_0028_S22_20211129_190000.ogg,00:00:30,00:00:35,1491113;22967;22973;23158,30,35,BC2026_Train_0028_S22_20211129_190000_35,2
BC2026_Train_0028_S22_20211129_190000.ogg,00:00:35,00:00:40,1491113;22967;22973;23158,35,40,BC2026_Train_0028_S22_20211129_190000_40,2
BC2026_Train_0028_S22_20211129_190000.ogg,00:00:40,00:00:45,1491113;22967;22973;23158,40,45,BC2026_Train_0028_S22_20211129_190000_45,2
BC2026_Train_0028_S22_20211129_190000.ogg,00:00:45,00:00:50,1491113;22967;22973;23158,45,50,BC2026_Train_0028_S22_20211129_190000_50,2
BC2026_Train_0028_S22_20211129_190000.ogg,00:00:50,00:00:55,1491113;22967;22973;23158,50,55,BC2026_Train_0028_S22_20211129_190000_55,2
BC2026_Train_0028_S22_20211129_190000.ogg,00:00:55,00:01:00,1491113;22967;22973;23158,55,60,BC2026_Train_0028_S22_20211129_190000_60,2
BC2026_Train_0001_S08_20250606_030007.ogg,00:00:00,00:00:05,47158son13;47158son17;47158son22;47158son23;47158son25,0,5,BC2026_Train_0001_S08_20250606_030007_5,2
BC2026_Train_0001_S08_20250606_030007.ogg,00:00:05,00:00:10,47158son13;47158son17;47158son21;47158son22;47158son23;47158son25,5,10,BC2026_Train_0001_S08_20250606_030007_10,2
BC2026_Train_0001_S08_20250606_030007.ogg,00:00:10,00:00:15,47158son13;47158son17;47158son21;47158son22;47158son23;47158son25,10,15,BC2026_Train_0001_S08_20250606_030007_15,2
BC2026_Train_0001_S08_20250606_030007.ogg,00:00:15,00:00:20,47158son13;47158son17;47158son21;47158son22;47158son23;47158son25,15,20,BC2026_Train_0001_S08_20250606_030007_20,2
BC2026_Train_0001_S08_20250606_030007.ogg,00:00:20,00:00:25,47158son10;47158son13;47158son17;47158son21;47158son22;47158son23;47158son25,20,25,BC2026_Train_0001_S08_20250606_030007_25,2
BC2026_Train_0001_S08_20250606_030007.ogg,00:00:25,00:00:30,47158son10;47158son13;47158son17;47158son21;47158son22;47158son23;47158son25,25,30,BC2026_Train_0001_S08_20250606_030007_30,2
BC2026_Train_0001_S08_20250606_030007.ogg,00:00:30,00:00:35,47158son10;47158son13;47158son17;47158son21;47158son22;47158son23;47158son25,30,35,BC2026_Train_0001_S08_20250606_030007_35,2
BC2026_Train_0001_S08_20250606_030007.ogg,00:00:35,00:00:40,47158son10;47158son13;47158son17;47158son21;47158son22;47158son23;47158son25,35,40,BC2026_Train_0001_S08_20250606_030007_40,2
BC2026_Train_0001_S08_20250606_030007.ogg,00:00:40,00:00:45,47158son10;47158son13;47158son17;47158son21;47158son22;47158son23;47158son25,40,45,BC2026_Train_0001_S08_20250606_030007_45,2
BC2026_Train_0001_S08_20250606_030007.ogg,00:00:45,00:00:50,47158son10;47158son13;47158son17;47158son21;47158son22;47158son23;47158son25,45,50,BC2026_Train_0001_S08_20250606_030007_50,2
BC2026_Train_0001_S08_20250606_030007.ogg,00:00:50,00:00:55,116570;47158son10;47158son13;47158son17;47158son21;47158son22;47158son23;47158son25,50,55,BC2026_Train_0001_S08_20250606_030007_55,2
BC2026_Train_0001_S08_20250606_030007.ogg,00:00:55,00:01:00,116570;47158son05;47158son10;47158son13;47158son17;47158son21;47158son22;47158son23;47158son25,55,60,BC2026_Train_0001_S08_20250606_030007_60,2
BC2026_Train_0025_S22_20211127_024500.ogg,00:00:00,00:00:05,22967;22973;517063;65380;redjun,0,5,BC2026_Train_0025_S22_20211127_024500_5,1
BC2026_Train_0025_S22_20211127_024500.ogg,00:00:05,00:00:10,22967;517063;65380,5,10,BC2026_Train_0025_S22_20211127_024500_10,1
BC2026_Train_0025_S22_20211127_024500.ogg,00:00:10,00:00:15,22967;517063;65380;redjun,10,15,BC2026_Train_0025_S22_20211127_024500_15,1
BC2026_Train_0025_S22_20211127_024500.ogg,00:00:15,00:00:20,22967;22973;517063;65380;redjun;undtin1,15,20,BC2026_Train_0025_S22_20211127_024500_20,1
BC2026_Train_0025_S22_20211127_024500.ogg,00:00:20,00:00:25,22967;517063;65380;redjun;undtin1,20,25,BC2026_Train_0025_S22_20211127_024500_25,1
BC2026_Train_0025_S22_20211127_024500.ogg,00:00:25,00:00:30,22967;517063;65380,25,30,BC2026_Train_0025_S22_20211127_024500_30,1
BC2026_Train_0025_S22_20211127_024500.ogg,00:00:30,00:00:35,22967;22973;517063;65380,30,35,BC2026_Train_0025_S22_20211127_024500_35,1
BC2026_Train_0025_S22_20211127_024500.ogg,00:00:35,00:00:40,22967;22973;517063;65380;undtin1,35,40,BC2026_Train_0025_S22_20211127_024500_40,1
BC2026_Train_0025_S22_20211127_024500.ogg,00:00:40,00:00:45,22967;22973;517063;65380;redjun,40,45,BC2026_Train_0025_S22_20211127_024500_45,1
BC2026_Train_0025_S22_20211127_024500.ogg,00:00:45,00:00:50,22967;22973;517063;65380,45,50,BC2026_Train_0025_S22_20211127_024500_50,1
BC2026_Train_0025_S22_20211127_024500.ogg,00:00:50,00:00:55,22967;22973;517063;65380;redjun;undtin1,50,55,BC2026_Train_0025_S22_20211127_024500_55,1
BC2026_Train_0025_S22_20211127_024500.ogg,00:00:55,00:01:00,22967;22973;517063;65380,55,60,BC2026_Train_0025_S22_20211127_024500_60,1
BC2026_Train_0035_S22_20211223_213000.ogg,00:00:00,00:00:05,23158;24279;24321;65380,0,5,BC2026_Train_0035_S22_20211223_213000_5,1
BC2026_Train_0035_S22_20211223_213000.ogg,00:00:05,00:00:10,23158;24279;24321;65380,5,10,BC2026_Train_0035_S22_20211223_213000_10,1
BC2026_Train_0035_S22_20211223_213000.ogg,00:00:10,00:00:15,23158;24279;24321;65380;66971,10,15,BC2026_Train_0035_S22_20211223_213000_15,1
BC2026_Train_0035_S22_20211223_213000.ogg,00:00:15,00:00:20,23158;24279;24321;65380;66971,15,20,BC2026_Train_0035_S22_20211223_213000_20,1
BC2026_Train_0035_S22_20211223_213000.ogg,00:00:20,00:00:25,23158;24279;24321;65380;66971,20,25,BC2026_Train_0035_S22_20211223_213000_25,1
BC2026_Train_0035_S22_20211223_213000.ogg,00:00:25,00:00:30,23158;24279;24321;65380;66971,25,30,BC2026_Train_0035_S22_20211223_213000_30,1
BC2026_Train_0035_S22_20211223_213000.ogg,00:00:30,00:00:35,23158;24279;24321;65380;66971,30,35,BC2026_Train_0035_S22_20211223_213000_35,1
BC2026_Train_0035_S22_20211223_213000.ogg,00:00:35,00:00:40,23158;24279;24321;65380;66971,35,40,BC2026_Train_0035_S22_20211223_213000_40,1
BC2026_Train_0035_S22_20211223_213000.ogg,00:00:40,00:00:45,23158;24279;24321;65380;66971,40,45,BC2026_Train_0035_S22_20211223_213000_45,1
BC2026_Train_0035_S22_20211223_213000.ogg,00:00:45,00:00:50,23158;24279;24321;65380;66971,45,50,BC2026_Train_0035_S22_20211223_213000_50,1
BC2026_Train_0035_S22_20211223_213000.ogg,00:00:50,00:00:55,23158;24279;24321;65380;66971,50,55,BC2026_Train_0035_S22_20211223_213000_55,1
BC2026_Train_0035_S22_20211223_213000.ogg,00:00:55,00:01:00,23158;24279;24321;65380;66971,55,60,BC2026_Train_0035_S22_20211223_213000_60,1
BC2026_Train_0034_S22_20211222_013000.ogg,00:00:00,00:00:05,23158;24279;24321;25092;517063;65380,0,5,BC2026_Train_0034_S22_20211222_013000_5,2
BC2026_Train_0034_S22_20211222_013000.ogg,00:00:05,00:00:10,23158;24279;25092;517063;65380,5,10,BC2026_Train_0034_S22_20211222_013000_10,2
BC2026_Train_0034_S22_20211222_013000.ogg,00:00:10,00:00:15,23158;24279;25092;517063;65380,10,15,BC2026_Train_0034_S22_20211222_013000_15,2
BC2026_Train_0034_S22_20211222_013000.ogg,00:00:15,00:00:20,23158;24279;517063;65380;66971,15,20,BC2026_Train_0034_S22_20211222_013000_20,2
BC2026_Train_0034_S22_20211222_013000.ogg,00:00:20,00:00:25,23158;24279;517063;65380;66971,20,25,BC2026_Train_0034_S22_20211222_013000_25,2
BC2026_Train_0034_S22_20211222_013000.ogg,00:00:25,00:00:30,23158;24279;25092;517063;65380,25,30,BC2026_Train_0034_S22_20211222_013000_30,2
BC2026_Train_0034_S22_20211222_013000.ogg,00:00:30,00:00:35,23158;24279;25092;517063;65380,30,35,BC2026_Train_0034_S22_20211222_013000_35,2
BC2026_Train_0034_S22_20211222_013000.ogg,00:00:35,00:00:40,23158;24279;25092;517063,35,40,BC2026_Train_0034_S22_20211222_013000_40,2
BC2026_Train_0034_S22_20211222_013000.ogg,00:00:40,00:00:45,23158;24279;25092;517063,40,45,BC2026_Train_0034_S22_20211222_013000_45,2
BC2026_Train_0034_S22_20211222_013000.ogg,00:00:45,00:00:50,23158;24279;24321;25092;517063,45,50,BC2026_Train_0034_S22_20211222_013000_50,2
BC2026_Train_0034_S22_20211222_013000.ogg,00:00:50,00:00:55,23158;24279;24321;25092;517063,50,55,BC2026_Train_0034_S22_20211222_013000_55,2
BC2026_Train_0034_S22_20211222_013000.ogg,00:00:55,00:01:00,23158;24279;24321;25092;517063,55,60,BC2026_Train_0034_S22_20211222_013000_60,2
BC2026_Train_0040_S22_20220101_014500.ogg,00:00:00,00:00:05,22961;23158;24279;517063;555146;65380,0,5,BC2026_Train_0040_S22_20220101_014500_5,2
BC2026_Train_0040_S22_20220101_014500.ogg,00:00:05,00:00:10,22961;23158;24279;517063;555146;65380,5,10,BC2026_Train_0040_S22_20220101_014500_10,2
BC2026_Train_0040_S22_20220101_014500.ogg,00:00:10,00:00:15,22961;23158;24279;517063;555146;65380,10,15,BC2026_Train_0040_S22_20220101_014500_15,2
BC2026_Train_0040_S22_20220101_014500.ogg,00:00:15,00:00:20,22961;23158;24279;517063;555146;65380,15,20,BC2026_Train_0040_S22_20220101_014500_20,2
BC2026_Train_0040_S22_20220101_014500.ogg,00:00:20,00:00:25,22961;23158;24279;517063;555146;65380,20,25,BC2026_Train_0040_S22_20220101_014500_25,2
BC2026_Train_0040_S22_20220101_014500.ogg,00:00:25,00:00:30,22961;23158;24279;517063;555146;65380,25,30,BC2026_Train_0040_S22_20220101_014500_30,2
BC2026_Train_0040_S22_20220101_014500.ogg,00:00:30,00:00:35,22961;23158;24279;517063;555146;65380,30,35,BC2026_Train_0040_S22_20220101_014500_35,2
BC2026_Train_0040_S22_20220101_014500.ogg,00:00:35,00:00:40,22961;23158;24279;517063;555146;65380,35,40,BC2026_Train_0040_S22_20220101_014500_40,2
BC2026_Train_0040_S22_20220101_014500.ogg,00:00:40,00:00:45,22961;23158;24279;517063;555146;65380,40,45,BC2026_Train_0040_S22_20220101_014500_45,2
BC2026_Train_0040_S22_20220101_014500.ogg,00:00:45,00:00:50,22961;23158;24279;517063;555146;65380,45,50,BC2026_Train_0040_S22_20220101_014500_50,2
BC2026_Train_0040_S22_20220101_014500.ogg,00:00:50,00:00:55,22961;23158;24279;517063;555146;65380,50,55,BC2026_Train_0040_S22_20220101_014500_55,2
BC2026_Train_0040_S22_20220101_014500.ogg,00:00:55,00:01:00,22961;23158;24279;517063;555146;65380,55,60,BC2026_Train_0040_S22_20220101_014500_60,2
BC2026_Train_0052_S22_20220210_210000.ogg,00:00:00,00:00:05,24321;555146;65380,0,5,BC2026_Train_0052_S22_20220210_210000_5,2
BC2026_Train_0052_S22_20220210_210000.ogg,00:00:05,00:00:10,24279;24321;555146;65380,5,10,BC2026_Train_0052_S22_20220210_210000_10,2
BC2026_Train_0052_S22_20220210_210000.ogg,00:00:10,00:00:15,24279;24321;517063;555146;65380,10,15,BC2026_Train_0052_S22_20220210_210000_15,2
BC2026_Train_0052_S22_20220210_210000.ogg,00:00:15,00:00:20,24279;24321;555146;65380,15,20,BC2026_Train_0052_S22_20220210_210000_20,2
BC2026_Train_0052_S22_20220210_210000.ogg,00:00:20,00:00:25,24279;24321;555146;65380;66971,20,25,BC2026_Train_0052_S22_20220210_210000_25,2
BC2026_Train_0052_S22_20220210_210000.ogg,00:00:25,00:00:30,24279;24321;555146;65380;66971,25,30,BC2026_Train_0052_S22_20220210_210000_30,2
BC2026_Train_0052_S22_20220210_210000.ogg,00:00:30,00:00:35,24279;24321;555146;65380;66971,30,35,BC2026_Train_0052_S22_20220210_210000_35,2
BC2026_Train_0052_S22_20220210_210000.ogg,00:00:35,00:00:40,24279;24321;555146;65380;66971,35,40,BC2026_Train_0052_S22_20220210_210000_40,2
BC2026_Train_0052_S22_20220210_210000.ogg,00:00:40,00:00:45,24279;24321;555146;65380;66971,40,45,BC2026_Train_0052_S22_20220210_210000_45,2
BC2026_Train_0052_S22_20220210_210000.ogg,00:00:45,00:00:50,24279;24321;555146;65380;66971,45,50,BC2026_Train_0052_S22_20220210_210000_50,2
BC2026_Train_0052_S22_20220210_210000.ogg,00:00:50,00:00:55,24279;24321;555146;65380;66971,50,55,BC2026_Train_0052_S22_20220210_210000_55,2
BC2026_Train_0052_S22_20220210_210000.ogg,00:00:55,00:01:00,24279;24321;555146;65380;66971,55,60,BC2026_Train_0052_S22_20220210_210000_60,2
BC2026_Train_0059_S15_20250617_060200.ogg,00:00:00,00:00:05,47158son07;bufpar;chacha1;chvcon1;whtdov,0,5,BC2026_Train_0059_S15_20250617_060200_5,1
BC2026_Train_0059_S15_20250617_060200.ogg,00:00:05,00:00:10,47158son07;bufpar;chacha1;chvcon1;whtdov,5,10,BC2026_Train_0059_S15_20250617_060200_10,1
BC2026_Train_0059_S15_20250617_060200.ogg,00:00:10,00:00:15,47158son07;chacha1;chvcon1;orwpar;whtdov,10,15,BC2026_Train_0059_S15_20250617_060200_15,1
BC2026_Train_0059_S15_20250617_060200.ogg,00:00:15,00:00:20,47158son07;chacha1;chvcon1;whtdov,15,20,BC2026_Train_0059_S15_20250617_060200_20,1
BC2026_Train_0059_S15_20250617_060200.ogg,00:00:20,00:00:25,47158son07;chacha1;chvcon1;whtdov,20,25,BC2026_Train_0059_S15_20250617_060200_25,1
BC2026_Train_0059_S15_20250617_060200.ogg,00:00:25,00:00:30,47158son07;chacha1;chvcon1;whtdov,25,30,BC2026_Train_0059_S15_20250617_060200_30,1
BC2026_Train_0059_S15_20250617_060200.ogg,00:00:30,00:00:35,47158son07;chacha1;chvcon1;whtdov,30,35,BC2026_Train_0059_S15_20250617_060200_35,1
BC2026_Train_0059_S15_20250617_060200.ogg,00:00:35,00:00:40,47158son07;chacha1;chvcon1;purjay1;whtdov,35,40,BC2026_Train_0059_S15_20250617_060200_40,1
BC2026_Train_0059_S15_20250617_060200.ogg,00:00:40,00:00:45,47158son07;chacha1;chvcon1;purjay1;undtin1;whtdov,40,45,BC2026_Train_0059_S15_20250617_060200_45,1
BC2026_Train_0059_S15_20250617_060200.ogg,00:00:45,00:00:50,47158son07;chacha1;chvcon1;whtdov,45,50,BC2026_Train_0059_S15_20250617_060200_50,1
BC2026_Train_0059_S15_20250617_060200.ogg,00:00:50,00:00:55,47158son07;chacha1;chvcon1;purjay1;whtdov,50,55,BC2026_Train_0059_S15_20250617_060200_55,1
BC2026_Train_0059_S15_20250617_060200.ogg,00:00:55,00:01:00,47158son07;chacha1;chvcon1;purjay1;whtdov,55,60,BC2026_Train_0059_S15_20250617_060200_60,1
BC2026_Train_0042_S22_20220106_210000.ogg,00:00:00,00:00:05,23158;24279;24321;555146;65380;66971,0,5,BC2026_Train_0042_S22_20220106_210000_5,0
BC2026_Train_0042_S22_20220106_210000.ogg,00:00:05,00:00:10,23158;24279;24321;555146;65380;66971,5,10,BC2026_Train_0042_S22_20220106_210000_10,0
BC2026_Train_0042_S22_20220106_210000.ogg,00:00:10,00:00:15,23158;24279;24321;555146;65380;66971,10,15,BC2026_Train_0042_S22_20220106_210000_15,0
BC2026_Train_0042_S22_20220106_210000.ogg,00:00:15,00:00:20,23158;24279;24321;555146;65380;66971,15,20,BC2026_Train_0042_S22_20220106_210000_20,0
BC2026_Train_0042_S22_20220106_210000.ogg,00:00:20,00:00:25,23158;24279;24321;555146;65380;66971,20,25,BC2026_Train_0042_S22_20220106_210000_25,0
BC2026_Train_0042_S22_20220106_210000.ogg,00:00:25,00:00:30,23158;24279;24321;555146;65380;66971,25,30,BC2026_Train_0042_S22_20220106_210000_30,0
BC2026_Train_0042_S22_20220106_210000.ogg,00:00:30,00:00:35,23158;24279;24321;555146;65380;66971,30,35,BC2026_Train_0042_S22_20220106_210000_35,0
BC2026_Train_0042_S22_20220106_210000.ogg,00:00:35,00:00:40,23158;24279;24321;555146;65380;66971,35,40,BC2026_Train_0042_S22_20220106_210000_40,0
BC2026_Train_0042_S22_20220106_210000.ogg,00:00:40,00:00:45,23158;24279;24321;555146;65380;66971,40,45,BC2026_Train_0042_S22_20220106_210000_45,0
BC2026_Train_0042_S22_20220106_210000.ogg,00:00:45,00:00:50,23158;24279;24321;555146;65380;66971,45,50,BC2026_Train_0042_S22_20220106_210000_50,0
BC2026_Train_0042_S22_20220106_210000.ogg,00:00:50,00:00:55,23158;24279;24321;555146;65380;66971,50,55,BC2026_Train_0042_S22_20220106_210000_55,0
BC2026_Train_0042_S22_20220106_210000.ogg,00:00:55,00:01:00,23158;24279;24321;555146;65380;66971,55,60,BC2026_Train_0042_S22_20220106_210000_60,0
BC2026_Train_0024_S22_20211123_004500.ogg,00:00:00,00:00:05,22967;47144;undtin1,0,5,BC2026_Train_0024_S22_20211123_004500_5,2
BC2026_Train_0024_S22_20211123_004500.ogg,00:00:05,00:00:10,22967;47144;undtin1,5,10,BC2026_Train_0024_S22_20211123_004500_10,2
BC2026_Train_0024_S22_20211123_004500.ogg,00:00:10,00:00:15,22967;47144;compau;undtin1,10,15,BC2026_Train_0024_S22_20211123_004500_15,2
BC2026_Train_0024_S22_20211123_004500.ogg,00:00:15,00:00:20,22967;compau,15,20,BC2026_Train_0024_S22_20211123_004500_20,2
BC2026_Train_0024_S22_20211123_004500.ogg,00:00:20,00:00:25,22967;compau;undtin1,20,25,BC2026_Train_0024_S22_20211123_004500_25,2
BC2026_Train_0024_S22_20211123_004500.ogg,00:00:25,00:00:30,47144;compau;compot1;undtin1,25,30,BC2026_Train_0024_S22_20211123_004500_30,2
BC2026_Train_0024_S22_20211123_004500.ogg,00:00:30,00:00:35,22967;24279;47144;compau;compot1,30,35,BC2026_Train_0024_S22_20211123_004500_35,2
BC2026_Train_0024_S22_20211123_004500.ogg,00:00:35,00:00:40,1491113;22967;compau,35,40,BC2026_Train_0024_S22_20211123_004500_40,2
BC2026_Train_0024_S22_20211123_004500.ogg,00:00:40,00:00:45,1491113;24279;47144;compau;undtin1,40,45,BC2026_Train_0024_S22_20211123_004500_45,2
BC2026_Train_0024_S22_20211123_004500.ogg,00:00:45,00:00:50,1491113;22967;24279;517063,45,50,BC2026_Train_0024_S22_20211123_004500_50,2
BC2026_Train_0024_S22_20211123_004500.ogg,00:00:50,00:00:55,1491113;22967;47144;compau,50,55,BC2026_Train_0024_S22_20211123_004500_55,2
BC2026_Train_0024_S22_20211123_004500.ogg,00:00:55,00:01:00,1491113;22967;47144;517063;compot1,55,60,BC2026_Train_0024_S22_20211123_004500_60,2
BC2026_Train_0029_S22_20211211_023000.ogg,00:00:00,00:00:05,517063;litnig1;undtin1,0,5,BC2026_Train_0029_S22_20211211_023000_5,1
BC2026_Train_0029_S22_20211211_023000.ogg,00:00:05,00:00:10,517063;trsowl;undtin1,5,10,BC2026_Train_0029_S22_20211211_023000_10,1
BC2026_Train_0029_S22_20211211_023000.ogg,00:00:10,00:00:15,517063;litnig1,10,15,BC2026_Train_0029_S22_20211211_023000_15,1
BC2026_Train_0029_S22_20211211_023000.ogg,00:00:15,00:00:20,517063;undtin1,15,20,BC2026_Train_0029_S22_20211211_023000_20,1
BC2026_Train_0029_S22_20211211_023000.ogg,00:00:20,00:00:25,517063,20,25,BC2026_Train_0029_S22_20211211_023000_25,1
BC2026_Train_0029_S22_20211211_023000.ogg,00:00:25,00:00:30,517063,25,30,BC2026_Train_0029_S22_20211211_023000_30,1
BC2026_Train_0029_S22_20211211_023000.ogg,00:00:30,00:00:35,517063;trsowl;undtin1,30,35,BC2026_Train_0029_S22_20211211_023000_35,1
BC2026_Train_0029_S22_20211211_023000.ogg,00:00:35,00:00:40,517063,35,40,BC2026_Train_0029_S22_20211211_023000_40,1
BC2026_Train_0029_S22_20211211_023000.ogg,00:00:40,00:00:45,517063;litnig1,40,45,BC2026_Train_0029_S22_20211211_023000_45,1
BC2026_Train_0029_S22_20211211_023000.ogg,00:00:45,00:00:50,litnig1,45,50,BC2026_Train_0029_S22_20211211_023000_50,1
BC2026_Train_0029_S22_20211211_023000.ogg,00:00:50,00:00:55,517063;litnig1;undtin1,50,55,BC2026_Train_0029_S22_20211211_023000_55,1
BC2026_Train_0029_S22_20211211_023000.ogg,00:00:55,00:01:00,517063;litnig1,55,60,BC2026_Train_0029_S22_20211211_023000_60,1
BC2026_Train_0021_S22_20211106_023000.ogg,00:00:00,00:00:05,22973,0,5,BC2026_Train_0021_S22_20211106_023000_5,0
BC2026_Train_0021_S22_20211106_023000.ogg,00:00:05,00:00:10,22973,5,10,BC2026_Train_0021_S22_20211106_023000_10,0
BC2026_Train_0021_S22_20211106_023000.ogg,00:00:10,00:00:15,22973;517063,10,15,BC2026_Train_0021_S22_20211106_023000_15,0
BC2026_Train_0021_S22_20211106_023000.ogg,00:00:15,00:00:20,22973,15,20,BC2026_Train_0021_S22_20211106_023000_20,0
BC2026_Train_0021_S22_20211106_023000.ogg,00:00:20,00:00:25,22973,20,25,BC2026_Train_0021_S22_20211106_023000_25,0
BC2026_Train_0021_S22_20211106_023000.ogg,00:00:25,00:00:30,22973,25,30,BC2026_Train_0021_S22_20211106_023000_30,0
BC2026_Train_0021_S22_20211106_023000.ogg,00:00:30,00:00:35,22973;517063,30,35,BC2026_Train_0021_S22_20211106_023000_35,0
BC2026_Train_0021_S22_20211106_023000.ogg,00:00:35,00:00:40,22973;517063,35,40,BC2026_Train_0021_S22_20211106_023000_40,0
BC2026_Train_0021_S22_20211106_023000.ogg,00:00:40,00:00:45,22973;517063,40,45,BC2026_Train_0021_S22_20211106_023000_45,0
BC2026_Train_0021_S22_20211106_023000.ogg,00:00:45,00:00:50,22973;517063,45,50,BC2026_Train_0021_S22_20211106_023000_50,0
BC2026_Train_0021_S22_20211106_023000.ogg,00:00:50,00:00:55,22973,50,55,BC2026_Train_0021_S22_20211106_023000_55,0
BC2026_Train_0021_S22_20211106_023000.ogg,00:00:55,00:01:00,22973;517063,55,60,BC2026_Train_0021_S22_20211106_023000_60,0
BC2026_Train_0008_S09_20250831_000000.ogg,00:00:10,00:00:15,516975,10,15,BC2026_Train_0008_S09_20250831_000000_15,0
BC2026_Train_0008_S09_20250831_000000.ogg,00:00:15,00:00:20,516975,15,20,BC2026_Train_0008_S09_20250831_000000_20,0
BC2026_Train_0008_S09_20250831_000000.ogg,00:00:20,00:00:25,516975,20,25,BC2026_Train_0008_S09_20250831_000000_25,0
BC2026_Train_0008_S09_20250831_000000.ogg,00:00:40,00:00:45,516975,40,45,BC2026_Train_0008_S09_20250831_000000_45,0
BC2026_Train_0008_S09_20250831_000000.ogg,00:00:45,00:00:50,516975,45,50,BC2026_Train_0008_S09_20250831_000000_50,0
BC2026_Train_0009_S09_20250828_000000.ogg,00:00:00,00:00:05,516975,0,5,BC2026_Train_0009_S09_20250828_000000_5,0
BC2026_Train_0009_S09_20250828_000000.ogg,00:00:25,00:00:30,516975,25,30,BC2026_Train_0009_S09_20250828_000000_30,0
BC2026_Train_0017_S22_20211026_233000.ogg,00:00:00,00:00:05,22967;22973;47144;517063;555146;compau;litnig1;nacnig1,0,5,BC2026_Train_0017_S22_20211026_233000_5,0
BC2026_Train_0017_S22_20211026_233000.ogg,00:00:05,00:00:10,22967;22973;47144;517063;555146;compau;litnig1;nacnig1,5,10,BC2026_Train_0017_S22_20211026_233000_10,0
BC2026_Train_0017_S22_20211026_233000.ogg,00:00:10,00:00:15,22967;22973;47144;litnig1;nacnig1,10,15,BC2026_Train_0017_S22_20211026_233000_15,0
BC2026_Train_0017_S22_20211026_233000.ogg,00:00:15,00:00:20,22967;22973;47144;compau;litnig1;nacnig1,15,20,BC2026_Train_0017_S22_20211026_233000_20,0
BC2026_Train_0017_S22_20211026_233000.ogg,00:00:20,00:00:25,22967;22973;47144;74113;compau;litnig1,20,25,BC2026_Train_0017_S22_20211026_233000_25,0
BC2026_Train_0017_S22_20211026_233000.ogg,00:00:25,00:00:30,22967;22973;compau;litnig1;nacnig1,25,30,BC2026_Train_0017_S22_20211026_233000_30,0
BC2026_Train_0017_S22_20211026_233000.ogg,00:00:30,00:00:35,22967;22973;compau;litnig1;nacnig1,30,35,BC2026_Train_0017_S22_20211026_233000_35,0
BC2026_Train_0017_S22_20211026_233000.ogg,00:00:35,00:00:40,22967;22973;compau;litnig1;nacnig1,35,40,BC2026_Train_0017_S22_20211026_233000_40,0
BC2026_Train_0017_S22_20211026_233000.ogg,00:00:40,00:00:45,22967;22973;555146;compau;litnig1;nacnig1,40,45,BC2026_Train_0017_S22_20211026_233000_45,0
BC2026_Train_0017_S22_20211026_233000.ogg,00:00:45,00:00:50,22967;22973;555146;litnig1;nacnig1;strher2,45,50,BC2026_Train_0017_S22_20211026_233000_50,0
BC2026_Train_0017_S22_20211026_233000.ogg,00:00:50,00:00:55,22967;22973;compau;litnig1;nacnig1;strher2,50,55,BC2026_Train_0017_S22_20211026_233000_55,0
BC2026_Train_0017_S22_20211026_233000.ogg,00:00:55,00:01:00,22967;22973;517063;74113;litnig1;nacnig1,55,60,BC2026_Train_0017_S22_20211026_233000_60,0
BC2026_Train_0045_S22_20220125_211500.ogg,00:00:00,00:00:05,24321;555146;65380;66971,0,5,BC2026_Train_0045_S22_20220125_211500_5,0
BC2026_Train_0045_S22_20220125_211500.ogg,00:00:05,00:00:10,24321;555146;65380;66971,5,10,BC2026_Train_0045_S22_20220125_211500_10,0
BC2026_Train_0045_S22_20220125_211500.ogg,00:00:10,00:00:15,24321;555146;65380;66971,10,15,BC2026_Train_0045_S22_20220125_211500_15,0
BC2026_Train_0045_S22_20220125_211500.ogg,00:00:15,00:00:20,24321;555146;65380;66971,15,20,BC2026_Train_0045_S22_20220125_211500_20,0
BC2026_Train_0045_S22_20220125_211500.ogg,00:00:20,00:00:25,24321;555146;65380;66971,20,25,BC2026_Train_0045_S22_20220125_211500_25,0
BC2026_Train_0045_S22_20220125_211500.ogg,00:00:25,00:00:30,24321;555146;65380;66971,25,30,BC2026_Train_0045_S22_20220125_211500_30,0
BC2026_Train_0045_S22_20220125_211500.ogg,00:00:30,00:00:35,24321;555146;65380;66971,30,35,BC2026_Train_0045_S22_20220125_211500_35,0
BC2026_Train_0045_S22_20220125_211500.ogg,00:00:35,00:00:40,24321;555146;65380;66971,35,40,BC2026_Train_0045_S22_20220125_211500_40,0
BC2026_Train_0045_S22_20220125_211500.ogg,00:00:40,00:00:45,24321;555146;65380;66971,40,45,BC2026_Train_0045_S22_20220125_211500_45,0
BC2026_Train_0045_S22_20220125_211500.ogg,00:00:45,00:00:50,24321;555146;65380;66971,45,50,BC2026_Train_0045_S22_20220125_211500_50,0
BC2026_Train_0045_S22_20220125_211500.ogg,00:00:50,00:00:55,24321;555146;65380;66971,50,55,BC2026_Train_0045_S22_20220125_211500_55,0
BC2026_Train_0045_S22_20220125_211500.ogg,00:00:55,00:01:00,24321;555146;65380;66971,55,60,BC2026_Train_0045_S22_20220125_211500_60,0
BC2026_Train_0013_S13_20220217_233000.ogg,00:00:00,00:00:05,1491113;517063,0,5,BC2026_Train_0013_S13_20220217_233000_5,1
BC2026_Train_0013_S13_20220217_233000.ogg,00:00:05,00:00:10,1491113;517063,5,10,BC2026_Train_0013_S13_20220217_233000_10,1
BC2026_Train_0013_S13_20220217_233000.ogg,00:00:10,00:00:15,1491113;517063,10,15,BC2026_Train_0013_S13_20220217_233000_15,1
BC2026_Train_0013_S13_20220217_233000.ogg,00:00:15,00:00:20,1491113,15,20,BC2026_Train_0013_S13_20220217_233000_20,1
BC2026_Train_0013_S13_20220217_233000.ogg,00:00:20,00:00:25,1491113,20,25,BC2026_Train_0013_S13_20220217_233000_25,1
BC2026_Train_0013_S13_20220217_233000.ogg,00:00:25,00:00:30,1491113;517063,25,30,BC2026_Train_0013_S13_20220217_233000_30,1
BC2026_Train_0013_S13_20220217_233000.ogg,00:00:30,00:00:35,1491113;517063,30,35,BC2026_Train_0013_S13_20220217_233000_35,1
BC2026_Train_0013_S13_20220217_233000.ogg,00:00:35,00:00:40,1491113;517063,35,40,BC2026_Train_0013_S13_20220217_233000_40,1
BC2026_Train_0013_S13_20220217_233000.ogg,00:00:40,00:00:45,1491113,40,45,BC2026_Train_0013_S13_20220217_233000_45,1
BC2026_Train_0013_S13_20220217_233000.ogg,00:00:45,00:00:50,1491113,45,50,BC2026_Train_0013_S13_20220217_233000_50,1
BC2026_Train_0013_S13_20220217_233000.ogg,00:00:50,00:00:55,1491113,50,55,BC2026_Train_0013_S13_20220217_233000_55,1
BC2026_Train_0013_S13_20220217_233000.ogg,00:00:55,00:01:00,1491113,55,60,BC2026_Train_0013_S13_20220217_233000_60,1
BC2026_Train_0031_S22_20211214_204500.ogg,00:00:00,00:00:05,23158;24321;25092;65380;66971,0,5,BC2026_Train_0031_S22_20211214_204500_5,2
BC2026_Train_0031_S22_20211214_204500.ogg,00:00:05,00:00:10,23158;24321;25092;65380;66971,5,10,BC2026_Train_0031_S22_20211214_204500_10,2
BC2026_Train_0031_S22_20211214_204500.ogg,00:00:10,00:00:15,23158;24321;25092;65380;66971,10,15,BC2026_Train_0031_S22_20211214_204500_15,2
BC2026_Train_0031_S22_20211214_204500.ogg,00:00:15,00:00:20,23158;24321;25092;65380;66971,15,20,BC2026_Train_0031_S22_20211214_204500_20,2
BC2026_Train_0031_S22_20211214_204500.ogg,00:00:20,00:00:25,23158;24321;25092;65380;66971,20,25,BC2026_Train_0031_S22_20211214_204500_25,2
BC2026_Train_0031_S22_20211214_204500.ogg,00:00:25,00:00:30,23158;24321;25092;65380;66971,25,30,BC2026_Train_0031_S22_20211214_204500_30,2
BC2026_Train_0031_S22_20211214_204500.ogg,00:00:30,00:00:35,23158;24321;25092;65380;66971,30,35,BC2026_Train_0031_S22_20211214_204500_35,2
BC2026_Train_0031_S22_20211214_204500.ogg,00:00:35,00:00:40,23158;24321;25092;65380;66971,35,40,BC2026_Train_0031_S22_20211214_204500_40,2
BC2026_Train_0031_S22_20211214_204500.ogg,00:00:40,00:00:45,23158;24321;25092;65380;66971,40,45,BC2026_Train_0031_S22_20211214_204500_45,2
BC2026_Train_0031_S22_20211214_204500.ogg,00:00:45,00:00:50,23158;24321;25092;65380;66971,45,50,BC2026_Train_0031_S22_20211214_204500_50,2
BC2026_Train_0031_S22_20211214_204500.ogg,00:00:50,00:00:55,23158;24321;25092;65380;66971,50,55,BC2026_Train_0031_S22_20211214_204500_55,2
BC2026_Train_0031_S22_20211214_204500.ogg,00:00:55,00:01:00,23158;24321;25092;65380;66971,55,60,BC2026_Train_0031_S22_20211214_204500_60,2
BC2026_Train_0051_S22_20220208_231500.ogg,00:00:00,00:00:05,22967;22973;23158;517063;555146;65380;undtin1,0,5,BC2026_Train_0051_S22_20220208_231500_5,0
BC2026_Train_0051_S22_20220208_231500.ogg,00:00:05,00:00:10,22967;22973;24279;517063;555146;65380;66971,5,10,BC2026_Train_0051_S22_20220208_231500_10,0
BC2026_Train_0051_S22_20220208_231500.ogg,00:00:10,00:00:15,22967;22973;24279;517063;555146;65380;66971,10,15,BC2026_Train_0051_S22_20220208_231500_15,0
BC2026_Train_0051_S22_20220208_231500.ogg,00:00:15,00:00:20,22967;22973;24279;517063;555146;65380;66971,15,20,BC2026_Train_0051_S22_20220208_231500_20,0
BC2026_Train_0051_S22_20220208_231500.ogg,00:00:20,00:00:25,22967;22973;23158;24279;517063;555146;65380;66971,20,25,BC2026_Train_0051_S22_20220208_231500_25,0
BC2026_Train_0051_S22_20220208_231500.ogg,00:00:25,00:00:30,22967;22973;23158;24279;517063;555146;65380;66971,25,30,BC2026_Train_0051_S22_20220208_231500_30,0
BC2026_Train_0051_S22_20220208_231500.ogg,00:00:30,00:00:35,22967;22973;24279;517063;555146;65380;66971,30,35,BC2026_Train_0051_S22_20220208_231500_35,0
BC2026_Train_0051_S22_20220208_231500.ogg,00:00:35,00:00:40,22967;22973;23158;517063;555146;65380;66971,35,40,BC2026_Train_0051_S22_20220208_231500_40,0
BC2026_Train_0051_S22_20220208_231500.ogg,00:00:40,00:00:45,22967;22973;517063;555146;65380;66971;trsowl,40,45,BC2026_Train_0051_S22_20220208_231500_45,0
BC2026_Train_0051_S22_20220208_231500.ogg,00:00:45,00:00:50,22967;22973;23158;517063;555146;65380;66971,45,50,BC2026_Train_0051_S22_20220208_231500_50,0
BC2026_Train_0051_S22_20220208_231500.ogg,00:00:50,00:00:55,22967;22973;517063;555146;65380;66971;trsowl,50,55,BC2026_Train_0051_S22_20220208_231500_55,0
BC2026_Train_0051_S22_20220208_231500.ogg,00:00:55,00:01:00,22967;22973;23158;517063;555146;65380;66971,55,60,BC2026_Train_0051_S22_20220208_231500_60,0
BC2026_Train_0026_S22_20211128_004500.ogg,00:00:15,00:00:20,compau,15,20,BC2026_Train_0026_S22_20211128_004500_20,2
BC2026_Train_0026_S22_20211128_004500.ogg,00:00:20,00:00:25,517063,20,25,BC2026_Train_0026_S22_20211128_004500_25,2
BC2026_Train_0026_S22_20211128_004500.ogg,00:00:25,00:00:30,517063,25,30,BC2026_Train_0026_S22_20211128_004500_30,2
BC2026_Train_0026_S22_20211128_004500.ogg,00:00:30,00:00:35,555146,30,35,BC2026_Train_0026_S22_20211128_004500_35,2
BC2026_Train_0026_S22_20211128_004500.ogg,00:00:35,00:00:40,22973;555146,35,40,BC2026_Train_0026_S22_20211128_004500_40,2
BC2026_Train_0026_S22_20211128_004500.ogg,00:00:40,00:00:45,555146,40,45,BC2026_Train_0026_S22_20211128_004500_45,2
BC2026_Train_0026_S22_20211128_004500.ogg,00:00:45,00:00:50,517063;555146,45,50,BC2026_Train_0026_S22_20211128_004500_50,2
BC2026_Train_0026_S22_20211128_004500.ogg,00:00:50,00:00:55,555146,50,55,BC2026_Train_0026_S22_20211128_004500_55,2
BC2026_Train_0026_S22_20211128_004500.ogg,00:00:55,00:01:00,517063;555146,55,60,BC2026_Train_0026_S22_20211128_004500_60,2
BC2026_Train_0062_S19_20241213_193000.ogg,00:00:00,00:00:05,22967;47158son01;47158son03;47158son11;47158son12;47158son24;517063,0,5,BC2026_Train_0062_S19_20241213_193000_5,1
BC2026_Train_0062_S19_20241213_193000.ogg,00:00:05,00:00:10,22967;47158son01;47158son03;47158son11;47158son12;47158son24;517063,5,10,BC2026_Train_0062_S19_20241213_193000_10,1
BC2026_Train_0062_S19_20241213_193000.ogg,00:00:10,00:00:15,22967;47158son01;47158son03;47158son11;47158son12;47158son24,10,15,BC2026_Train_0062_S19_20241213_193000_15,1
BC2026_Train_0062_S19_20241213_193000.ogg,00:00:15,00:00:20,22967;22973;47158son01;47158son11;47158son24;517063,15,20,BC2026_Train_0062_S19_20241213_193000_20,1
BC2026_Train_0062_S19_20241213_193000.ogg,00:00:20,00:00:25,22967;22973;47158son01;47158son11;47158son24;517063,20,25,BC2026_Train_0062_S19_20241213_193000_25,1
BC2026_Train_0062_S19_20241213_193000.ogg,00:00:25,00:00:30,22967;22973;47158son01;47158son03;47158son11;47158son24,25,30,BC2026_Train_0062_S19_20241213_193000_30,1
BC2026_Train_0062_S19_20241213_193000.ogg,00:00:30,00:00:35,22967;22973;47158son01;47158son03;47158son09;47158son11;47158son12;47158son24;517063,30,35,BC2026_Train_0062_S19_20241213_193000_35,1
BC2026_Train_0062_S19_20241213_193000.ogg,00:00:35,00:00:40,22967;22973;47158son01;47158son03;47158son09;47158son11;47158son24;517063,35,40,BC2026_Train_0062_S19_20241213_193000_40,1
BC2026_Train_0062_S19_20241213_193000.ogg,00:00:40,00:00:45,22967;22973;47158son01;47158son03;47158son09;47158son11;47158son24;517063,40,45,BC2026_Train_0062_S19_20241213_193000_45,1
BC2026_Train_0062_S19_20241213_193000.ogg,00:00:45,00:00:50,22967;47158son01;47158son03;47158son09;47158son11;47158son12;47158son24,45,50,BC2026_Train_0062_S19_20241213_193000_50,1
BC2026_Train_0062_S19_20241213_193000.ogg,00:00:50,00:00:55,22967;22973;47158son01;47158son03;47158son09;47158son11;47158son24,50,55,BC2026_Train_0062_S19_20241213_193000_55,1
BC2026_Train_0062_S19_20241213_193000.ogg,00:00:55,00:01:00,22967;22973;47158son04;47158son09;47158son11;47158son24,55,60,BC2026_Train_0062_S19_20241213_193000_60,1
BC2026_Train_0020_S22_20211104_231500.ogg,00:00:00,00:00:05,22973;65380;trsowl;undtin1,0,5,BC2026_Train_0020_S22_20211104_231500_5,0
BC2026_Train_0020_S22_20211104_231500.ogg,00:00:05,00:00:10,22973;517063;65380;undtin1,5,10,BC2026_Train_0020_S22_20211104_231500_10,0
BC2026_Train_0020_S22_20211104_231500.ogg,00:00:10,00:00:15,517063;65380;trsowl;undtin1,10,15,BC2026_Train_0020_S22_20211104_231500_15,0
BC2026_Train_0020_S22_20211104_231500.ogg,00:00:15,00:00:20,517063;65380,15,20,BC2026_Train_0020_S22_20211104_231500_20,0
BC2026_Train_0020_S22_20211104_231500.ogg,00:00:20,00:00:25,517063;65380;trsowl,20,25,BC2026_Train_0020_S22_20211104_231500_25,0
BC2026_Train_0020_S22_20211104_231500.ogg,00:00:25,00:00:30,22973;517063;trsowl;undtin1,25,30,BC2026_Train_0020_S22_20211104_231500_30,0
BC2026_Train_0020_S22_20211104_231500.ogg,00:00:30,00:00:35,22973;517063,30,35,BC2026_Train_0020_S22_20211104_231500_35,0
BC2026_Train_0020_S22_20211104_231500.ogg,00:00:35,00:00:40,65380;trsowl,35,40,BC2026_Train_0020_S22_20211104_231500_40,0
BC2026_Train_0020_S22_20211104_231500.ogg,00:00:40,00:00:45,22973;65380;compau,40,45,BC2026_Train_0020_S22_20211104_231500_45,0
BC2026_Train_0020_S22_20211104_231500.ogg,00:00:45,00:00:50,22973;65380;compau;undtin1,45,50,BC2026_Train_0020_S22_20211104_231500_50,0
BC2026_Train_0020_S22_20211104_231500.ogg,00:00:50,00:00:55,22973;517063;65380;compau;trsowl,50,55,BC2026_Train_0020_S22_20211104_231500_55,0
BC2026_Train_0020_S22_20211104_231500.ogg,00:00:55,00:01:00,22973;517063;65380;compau,55,60,BC2026_Train_0020_S22_20211104_231500_60,0
BC2026_Train_0012_S03_20220211_233000.ogg,00:00:00,00:00:05,517063,0,5,BC2026_Train_0012_S03_20220211_233000_5,2
BC2026_Train_0012_S03_20220211_233000.ogg,00:00:05,00:00:10,1491113,5,10,BC2026_Train_0012_S03_20220211_233000_10,2
BC2026_Train_0012_S03_20220211_233000.ogg,00:00:10,00:00:15,1491113;517063,10,15,BC2026_Train_0012_S03_20220211_233000_15,2
BC2026_Train_0012_S03_20220211_233000.ogg,00:00:15,00:00:20,517063,15,20,BC2026_Train_0012_S03_20220211_233000_20,2
BC2026_Train_0012_S03_20220211_233000.ogg,00:00:20,00:00:25,517063,20,25,BC2026_Train_0012_S03_20220211_233000_25,2
BC2026_Train_0012_S03_20220211_233000.ogg,00:00:25,00:00:30,517063,25,30,BC2026_Train_0012_S03_20220211_233000_30,2
BC2026_Train_0012_S03_20220211_233000.ogg,00:00:30,00:00:35,517063,30,35,BC2026_Train_0012_S03_20220211_233000_35,2
BC2026_Train_0012_S03_20220211_233000.ogg,00:00:35,00:00:40,517063,35,40,BC2026_Train_0012_S03_20220211_233000_40,2
BC2026_Train_0012_S03_20220211_233000.ogg,00:00:40,00:00:45,517063,40,45,BC2026_Train_0012_S03_20220211_233000_45,2
BC2026_Train_0012_S03_20220211_233000.ogg,00:00:45,00:00:50,517063,45,50,BC2026_Train_0012_S03_20220211_233000_50,2
BC2026_Train_0012_S03_20220211_233000.ogg,00:00:50,00:00:55,517063,50,55,BC2026_Train_0012_S03_20220211_233000_55,2
BC2026_Train_0012_S03_20220211_233000.ogg,00:00:55,00:01:00,517063,55,60,BC2026_Train_0012_S03_20220211_233000_60,2
BC2026_Train_0064_S23_20241124_032002.ogg,00:00:00,00:00:05,47158son04;47158son10;47158son25,0,5,BC2026_Train_0064_S23_20241124_032002_5,2
BC2026_Train_0064_S23_20241124_032002.ogg,00:00:05,00:00:10,47158son04;47158son10;47158son25;bafcur1,5,10,BC2026_Train_0064_S23_20241124_032002_10,2
BC2026_Train_0064_S23_20241124_032002.ogg,00:00:10,00:00:15,47158son04;47158son10;47158son25;bafcur1,10,15,BC2026_Train_0064_S23_20241124_032002_15,2
BC2026_Train_0064_S23_20241124_032002.ogg,00:00:15,00:00:20,47158son04;47158son10;47158son25;bafcur1,15,20,BC2026_Train_0064_S23_20241124_032002_20,2
BC2026_Train_0064_S23_20241124_032002.ogg,00:00:20,00:00:25,47158son04;47158son10;47158son25;bafcur1,20,25,BC2026_Train_0064_S23_20241124_032002_25,2
BC2026_Train_0064_S23_20241124_032002.ogg,00:00:25,00:00:30,47158son04;47158son10;47158son25;bafcur1,25,30,BC2026_Train_0064_S23_20241124_032002_30,2
BC2026_Train_0064_S23_20241124_032002.ogg,00:00:30,00:00:35,116570;47158son04;47158son06;47158son10;47158son25;bafcur1,30,35,BC2026_Train_0064_S23_20241124_032002_35,2
BC2026_Train_0064_S23_20241124_032002.ogg,00:00:35,00:00:40,47158son04;47158son06;47158son10;47158son25;bafcur1,35,40,BC2026_Train_0064_S23_20241124_032002_40,2
BC2026_Train_0064_S23_20241124_032002.ogg,00:00:40,00:00:45,47158son04;47158son06;47158son10;47158son25,40,45,BC2026_Train_0064_S23_20241124_032002_45,2
BC2026_Train_0064_S23_20241124_032002.ogg,00:00:45,00:00:50,47158son04;47158son06;47158son10;47158son25;bafcur1,45,50,BC2026_Train_0064_S23_20241124_032002_50,2
BC2026_Train_0064_S23_20241124_032002.ogg,00:00:50,00:00:55,47158son04;47158son06;47158son10;47158son25;bafcur1,50,55,BC2026_Train_0064_S23_20241124_032002_55,2
BC2026_Train_0064_S23_20241124_032002.ogg,00:00:55,00:01:00,47158son04;47158son06;47158son10;47158son25;wfwduc1,55,60,BC2026_Train_0064_S23_20241124_032002_60,2
BC2026_Train_0016_S18_20220204_221500.ogg,00:00:00,00:00:05,24279,0,5,BC2026_Train_0016_S18_20220204_221500_5,1
BC2026_Train_0016_S18_20220204_221500.ogg,00:00:05,00:00:10,22967;24279;517063,5,10,BC2026_Train_0016_S18_20220204_221500_10,1
BC2026_Train_0016_S18_20220204_221500.ogg,00:00:10,00:00:15,22967;517063,10,15,BC2026_Train_0016_S18_20220204_221500_15,1
BC2026_Train_0016_S18_20220204_221500.ogg,00:00:15,00:00:20,22967;517063,15,20,BC2026_Train_0016_S18_20220204_221500_20,1
BC2026_Train_0016_S18_20220204_221500.ogg,00:00:20,00:00:25,22967,20,25,BC2026_Train_0016_S18_20220204_221500_25,1
BC2026_Train_0016_S18_20220204_221500.ogg,00:00:25,00:00:30,22967,25,30,BC2026_Train_0016_S18_20220204_221500_30,1
BC2026_Train_0016_S18_20220204_221500.ogg,00:00:30,00:00:35,22967,30,35,BC2026_Train_0016_S18_20220204_221500_35,1
BC2026_Train_0016_S18_20220204_221500.ogg,00:00:35,00:00:40,22967,35,40,BC2026_Train_0016_S18_20220204_221500_40,1
BC2026_Train_0016_S18_20220204_221500.ogg,00:00:40,00:00:45,22967,40,45,BC2026_Train_0016_S18_20220204_221500_45,1
BC2026_Train_0016_S18_20220204_221500.ogg,00:00:45,00:00:50,22967,45,50,BC2026_Train_0016_S18_20220204_221500_50,1
BC2026_Train_0016_S18_20220204_221500.ogg,00:00:50,00:00:55,22967,50,55,BC2026_Train_0016_S18_20220204_221500_55,1
BC2026_Train_0016_S18_20220204_221500.ogg,00:00:55,00:01:00,22967,55,60,BC2026_Train_0016_S18_20220204_221500_60,1
BC2026_Train_0002_S08_20250607_030007.ogg,00:00:00,00:00:05,47158son01;47158son13;47158son22;47158son23;47158son25,0,5,BC2026_Train_0002_S08_20250607_030007_5,2
BC2026_Train_0002_S08_20250607_030007.ogg,00:00:05,00:00:10,47158son01;47158son13;47158son21;47158son22;47158son23;47158son25,5,10,BC2026_Train_0002_S08_20250607_030007_10,2
BC2026_Train_0002_S08_20250607_030007.ogg,00:00:10,00:00:15,47158son01;47158son13;47158son21;47158son22;47158son23;47158son25,10,15,BC2026_Train_0002_S08_20250607_030007_15,2
BC2026_Train_0002_S08_20250607_030007.ogg,00:00:15,00:00:20,47158son01;47158son13;47158son21;47158son22;47158son23;47158son25,15,20,BC2026_Train_0002_S08_20250607_030007_20,2
BC2026_Train_0002_S08_20250607_030007.ogg,00:00:20,00:00:25,47158son01;47158son13;47158son21;47158son22;47158son23;47158son25,20,25,BC2026_Train_0002_S08_20250607_030007_25,2
BC2026_Train_0002_S08_20250607_030007.ogg,00:00:25,00:00:30,47158son01;47158son13;47158son21;47158son22;47158son23;47158son25,25,30,BC2026_Train_0002_S08_20250607_030007_30,2
BC2026_Train_0002_S08_20250607_030007.ogg,00:00:30,00:00:35,47158son01;47158son13;47158son21;47158son22;47158son23;47158son25,30,35,BC2026_Train_0002_S08_20250607_030007_35,2
BC2026_Train_0002_S08_20250607_030007.ogg,00:00:35,00:00:40,47158son01;47158son13;47158son21;47158son22;47158son23;47158son25,35,40,BC2026_Train_0002_S08_20250607_030007_40,2
BC2026_Train_0002_S08_20250607_030007.ogg,00:00:40,00:00:45,116570;47158son01;47158son13;47158son21;47158son22;47158son23;47158son25,40,45,BC2026_Train_0002_S08_20250607_030007_45,2
BC2026_Train_0002_S08_20250607_030007.ogg,00:00:45,00:00:50,47158son01;47158son13;47158son21;47158son22;47158son23;47158son25,45,50,BC2026_Train_0002_S08_20250607_030007_50,2
BC2026_Train_0002_S08_20250607_030007.ogg,00:00:50,00:00:55,47158son01;47158son13;47158son21;47158son22;47158son23;47158son25,50,55,BC2026_Train_0002_S08_20250607_030007_55,2
BC2026_Train_0002_S08_20250607_030007.ogg,00:00:55,00:01:00,47158son01;47158son13;47158son21;47158son22;47158son23;47158son25,55,60,BC2026_Train_0002_S08_20250607_030007_60,2
BC2026_Train_0032_S22_20211215_221500.ogg,00:00:00,00:00:05,23158;24279;24321;555146;65380,0,5,BC2026_Train_0032_S22_20211215_221500_5,1
BC2026_Train_0032_S22_20211215_221500.ogg,00:00:05,00:00:10,23158;24279;24321;555146;65380,5,10,BC2026_Train_0032_S22_20211215_221500_10,1
BC2026_Train_0032_S22_20211215_221500.ogg,00:00:10,00:00:15,23158;24279;24321;555146;65380,10,15,BC2026_Train_0032_S22_20211215_221500_15,1
BC2026_Train_0032_S22_20211215_221500.ogg,00:00:15,00:00:20,23158;24279;24321;555146;65380,15,20,BC2026_Train_0032_S22_20211215_221500_20,1
BC2026_Train_0032_S22_20211215_221500.ogg,00:00:20,00:00:25,23158;24279;24321;555146;65380,20,25,BC2026_Train_0032_S22_20211215_221500_25,1
BC2026_Train_0032_S22_20211215_221500.ogg,00:00:25,00:00:30,23158;24279;24321;25092;555146;65380,25,30,BC2026_Train_0032_S22_20211215_221500_30,1
BC2026_Train_0032_S22_20211215_221500.ogg,00:00:30,00:00:35,23158;24279;24321;555146;65380,30,35,BC2026_Train_0032_S22_20211215_221500_35,1
BC2026_Train_0032_S22_20211215_221500.ogg,00:00:35,00:00:40,23158;24279;24321;555146;65380,35,40,BC2026_Train_0032_S22_20211215_221500_40,1
BC2026_Train_0032_S22_20211215_221500.ogg,00:00:40,00:00:45,23158;24279;24321;555146;65380,40,45,BC2026_Train_0032_S22_20211215_221500_45,1
BC2026_Train_0032_S22_20211215_221500.ogg,00:00:45,00:00:50,23158;24279;24321;555146;65380,45,50,BC2026_Train_0032_S22_20211215_221500_50,1
BC2026_Train_0032_S22_20211215_221500.ogg,00:00:50,00:00:55,23158;24279;24321;555146;65380,50,55,BC2026_Train_0032_S22_20211215_221500_55,1
BC2026_Train_0032_S22_20211215_221500.ogg,00:00:55,00:01:00,23158;24279;24321;25092;555146;65380,55,60,BC2026_Train_0032_S22_20211215_221500_60,1
BC2026_Train_0023_S22_20211121_230000.ogg,00:00:00,00:00:05,1491113;22967;22973;compau;undtin1,0,5,BC2026_Train_0023_S22_20211121_230000_5,1
BC2026_Train_0023_S22_20211121_230000.ogg,00:00:05,00:00:10,1491113;22967;22973;compau,5,10,BC2026_Train_0023_S22_20211121_230000_10,1
BC2026_Train_0023_S22_20211121_230000.ogg,00:00:10,00:00:15,1491113;22967;22973;undtin1,10,15,BC2026_Train_0023_S22_20211121_230000_15,1
BC2026_Train_0023_S22_20211121_230000.ogg,00:00:15,00:00:20,1491113;22967;22973;517063;compau,15,20,BC2026_Train_0023_S22_20211121_230000_20,1
BC2026_Train_0023_S22_20211121_230000.ogg,00:00:20,00:00:25,1491113;22967;22973;555146;compau;undtin1,20,25,BC2026_Train_0023_S22_20211121_230000_25,1
BC2026_Train_0023_S22_20211121_230000.ogg,00:00:25,00:00:30,1491113;22967;22973;517063;65380;compau,25,30,BC2026_Train_0023_S22_20211121_230000_30,1
BC2026_Train_0023_S22_20211121_230000.ogg,00:00:30,00:00:35,1491113;22967;22973;65380;compau,30,35,BC2026_Train_0023_S22_20211121_230000_35,1
BC2026_Train_0023_S22_20211121_230000.ogg,00:00:35,00:00:40,1491113;22967;22973;65380;compau,35,40,BC2026_Train_0023_S22_20211121_230000_40,1
BC2026_Train_0023_S22_20211121_230000.ogg,00:00:40,00:00:45,1491113;22967;22973;65380;compau;undtin1,40,45,BC2026_Train_0023_S22_20211121_230000_45,1
BC2026_Train_0023_S22_20211121_230000.ogg,00:00:45,00:00:50,1491113;22967;22973;65380;compau,45,50,BC2026_Train_0023_S22_20211121_230000_50,1
BC2026_Train_0023_S22_20211121_230000.ogg,00:00:50,00:00:55,1491113;22967;22973;65380;compau,50,55,BC2026_Train_0023_S22_20211121_230000_55,1
BC2026_Train_0023_S22_20211121_230000.ogg,00:00:55,00:01:00,1491113;22967;22973;65380,55,60,BC2026_Train_0023_S22_20211121_230000_60,1
BC2026_Train_0063_S19_20241214_190000.ogg,00:00:00,00:00:05,22973;25073;326272;47158son04;47158son11;47158son13;47158son24;67107,0,5,BC2026_Train_0063_S19_20241214_190000_5,0
BC2026_Train_0063_S19_20241214_190000.ogg,00:00:05,00:00:10,22973;25073;326272;47158son11;47158son13;47158son24;67107,5,10,BC2026_Train_0063_S19_20241214_190000_10,0
BC2026_Train_0063_S19_20241214_190000.ogg,00:00:10,00:00:15,22973;24321;25073;326272;47158son11;47158son13;47158son24;67107,10,15,BC2026_Train_0063_S19_20241214_190000_15,0
BC2026_Train_0063_S19_20241214_190000.ogg,00:00:15,00:00:20,22973;25073;326272;47158son11;47158son13;47158son24,15,20,BC2026_Train_0063_S19_20241214_190000_20,0
BC2026_Train_0063_S19_20241214_190000.ogg,00:00:20,00:00:25,22973;25073;326272;47158son11;47158son13;47158son24,20,25,BC2026_Train_0063_S19_20241214_190000_25,0
BC2026_Train_0063_S19_20241214_190000.ogg,00:00:25,00:00:30,22973;24321;25073;326272;47158son04;47158son11;47158son13;47158son24,25,30,BC2026_Train_0063_S19_20241214_190000_30,0
BC2026_Train_0063_S19_20241214_190000.ogg,00:00:30,00:00:35,22973;24321;25073;326272;47158son04;47158son11;47158son13;47158son24;67107,30,35,BC2026_Train_0063_S19_20241214_190000_35,0
BC2026_Train_0063_S19_20241214_190000.ogg,00:00:35,00:00:40,22973;25073;326272;47158son11;47158son13;47158son24;67107;compau,35,40,BC2026_Train_0063_S19_20241214_190000_40,0
BC2026_Train_0063_S19_20241214_190000.ogg,00:00:40,00:00:45,22973;25073;326272;47158son05;47158son11;47158son13;47158son24;67107,40,45,BC2026_Train_0063_S19_20241214_190000_45,0
BC2026_Train_0063_S19_20241214_190000.ogg,00:00:45,00:00:50,22973;24321;25073;326272;47158son04;47158son05;47158son11;47158son13;47158son24;67107,45,50,BC2026_Train_0063_S19_20241214_190000_50,0
BC2026_Train_0063_S19_20241214_190000.ogg,00:00:50,00:00:55,22973;24321;25073;326272;47158son11;47158son13;47158son24;67107,50,55,BC2026_Train_0063_S19_20241214_190000_55,0
BC2026_Train_0063_S19_20241214_190000.ogg,00:00:55,00:01:00,22973;25073;326272;47158son11;47158son13;47158son24;67107,55,60,BC2026_Train_0063_S19_20241214_190000_60,0
BC2026_Train_0041_S22_20220105_223000.ogg,00:00:00,00:00:05,23158;24279;24321;517063;555146;65380;66971,0,5,BC2026_Train_0041_S22_20220105_223000_5,1
BC2026_Train_0041_S22_20220105_223000.ogg,00:00:05,00:00:10,23158;24279;24321;517063;555146;65380,5,10,BC2026_Train_0041_S22_20220105_223000_10,1
BC2026_Train_0041_S22_20220105_223000.ogg,00:00:10,00:00:15,23158;24279;24321;517063;555146;65380;66971,10,15,BC2026_Train_0041_S22_20220105_223000_15,1
BC2026_Train_0041_S22_20220105_223000.ogg,00:00:15,00:00:20,23158;24279;24321;517063;555146;65380;66971,15,20,BC2026_Train_0041_S22_20220105_223000_20,1
BC2026_Train_0041_S22_20220105_223000.ogg,00:00:20,00:00:25,23158;24279;24321;517063;555146;65380;66971,20,25,BC2026_Train_0041_S22_20220105_223000_25,1
BC2026_Train_0041_S22_20220105_223000.ogg,00:00:25,00:00:30,23158;24279;24321;517063;555146;65380;66971,25,30,BC2026_Train_0041_S22_20220105_223000_30,1
BC2026_Train_0041_S22_20220105_223000.ogg,00:00:30,00:00:35,23158;24279;24321;517063;555146;65380;66971,30,35,BC2026_Train_0041_S22_20220105_223000_35,1
BC2026_Train_0041_S22_20220105_223000.ogg,00:00:35,00:00:40,23158;24279;24321;517063;555146;65380;66971,35,40,BC2026_Train_0041_S22_20220105_223000_40,1
BC2026_Train_0041_S22_20220105_223000.ogg,00:00:40,00:00:45,23158;24279;24321;517063;555146;65380;66971,40,45,BC2026_Train_0041_S22_20220105_223000_45,1
BC2026_Train_0041_S22_20220105_223000.ogg,00:00:45,00:00:50,23158;24279;24321;517063;555146;65380;66971,45,50,BC2026_Train_0041_S22_20220105_223000_50,1
BC2026_Train_0041_S22_20220105_223000.ogg,00:00:50,00:00:55,23158;24279;24321;517063;555146;65380;66971,50,55,BC2026_Train_0041_S22_20220105_223000_55,1
BC2026_Train_0041_S22_20220105_223000.ogg,00:00:55,00:01:00,23158;24279;24321;517063;555146;65380;66971,55,60,BC2026_Train_0041_S22_20220105_223000_60,1
BC2026_Train_0030_S22_20211212_224500.ogg,00:00:00,00:00:05,22967;22973;517063,0,5,BC2026_Train_0030_S22_20211212_224500_5,0
BC2026_Train_0030_S22_20211212_224500.ogg,00:00:05,00:00:10,22967;22973;517063,5,10,BC2026_Train_0030_S22_20211212_224500_10,0
BC2026_Train_0030_S22_20211212_224500.ogg,00:00:10,00:00:15,22967;22973;517063,10,15,BC2026_Train_0030_S22_20211212_224500_15,0
BC2026_Train_0030_S22_20211212_224500.ogg,00:00:15,00:00:20,22967;22973;24321;517063,15,20,BC2026_Train_0030_S22_20211212_224500_20,0
BC2026_Train_0030_S22_20211212_224500.ogg,00:00:20,00:00:25,22967;22973;24321;517063,20,25,BC2026_Train_0030_S22_20211212_224500_25,0
BC2026_Train_0030_S22_20211212_224500.ogg,00:00:25,00:00:30,22967;22973;24321;517063,25,30,BC2026_Train_0030_S22_20211212_224500_30,0
BC2026_Train_0030_S22_20211212_224500.ogg,00:00:30,00:00:35,22967;22973;24321;517063,30,35,BC2026_Train_0030_S22_20211212_224500_35,0
BC2026_Train_0030_S22_20211212_224500.ogg,00:00:35,00:00:40,22967;22973;517063,35,40,BC2026_Train_0030_S22_20211212_224500_40,0
BC2026_Train_0030_S22_20211212_224500.ogg,00:00:40,00:00:45,22967;22973;24321;517063,40,45,BC2026_Train_0030_S22_20211212_224500_45,0
BC2026_Train_0030_S22_20211212_224500.ogg,00:00:45,00:00:50,22967;22973;24321;517063,45,50,BC2026_Train_0030_S22_20211212_224500_50,0
BC2026_Train_0030_S22_20211212_224500.ogg,00:00:50,00:00:55,22967;22973;517063,50,55,BC2026_Train_0030_S22_20211212_224500_55,0
BC2026_Train_0030_S22_20211212_224500.ogg,00:00:55,00:01:00,22967;22973;517063,55,60,BC2026_Train_0030_S22_20211212_224500_60,0
BC2026_Train_0006_S09_20250828_000000.ogg,00:00:05,00:00:10,516975,5,10,BC2026_Train_0006_S09_20250828_000000_10,1
BC2026_Train_0006_S09_20250828_000000.ogg,00:00:10,00:00:15,516975,10,15,BC2026_Train_0006_S09_20250828_000000_15,1
BC2026_Train_0036_S22_20211224_234500.ogg,00:00:00,00:00:05,23158;24279;24321;517063;555146;65380;66971,0,5,BC2026_Train_0036_S22_20211224_234500_5,0
BC2026_Train_0036_S22_20211224_234500.ogg,00:00:05,00:00:10,23158;24279;24321;517063;555146;65380;66971,5,10,BC2026_Train_0036_S22_20211224_234500_10,0
BC2026_Train_0036_S22_20211224_234500.ogg,00:00:10,00:00:15,23158;24279;24321;517063;555146;65380;66971,10,15,BC2026_Train_0036_S22_20211224_234500_15,0
BC2026_Train_0036_S22_20211224_234500.ogg,00:00:15,00:00:20,23158;24279;24321;517063;555146;65380,15,20,BC2026_Train_0036_S22_20211224_234500_20,0
BC2026_Train_0036_S22_20211224_234500.ogg,00:00:20,00:00:25,23158;24279;24321;517063;555146;65380,20,25,BC2026_Train_0036_S22_20211224_234500_25,0
BC2026_Train_0036_S22_20211224_234500.ogg,00:00:25,00:00:30,23158;24279;24321;517063;555146;65380,25,30,BC2026_Train_0036_S22_20211224_234500_30,0
BC2026_Train_0036_S22_20211224_234500.ogg,00:00:30,00:00:35,23158;24279;24321;517063;555146;65380,30,35,BC2026_Train_0036_S22_20211224_234500_35,0
BC2026_Train_0036_S22_20211224_234500.ogg,00:00:35,00:00:40,23158;24279;24321;517063;555146;65380,35,40,BC2026_Train_0036_S22_20211224_234500_40,0
BC2026_Train_0036_S22_20211224_234500.ogg,00:00:40,00:00:45,23158;24279;517063;555146;65380,40,45,BC2026_Train_0036_S22_20211224_234500_45,0
BC2026_Train_0036_S22_20211224_234500.ogg,00:00:45,00:00:50,23158;24279;24321;517063;555146;65380;66971,45,50,BC2026_Train_0036_S22_20211224_234500_50,0
BC2026_Train_0036_S22_20211224_234500.ogg,00:00:50,00:00:55,23158;24279;24321;517063;555146;65380,50,55,BC2026_Train_0036_S22_20211224_234500_55,0
BC2026_Train_0036_S22_20211224_234500.ogg,00:00:55,00:01:00,23158;24279;24321;555146;65380;66971,55,60,BC2026_Train_0036_S22_20211224_234500_60,0
BC2026_Train_0054_S22_20220214_034500.ogg,00:00:00,00:00:05,22973;517063;555146;65380,0,5,BC2026_Train_0054_S22_20220214_034500_5,0
BC2026_Train_0054_S22_20220214_034500.ogg,00:00:05,00:00:10,22973;517063;555146;65380,5,10,BC2026_Train_0054_S22_20220214_034500_10,0
BC2026_Train_0054_S22_20220214_034500.ogg,00:00:10,00:00:15,22973;517063;555146;65380,10,15,BC2026_Train_0054_S22_20220214_034500_15,0
BC2026_Train_0054_S22_20220214_034500.ogg,00:00:15,00:00:20,22973;517063;555146;65380,15,20,BC2026_Train_0054_S22_20220214_034500_20,0
BC2026_Train_0054_S22_20220214_034500.ogg,00:00:20,00:00:25,22973;517063;555146;65380,20,25,BC2026_Train_0054_S22_20220214_034500_25,0
BC2026_Train_0054_S22_20220214_034500.ogg,00:00:25,00:00:30,22973;517063;555146;65380,25,30,BC2026_Train_0054_S22_20220214_034500_30,0
BC2026_Train_0054_S22_20220214_034500.ogg,00:00:30,00:00:35,22973;517063;555146;65380,30,35,BC2026_Train_0054_S22_20220214_034500_35,0
BC2026_Train_0054_S22_20220214_034500.ogg,00:00:35,00:00:40,22973;517063;555146;65380,35,40,BC2026_Train_0054_S22_20220214_034500_40,0
BC2026_Train_0054_S22_20220214_034500.ogg,00:00:40,00:00:45,22973;517063;555146;65380,40,45,BC2026_Train_0054_S22_20220214_034500_45,0
BC2026_Train_0054_S22_20220214_034500.ogg,00:00:45,00:00:50,22973;517063;555146,45,50,BC2026_Train_0054_S22_20220214_034500_50,0
BC2026_Train_0054_S22_20220214_034500.ogg,00:00:50,00:00:55,22973;517063;555146,50,55,BC2026_Train_0054_S22_20220214_034500_55,0
BC2026_Train_0054_S22_20220214_034500.ogg,00:00:55,00:01:00,22973;517063;555146,55,60,BC2026_Train_0054_S22_20220214_034500_60,0
BC2026_Train_0010_S09_20250828_000000.ogg,00:00:00,00:00:05,516975,0,5,BC2026_Train_0010_S09_20250828_000000_5,1
BC2026_Train_0010_S09_20250828_000000.ogg,00:00:05,00:00:10,516975,5,10,BC2026_Train_0010_S09_20250828_000000_10,1
BC2026_Train_0043_S22_20220112_040000.ogg,00:00:00,00:00:05,22967;22973;517063,0,5,BC2026_Train_0043_S22_20220112_040000_5,2
BC2026_Train_0043_S22_20220112_040000.ogg,00:00:05,00:00:10,22967;22973;24279;517063;redjun,5,10,BC2026_Train_0043_S22_20220112_040000_10,2
BC2026_Train_0043_S22_20220112_040000.ogg,00:00:10,00:00:15,22967;22973;24279;517063;redjun,10,15,BC2026_Train_0043_S22_20220112_040000_15,2
BC2026_Train_0043_S22_20220112_040000.ogg,00:00:15,00:00:20,22967;22973;517063,15,20,BC2026_Train_0043_S22_20220112_040000_20,2
BC2026_Train_0043_S22_20220112_040000.ogg,00:00:20,00:00:25,22967;22973;517063;redjun,20,25,BC2026_Train_0043_S22_20220112_040000_25,2
BC2026_Train_0043_S22_20220112_040000.ogg,00:00:25,00:00:30,22967;22973;24279;517063;redjun,25,30,BC2026_Train_0043_S22_20220112_040000_30,2
BC2026_Train_0043_S22_20220112_040000.ogg,00:00:30,00:00:35,22967;22973;24279;517063,30,35,BC2026_Train_0043_S22_20220112_040000_35,2
BC2026_Train_0043_S22_20220112_040000.ogg,00:00:35,00:00:40,22967;22973;517063,35,40,BC2026_Train_0043_S22_20220112_040000_40,2
BC2026_Train_0043_S22_20220112_040000.ogg,00:00:40,00:00:45,22967;22973;24279;517063,40,45,BC2026_Train_0043_S22_20220112_040000_45,2
BC2026_Train_0043_S22_20220112_040000.ogg,00:00:45,00:00:50,22967;22973;24279;517063;redjun,45,50,BC2026_Train_0043_S22_20220112_040000_50,2
BC2026_Train_0043_S22_20220112_040000.ogg,00:00:50,00:00:55,22967;22973;24279;517063;redjun,50,55,BC2026_Train_0043_S22_20220112_040000_55,2
BC2026_Train_0043_S22_20220112_040000.ogg,00:00:55,00:01:00,22967;22973;24279;517063,55,60,BC2026_Train_0043_S22_20220112_040000_60,2
BC2026_Train_0022_S22_20211114_014500.ogg,00:00:00,00:00:05,compau;litnig1;undtin1,0,5,BC2026_Train_0022_S22_20211114_014500_5,2
BC2026_Train_0022_S22_20211114_014500.ogg,00:00:05,00:00:10,compau;litnig1,5,10,BC2026_Train_0022_S22_20211114_014500_10,2
BC2026_Train_0022_S22_20211114_014500.ogg,00:00:10,00:00:15,compau;litnig1,10,15,BC2026_Train_0022_S22_20211114_014500_15,2
BC2026_Train_0022_S22_20211114_014500.ogg,00:00:15,00:00:20,compau,15,20,BC2026_Train_0022_S22_20211114_014500_20,2
BC2026_Train_0022_S22_20211114_014500.ogg,00:00:20,00:00:25,compau;litnig1;undtin1,20,25,BC2026_Train_0022_S22_20211114_014500_25,2
BC2026_Train_0022_S22_20211114_014500.ogg,00:00:25,00:00:30,517063;litnig1;undtin1,25,30,BC2026_Train_0022_S22_20211114_014500_30,2
BC2026_Train_0022_S22_20211114_014500.ogg,00:00:30,00:00:35,litnig1,30,35,BC2026_Train_0022_S22_20211114_014500_35,2
BC2026_Train_0022_S22_20211114_014500.ogg,00:00:35,00:00:40,517063;litnig1;undtin1,35,40,BC2026_Train_0022_S22_20211114_014500_40,2
BC2026_Train_0022_S22_20211114_014500.ogg,00:00:40,00:00:45,517063;litnig1,40,45,BC2026_Train_0022_S22_20211114_014500_45,2
BC2026_Train_0022_S22_20211114_014500.ogg,00:00:45,00:00:50,517063;litnig1;undtin1,45,50,BC2026_Train_0022_S22_20211114_014500_50,2
BC2026_Train_0022_S22_20211114_014500.ogg,00:00:50,00:00:55,517063;litnig1,50,55,BC2026_Train_0022_S22_20211114_014500_55,2
BC2026_Train_0022_S22_20211114_014500.ogg,00:00:55,00:01:00,litnig1;undtin1,55,60,BC2026_Train_0022_S22_20211114_014500_60,2
BC2026_Train_0048_S22_20220131_180000.ogg,00:00:00,00:00:05,1491113;bufpar;whtdov,0,5,BC2026_Train_0048_S22_20220131_180000_5,0
BC2026_Train_0048_S22_20220131_180000.ogg,00:00:05,00:00:10,1491113;bufpar;sibtan2,5,10,BC2026_Train_0048_S22_20220131_180000_10,0
BC2026_Train_0048_S22_20220131_180000.ogg,00:00:10,00:00:15,1491113;bufpar;hyamac1,10,15,BC2026_Train_0048_S22_20220131_180000_15,0
BC2026_Train_0048_S22_20220131_180000.ogg,00:00:15,00:00:20,1491113;bufpar;hyamac1,15,20,BC2026_Train_0048_S22_20220131_180000_20,0
BC2026_Train_0048_S22_20220131_180000.ogg,00:00:20,00:00:25,1491113;bufpar;hyamac1;whtdov,20,25,BC2026_Train_0048_S22_20220131_180000_25,0
BC2026_Train_0048_S22_20220131_180000.ogg,00:00:25,00:00:30,1491113;bufpar;hyamac1,25,30,BC2026_Train_0048_S22_20220131_180000_30,0
BC2026_Train_0048_S22_20220131_180000.ogg,00:00:30,00:00:35,1491113;66971;bufpar;hyamac1;whtdov,30,35,BC2026_Train_0048_S22_20220131_180000_35,0
BC2026_Train_0048_S22_20220131_180000.ogg,00:00:35,00:00:40,1491113;66971;bufpar;hyamac1,35,40,BC2026_Train_0048_S22_20220131_180000_40,0
BC2026_Train_0048_S22_20220131_180000.ogg,00:00:40,00:00:45,1491113;66971;bufpar;hyamac1,40,45,BC2026_Train_0048_S22_20220131_180000_45,0
BC2026_Train_0048_S22_20220131_180000.ogg,00:00:45,00:00:50,1491113;23158;66971;bufpar;hyamac1;whtdov,45,50,BC2026_Train_0048_S22_20220131_180000_50,0
BC2026_Train_0048_S22_20220131_180000.ogg,00:00:50,00:00:55,1491113;66971;bufpar;hyamac1,50,55,BC2026_Train_0048_S22_20220131_180000_55,0
BC2026_Train_0048_S22_20220131_180000.ogg,00:00:55,00:01:00,1491113;23158;66971;bufpar;hyamac1;whtdov,55,60,BC2026_Train_0048_S22_20220131_180000_60,0
BC2026_Train_0050_S22_20220205_214500.ogg,00:00:00,00:00:05,24279;24321;555146;65380;66971,0,5,BC2026_Train_0050_S22_20220205_214500_5,1
BC2026_Train_0050_S22_20220205_214500.ogg,00:00:05,00:00:10,24279;555146;65380;66971,5,10,BC2026_Train_0050_S22_20220205_214500_10,1
BC2026_Train_0050_S22_20220205_214500.ogg,00:00:10,00:00:15,24279;555146;65380;66971,10,15,BC2026_Train_0050_S22_20220205_214500_15,1
BC2026_Train_0050_S22_20220205_214500.ogg,00:00:15,00:00:20,24279;555146;65380;66971,15,20,BC2026_Train_0050_S22_20220205_214500_20,1
BC2026_Train_0050_S22_20220205_214500.ogg,00:00:20,00:00:25,24279;65380;66971,20,25,BC2026_Train_0050_S22_20220205_214500_25,1
BC2026_Train_0050_S22_20220205_214500.ogg,00:00:25,00:00:30,555146;65380;66971,25,30,BC2026_Train_0050_S22_20220205_214500_30,1
BC2026_Train_0050_S22_20220205_214500.ogg,00:00:30,00:00:35,24279;517063;555146;65380;66971,30,35,BC2026_Train_0050_S22_20220205_214500_35,1
BC2026_Train_0050_S22_20220205_214500.ogg,00:00:35,00:00:40,24279;517063;555146;65380;66971,35,40,BC2026_Train_0050_S22_20220205_214500_40,1
BC2026_Train_0050_S22_20220205_214500.ogg,00:00:40,00:00:45,517063;65380;66971,40,45,BC2026_Train_0050_S22_20220205_214500_45,1
BC2026_Train_0050_S22_20220205_214500.ogg,00:00:45,00:00:50,517063;555146;65380;66971,45,50,BC2026_Train_0050_S22_20220205_214500_50,1
BC2026_Train_0050_S22_20220205_214500.ogg,00:00:50,00:00:55,24279;517063;65380;66971,50,55,BC2026_Train_0050_S22_20220205_214500_55,1
BC2026_Train_0050_S22_20220205_214500.ogg,00:00:55,00:01:00,24279;517063;65380;66971,55,60,BC2026_Train_0050_S22_20220205_214500_60,1
BC2026_Train_0060_S15_20250617_062700.ogg,00:00:00,00:00:05,47158son07;chacha1;fusfly1;magant1;undtin1;whtdov,0,5,BC2026_Train_0060_S15_20250617_062700_5,0
BC2026_Train_0060_S15_20250617_062700.ogg,00:00:05,00:00:10,47158son07;chacha1;magant1;orwpar;whtdov,5,10,BC2026_Train_0060_S15_20250617_062700_10,0
BC2026_Train_0060_S15_20250617_062700.ogg,00:00:10,00:00:15,47158son07;chacha1;orwpar;whtdov,10,15,BC2026_Train_0060_S15_20250617_062700_15,0
BC2026_Train_0060_S15_20250617_062700.ogg,00:00:15,00:00:20,47158son07;chacha1;orwpar;whtdov,15,20,BC2026_Train_0060_S15_20250617_062700_20,0
BC2026_Train_0060_S15_20250617_062700.ogg,00:00:20,00:00:25,47158son07;chacha1;fusfly1;orwpar;whtdov,20,25,BC2026_Train_0060_S15_20250617_062700_25,0
BC2026_Train_0060_S15_20250617_062700.ogg,00:00:25,00:00:30,47158son07;chacha1;orwpar;whtdov,25,30,BC2026_Train_0060_S15_20250617_062700_30,0
BC2026_Train_0060_S15_20250617_062700.ogg,00:00:30,00:00:35,47158son07;chacha1;orwpar;whtdov,30,35,BC2026_Train_0060_S15_20250617_062700_35,0
BC2026_Train_0060_S15_20250617_062700.ogg,00:00:35,00:00:40,47158son07;chacha1;orwpar;whtdov,35,40,BC2026_Train_0060_S15_20250617_062700_40,0
BC2026_Train_0060_S15_20250617_062700.ogg,00:00:40,00:00:45,47158son07;chacha1;fusfly1;orwpar;whtdov,40,45,BC2026_Train_0060_S15_20250617_062700_45,0
BC2026_Train_0060_S15_20250617_062700.ogg,00:00:45,00:00:50,47158son07;orwpar;whtdov,45,50,BC2026_Train_0060_S15_20250617_062700_50,0
BC2026_Train_0060_S15_20250617_062700.ogg,00:00:50,00:00:55,47158son07;chacha1;orwpar;whtdov,50,55,BC2026_Train_0060_S15_20250617_062700_55,0
BC2026_Train_0060_S15_20250617_062700.ogg,00:00:55,00:01:00,47158son07;chacha1;whtdov,55,60,BC2026_Train_0060_S15_20250617_062700_60,0
BC2026_Train_0038_S22_20211228_220000.ogg,00:00:00,00:00:05,23158;24279;24321;517063;555146;65380;66971,0,5,BC2026_Train_0038_S22_20211228_220000_5,1
BC2026_Train_0038_S22_20211228_220000.ogg,00:00:05,00:00:10,23158;24279;24321;517063;555146;65380;66971,5,10,BC2026_Train_0038_S22_20211228_220000_10,1
BC2026_Train_0038_S22_20211228_220000.ogg,00:00:10,00:00:15,23158;24279;24321;517063;555146;65380;66971,10,15,BC2026_Train_0038_S22_20211228_220000_15,1
BC2026_Train_0038_S22_20211228_220000.ogg,00:00:15,00:00:20,23158;24279;24321;517063;555146;65380;66971,15,20,BC2026_Train_0038_S22_20211228_220000_20,1
BC2026_Train_0038_S22_20211228_220000.ogg,00:00:20,00:00:25,23158;24279;24321;517063;555146;65380;66971,20,25,BC2026_Train_0038_S22_20211228_220000_25,1
BC2026_Train_0038_S22_20211228_220000.ogg,00:00:25,00:00:30,23158;24279;24321;517063;555146;65380;66971,25,30,BC2026_Train_0038_S22_20211228_220000_30,1
BC2026_Train_0038_S22_20211228_220000.ogg,00:00:30,00:00:35,23158;24279;24321;517063;555146;65380;66971,30,35,BC2026_Train_0038_S22_20211228_220000_35,1
BC2026_Train_0038_S22_20211228_220000.ogg,00:00:35,00:00:40,23158;24279;24321;517063;555146;65380;66971,35,40,BC2026_Train_0038_S22_20211228_220000_40,1
BC2026_Train_0038_S22_20211228_220000.ogg,00:00:40,00:00:45,23158;24279;24321;517063;555146;65380;66971,40,45,BC2026_Train_0038_S22_20211228_220000_45,1
BC2026_Train_0038_S22_20211228_220000.ogg,00:00:45,00:00:50,23158;24279;24321;517063;555146;65380;66971,45,50,BC2026_Train_0038_S22_20211228_220000_50,1
BC2026_Train_0038_S22_20211228_220000.ogg,00:00:50,00:00:55,23158;24279;24321;517063;555146;65380;66971,50,55,BC2026_Train_0038_S22_20211228_220000_55,1
BC2026_Train_0038_S22_20211228_220000.ogg,00:00:55,00:01:00,23158;24279;24321;517063;555146;65380;66971,55,60,BC2026_Train_0038_S22_20211228_220000_60,1
BC2026_Train_0011_S03_20211114_200000.ogg,00:00:00,00:00:05,1491113;22967;22973,0,5,BC2026_Train_0011_S03_20211114_200000_5,0
BC2026_Train_0011_S03_20211114_200000.ogg,00:00:05,00:00:10,1491113;22967;22973;517063,5,10,BC2026_Train_0011_S03_20211114_200000_10,0
BC2026_Train_0011_S03_20211114_200000.ogg,00:00:10,00:00:15,1491113;22967;22973;517063,10,15,BC2026_Train_0011_S03_20211114_200000_15,0
BC2026_Train_0011_S03_20211114_200000.ogg,00:00:15,00:00:20,1491113;22967;22973;517063,15,20,BC2026_Train_0011_S03_20211114_200000_20,0
BC2026_Train_0011_S03_20211114_200000.ogg,00:00:20,00:00:25,1491113;22967;22973;517063,20,25,BC2026_Train_0011_S03_20211114_200000_25,0
BC2026_Train_0011_S03_20211114_200000.ogg,00:00:25,00:00:30,1491113;22967;22973;517063,25,30,BC2026_Train_0011_S03_20211114_200000_30,0
BC2026_Train_0011_S03_20211114_200000.ogg,00:00:30,00:00:35,1491113;22967;22973;517063,30,35,BC2026_Train_0011_S03_20211114_200000_35,0
BC2026_Train_0011_S03_20211114_200000.ogg,00:00:35,00:00:40,1491113;22967;22973;517063,35,40,BC2026_Train_0011_S03_20211114_200000_40,0
BC2026_Train_0011_S03_20211114_200000.ogg,00:00:40,00:00:45,1491113;22967;22973;517063,40,45,BC2026_Train_0011_S03_20211114_200000_45,0
BC2026_Train_0011_S03_20211114_200000.ogg,00:00:45,00:00:50,1491113;22967;22973;517063,45,50,BC2026_Train_0011_S03_20211114_200000_50,0
BC2026_Train_0011_S03_20211114_200000.ogg,00:00:50,00:00:55,1491113;22967;22973;517063,50,55,BC2026_Train_0011_S03_20211114_200000_55,0
BC2026_Train_0011_S03_20211114_200000.ogg,00:00:55,00:01:00,1491113;22967;22973;517063,55,60,BC2026_Train_0011_S03_20211114_200000_60,0
BC2026_Train_0037_S22_20211226_021500.ogg,00:00:00,00:00:05,23158;517063,0,5,BC2026_Train_0037_S22_20211226_021500_5,2
BC2026_Train_0037_S22_20211226_021500.ogg,00:00:05,00:00:10,23158;517063,5,10,BC2026_Train_0037_S22_20211226_021500_10,2
BC2026_Train_0037_S22_20211226_021500.ogg,00:00:10,00:00:15,23158;24279;517063,10,15,BC2026_Train_0037_S22_20211226_021500_15,2
BC2026_Train_0037_S22_20211226_021500.ogg,00:00:15,00:00:20,23158;24279;517063;65380,15,20,BC2026_Train_0037_S22_20211226_021500_20,2
BC2026_Train_0037_S22_20211226_021500.ogg,00:00:20,00:00:25,23158;24279;517063;65380;66971,20,25,BC2026_Train_0037_S22_20211226_021500_25,2
BC2026_Train_0037_S22_20211226_021500.ogg,00:00:25,00:00:30,23158;24279;517063;65380;66971,25,30,BC2026_Train_0037_S22_20211226_021500_30,2
BC2026_Train_0037_S22_20211226_021500.ogg,00:00:30,00:00:35,23158;24279;517063;65380,30,35,BC2026_Train_0037_S22_20211226_021500_35,2
BC2026_Train_0037_S22_20211226_021500.ogg,00:00:35,00:00:40,23158;24279;517063;65380,35,40,BC2026_Train_0037_S22_20211226_021500_40,2
BC2026_Train_0037_S22_20211226_021500.ogg,00:00:40,00:00:45,23158;24279;517063;65380,40,45,BC2026_Train_0037_S22_20211226_021500_45,2
BC2026_Train_0037_S22_20211226_021500.ogg,00:00:45,00:00:50,23158;24279;517063,45,50,BC2026_Train_0037_S22_20211226_021500_50,2
BC2026_Train_0037_S22_20211226_021500.ogg,00:00:50,00:00:55,23158;24279;517063,50,55,BC2026_Train_0037_S22_20211226_021500_55,2
BC2026_Train_0037_S22_20211226_021500.ogg,00:00:55,00:01:00,23158;24279;517063,55,60,BC2026_Train_0037_S22_20211226_021500_60,2
BC2026_Train_0058_S15_20250617_060100.ogg,00:00:00,00:00:05,47158son07;chvcon1;whtdov,0,5,BC2026_Train_0058_S15_20250617_060100_5,2
BC2026_Train_0058_S15_20250617_060100.ogg,00:00:05,00:00:10,47158son07;chvcon1;whtdov,5,10,BC2026_Train_0058_S15_20250617_060100_10,2
BC2026_Train_0058_S15_20250617_060100.ogg,00:00:10,00:00:15,47158son07;47158son08;chvcon1;undtin1;whtdov,10,15,BC2026_Train_0058_S15_20250617_060100_15,2
BC2026_Train_0058_S15_20250617_060100.ogg,00:00:15,00:00:20,47158son07;47158son08;chvcon1;undtin1;whtdov,15,20,BC2026_Train_0058_S15_20250617_060100_20,2
BC2026_Train_0058_S15_20250617_060100.ogg,00:00:20,00:00:25,47158son07;47158son08;chvcon1;limpki;ruther1;undtin1;whtdov,20,25,BC2026_Train_0058_S15_20250617_060100_25,2
BC2026_Train_0058_S15_20250617_060100.ogg,00:00:25,00:00:30,47158son07;47158son08;chacha1;chvcon1;whtdov,25,30,BC2026_Train_0058_S15_20250617_060100_30,2
BC2026_Train_0058_S15_20250617_060100.ogg,00:00:30,00:00:35,47158son07;chacha1;chvcon1;whtdov,30,35,BC2026_Train_0058_S15_20250617_060100_35,2
BC2026_Train_0058_S15_20250617_060100.ogg,00:00:35,00:00:40,47158son07;chacha1;chvcon1;whtdov,35,40,BC2026_Train_0058_S15_20250617_060100_40,2
BC2026_Train_0058_S15_20250617_060100.ogg,00:00:40,00:00:45,47158son07;chacha1;chvcon1;magant1;whtdov,40,45,BC2026_Train_0058_S15_20250617_060100_45,2
BC2026_Train_0058_S15_20250617_060100.ogg,00:00:45,00:00:50,47158son07;47158son08;chacha1;chvcon1;magant1;whtdov,45,50,BC2026_Train_0058_S15_20250617_060100_50,2
BC2026_Train_0058_S15_20250617_060100.ogg,00:00:50,00:00:55,47158son07;chacha1;chvcon1;orwpar;whtdov,50,55,BC2026_Train_0058_S15_20250617_060100_55,2
BC2026_Train_0058_S15_20250617_060100.ogg,00:00:55,00:01:00,47158son07;chacha1;chvcon1;orwpar;whtdov,55,60,BC2026_Train_0058_S15_20250617_060100_60,2
BC2026_Train_0066_S23_20241124_044002.ogg,00:00:00,00:00:05,47158son03;47158son10;47158son25;chacha1,0,5,BC2026_Train_0066_S23_20241124_044002_5,0
BC2026_Train_0066_S23_20241124_044002.ogg,00:00:05,00:00:10,47158son03;47158son10;47158son25;chacha1;whtdov,5,10,BC2026_Train_0066_S23_20241124_044002_10,0
BC2026_Train_0066_S23_20241124_044002.ogg,00:00:10,00:00:15,47158son03;47158son10;47158son25;chacha1;whtdov,10,15,BC2026_Train_0066_S23_20241124_044002_15,0
BC2026_Train_0066_S23_20241124_044002.ogg,00:00:15,00:00:20,47158son03;47158son10;47158son25;chacha1;whtdov,15,20,BC2026_Train_0066_S23_20241124_044002_20,0
BC2026_Train_0066_S23_20241124_044002.ogg,00:00:20,00:00:25,47158son03;47158son10;47158son25;chacha1;rufhor2;whtdov,20,25,BC2026_Train_0066_S23_20241124_044002_25,0
BC2026_Train_0066_S23_20241124_044002.ogg,00:00:25,00:00:30,47158son03;47158son10;47158son25;chacha1;rufhor2;whtdov,25,30,BC2026_Train_0066_S23_20241124_044002_30,0
BC2026_Train_0066_S23_20241124_044002.ogg,00:00:30,00:00:35,116570;47158son03;47158son10;47158son25;chacha1,30,35,BC2026_Train_0066_S23_20241124_044002_35,0
BC2026_Train_0066_S23_20241124_044002.ogg,00:00:35,00:00:40,47158son03;47158son10;47158son25;chacha1;rufhor2;whtdov,35,40,BC2026_Train_0066_S23_20241124_044002_40,0
BC2026_Train_0066_S23_20241124_044002.ogg,00:00:40,00:00:45,47158son03;47158son10;47158son25;chacha1;rufhor2;whtdov,40,45,BC2026_Train_0066_S23_20241124_044002_45,0
BC2026_Train_0066_S23_20241124_044002.ogg,00:00:45,00:00:50,47158son03;47158son10;47158son25;chacha1;whtdov,45,50,BC2026_Train_0066_S23_20241124_044002_50,0
BC2026_Train_0066_S23_20241124_044002.ogg,00:00:50,00:00:55,47158son03;47158son10;47158son25;chacha1;whtdov,50,55,BC2026_Train_0066_S23_20241124_044002_55,0
BC2026_Train_0066_S23_20241124_044002.ogg,00:00:55,00:01:00,47158son03;47158son10;47158son25;whtdov,55,60,BC2026_Train_0066_S23_20241124_044002_60,0
BC2026_Train_0065_S23_20241124_040002.ogg,00:00:00,00:00:05,43435;47158son02;47158son06;47158son14;47158son25,0,5,BC2026_Train_0065_S23_20241124_040002_5,1
BC2026_Train_0065_S23_20241124_040002.ogg,00:00:05,00:00:10,43435;47158son02;47158son06;47158son14;47158son25,5,10,BC2026_Train_0065_S23_20241124_040002_10,1
BC2026_Train_0065_S23_20241124_040002.ogg,00:00:10,00:00:15,43435;47158son02;47158son06;47158son14;47158son25,10,15,BC2026_Train_0065_S23_20241124_040002_15,1
BC2026_Train_0065_S23_20241124_040002.ogg,00:00:15,00:00:20,43435;47158son02;47158son06;47158son14;47158son25,15,20,BC2026_Train_0065_S23_20241124_040002_20,1
BC2026_Train_0065_S23_20241124_040002.ogg,00:00:20,00:00:25,43435;47158son06;47158son14;47158son25,20,25,BC2026_Train_0065_S23_20241124_040002_25,1
BC2026_Train_0065_S23_20241124_040002.ogg,00:00:25,00:00:30,43435;47158son06;47158son14;47158son25,25,30,BC2026_Train_0065_S23_20241124_040002_30,1
BC2026_Train_0065_S23_20241124_040002.ogg,00:00:30,00:00:35,116570;43435;47158son06;47158son14;47158son25,30,35,BC2026_Train_0065_S23_20241124_040002_35,1
BC2026_Train_0065_S23_20241124_040002.ogg,00:00:35,00:00:40,43435;47158son06;47158son14;47158son25,35,40,BC2026_Train_0065_S23_20241124_040002_40,1
BC2026_Train_0065_S23_20241124_040002.ogg,00:00:40,00:00:45,43435;47158son06;47158son10;47158son14;47158son25,40,45,BC2026_Train_0065_S23_20241124_040002_45,1
BC2026_Train_0065_S23_20241124_040002.ogg,00:00:45,00:00:50,43435;47158son02;47158son06;47158son14;47158son25,45,50,BC2026_Train_0065_S23_20241124_040002_50,1
BC2026_Train_0065_S23_20241124_040002.ogg,00:00:50,00:00:55,43435;47158son02;47158son06;47158son14;47158son25,50,55,BC2026_Train_0065_S23_20241124_040002_55,1
BC2026_Train_0065_S23_20241124_040002.ogg,00:00:55,00:01:00,43435;47158son02;47158son06;47158son14;47158son25,55,60,BC2026_Train_0065_S23_20241124_040002_60,1
BC2026_Train_0055_S22_20220219_200000.ogg,00:00:00,00:00:05,555146;65380;66971,0,5,BC2026_Train_0055_S22_20220219_200000_5,2
BC2026_Train_0055_S22_20220219_200000.ogg,00:00:05,00:00:10,555146;65380;66971,5,10,BC2026_Train_0055_S22_20220219_200000_10,2
BC2026_Train_0055_S22_20220219_200000.ogg,00:00:10,00:00:15,517063;555146;65380,10,15,BC2026_Train_0055_S22_20220219_200000_15,2
BC2026_Train_0055_S22_20220219_200000.ogg,00:00:15,00:00:20,517063;555146;65380,15,20,BC2026_Train_0055_S22_20220219_200000_20,2
BC2026_Train_0055_S22_20220219_200000.ogg,00:00:20,00:00:25,517063;555146;65380,20,25,BC2026_Train_0055_S22_20220219_200000_25,2
BC2026_Train_0055_S22_20220219_200000.ogg,00:00:25,00:00:30,517063;555146;65380,25,30,BC2026_Train_0055_S22_20220219_200000_30,2
BC2026_Train_0055_S22_20220219_200000.ogg,00:00:30,00:00:35,555146;65380,30,35,BC2026_Train_0055_S22_20220219_200000_35,2
BC2026_Train_0055_S22_20220219_200000.ogg,00:00:35,00:00:40,555146;65380,35,40,BC2026_Train_0055_S22_20220219_200000_40,2
BC2026_Train_0055_S22_20220219_200000.ogg,00:00:40,00:00:45,517063;555146,40,45,BC2026_Train_0055_S22_20220219_200000_45,2
BC2026_Train_0055_S22_20220219_200000.ogg,00:00:45,00:00:50,517063;555146,45,50,BC2026_Train_0055_S22_20220219_200000_50,2
BC2026_Train_0055_S22_20220219_200000.ogg,00:00:50,00:00:55,517063;555146;66971,50,55,BC2026_Train_0055_S22_20220219_200000_55,2
BC2026_Train_0055_S22_20220219_200000.ogg,00:00:55,00:01:00,517063;555146;66971,55,60,BC2026_Train_0055_S22_20220219_200000_60,2
