filename,start,end,primary_label,source_type,audio_path,fold
BC2026_Train_0039_S22_20211231_201500.ogg,0,5,22961;23158;24321;517063;65380,original,data/train_soundscapes_upsampled/BC2026_Train_0039_S22_20211231_201500_0_5.ogg,2
BC2026_Train_0039_S22_20211231_201500.ogg,5,10,22961;23158;24321;517063;65380,original,data/train_soundscapes_upsampled/BC2026_Train_0039_S22_20211231_201500_5_10.ogg,2
BC2026_Train_0039_S22_20211231_201500.ogg,10,15,22961;23158;24321;517063;65380,original,data/train_soundscapes_upsampled/BC2026_Train_0039_S22_20211231_201500_10_15.ogg,2
BC2026_Train_0039_S22_20211231_201500.ogg,15,20,22961;23158;24321;517063;65380,original,data/train_soundscapes_upsampled/BC2026_Train_0039_S22_20211231_201500_15_20.ogg,2
BC2026_Train_0039_S22_20211231_201500.ogg,20,25,22961;23158;24321;517063;65380,original,data/train_soundscapes_upsampled/BC2026_Train_0039_S22_20211231_201500_20_25.ogg,2
BC2026_Train_0039_S22_20211231_201500.ogg,25,30,22961;23158;24321;517063;65380,original,data/train_soundscapes_upsampled/BC2026_Train_0039_S22_20211231_201500_25_30.ogg,2
BC2026_Train_0039_S22_20211231_201500.ogg,30,35,22961;23158;24321;517063;65380,original,data/train_soundscapes_upsampled/BC2026_Train_0039_S22_20211231_201500_30_35.ogg,2
BC2026_Train_0039_S22_20211231_201500.ogg,35,40,22961;23158;24321;517063;65380,original,data/train_soundscapes_upsampled/BC2026_Train_0039_S22_20211231_201500_35_40.ogg,2
BC2026_Train_0039_S22_20211231_201500.ogg,40,45,22961;23158;24321;65380,original,data/train_soundscapes_upsampled/BC2026_Train_0039_S22_20211231_201500_40_45.ogg,2
BC2026_Train_0039_S22_20211231_201500.ogg,45,50,22961;23158;24321;517063;65380,original,data/train_soundscapes_upsampled/BC2026_Train_0039_S22_20211231_201500_45_50.ogg,2
BC2026_Train_0039_S22_20211231_201500.ogg,50,55,22961;23158;24321;65380,original,data/train_soundscapes_upsampled/BC2026_Train_0039_S22_20211231_201500_50_55.ogg,2
BC2026_Train_0039_S22_20211231_201500.ogg,55,60,22961;23158;24321;517063;65380,original,data/train_soundscapes_upsampled/BC2026_Train_0039_S22_20211231_201500_55_60.ogg,2
BC2026_Train_0019_S22_20211104_200000.ogg,0,5,22973;65380,original,data/train_soundscapes_upsampled/BC2026_Train_0019_S22_20211104_200000_0_5.ogg,0
BC2026_Train_0019_S22_20211104_200000.ogg,5,10,22973;517063;65380,original,data/train_soundscapes_upsampled/BC2026_Train_0019_S22_20211104_200000_5_10.ogg,0
BC2026_Train_0019_S22_20211104_200000.ogg,10,15,22973;517063;65380,original,data/train_soundscapes_upsampled/BC2026_Train_0019_S22_20211104_200000_10_15.ogg,0
BC2026_Train_0019_S22_20211104_200000.ogg,15,20,22973;65380,original,data/train_soundscapes_upsampled/BC2026_Train_0019_S22_20211104_200000_15_20.ogg,0
BC2026_Train_0019_S22_20211104_200000.ogg,20,25,22973;65380,original,data/train_soundscapes_upsampled/BC2026_Train_0019_S22_20211104_200000_20_25.ogg,0
BC2026_Train_0019_S22_20211104_200000.ogg,25,30,22973;65380;bunibi1,original,data/train_soundscapes_upsampled/BC2026_Train_0019_S22_20211104_200000_25_30.ogg,0
BC2026_Train_0019_S22_20211104_200000.ogg,30,35,22973;65380;bunibi1,original,data/train_soundscapes_upsampled/BC2026_Train_0019_S22_20211104_200000_30_35.ogg,0
BC2026_Train_0019_S22_20211104_200000.ogg,35,40,22973;47144;65380,original,data/train_soundscapes_upsampled/BC2026_Train_0019_S22_20211104_200000_35_40.ogg,0
BC2026_Train_0019_S22_20211104_200000.ogg,40,45,22973;47144;65380,original,data/train_soundscapes_upsampled/BC2026_Train_0019_S22_20211104_200000_40_45.ogg,0
BC2026_Train_0019_S22_20211104_200000.ogg,45,50,22973;65380,original,data/train_soundscapes_upsampled/BC2026_Train_0019_S22_20211104_200000_45_50.ogg,0
BC2026_Train_0019_S22_20211104_200000.ogg,50,55,22973,original,data/train_soundscapes_upsampled/BC2026_Train_0019_S22_20211104_200000_50_55.ogg,0
BC2026_Train_0019_S22_20211104_200000.ogg,55,60,22973,original,data/train_soundscapes_upsampled/BC2026_Train_0019_S22_20211104_200000_55_60.ogg,0
BC2026_Train_0053_S22_20220211_204500.ogg,0,5,22973;517063;555146;65380,original,data/train_soundscapes_upsampled/BC2026_Train_0053_S22_20220211_204500_0_5.ogg,1
BC2026_Train_0053_S22_20220211_204500.ogg,5,10,22973;517063;555146;65380,original,data/train_soundscapes_upsampled/BC2026_Train_0053_S22_20220211_204500_5_10.ogg,1
BC2026_Train_0053_S22_20220211_204500.ogg,10,15,22973;517063;555146;65380,original,data/train_soundscapes_upsampled/BC2026_Train_0053_S22_20220211_204500_10_15.ogg,1
BC2026_Train_0053_S22_20220211_204500.ogg,15,20,22973;24321;517063;555146;65380,original,data/train_soundscapes_upsampled/BC2026_Train_0053_S22_20220211_204500_15_20.ogg,1
BC2026_Train_0053_S22_20220211_204500.ogg,20,25,22973;24321;517063;555146;65380,original,data/train_soundscapes_upsampled/BC2026_Train_0053_S22_20220211_204500_20_25.ogg,1
BC2026_Train_0053_S22_20220211_204500.ogg,25,30,22973;24321;517063;555146;65380,original,data/train_soundscapes_upsampled/BC2026_Train_0053_S22_20220211_204500_25_30.ogg,1
BC2026_Train_0053_S22_20220211_204500.ogg,30,35,22973;24321;517063;555146;65380;66971,original,data/train_soundscapes_upsampled/BC2026_Train_0053_S22_20220211_204500_30_35.ogg,1
BC2026_Train_0053_S22_20220211_204500.ogg,35,40,22973;517063;555146;65380;66971,original,data/train_soundscapes_upsampled/BC2026_Train_0053_S22_20220211_204500_35_40.ogg,1
BC2026_Train_0053_S22_20220211_204500.ogg,40,45,22973;555146;65380;66971,original,data/train_soundscapes_upsampled/BC2026_Train_0053_S22_20220211_204500_40_45.ogg,1
BC2026_Train_0053_S22_20220211_204500.ogg,45,50,22973;517063;555146;65380,original,data/train_soundscapes_upsampled/BC2026_Train_0053_S22_20220211_204500_45_50.ogg,1
BC2026_Train_0053_S22_20220211_204500.ogg,50,55,22973;517063;555146;65380,original,data/train_soundscapes_upsampled/BC2026_Train_0053_S22_20220211_204500_50_55.ogg,1
BC2026_Train_0053_S22_20220211_204500.ogg,55,60,22973;517063;555146;65380;66971,original,data/train_soundscapes_upsampled/BC2026_Train_0053_S22_20220211_204500_55_60.ogg,1
BC2026_Train_0047_S22_20220131_003000.ogg,0,5,24279;555146;65380,original,data/train_soundscapes_upsampled/BC2026_Train_0047_S22_20220131_003000_0_5.ogg,1
BC2026_Train_0047_S22_20220131_003000.ogg,5,10,24279;517063;555146;65380,original,data/train_soundscapes_upsampled/BC2026_Train_0047_S22_20220131_003000_5_10.ogg,1
BC2026_Train_0047_S22_20220131_003000.ogg,10,15,22973;24279;517063;555146;65380,original,data/train_soundscapes_upsampled/BC2026_Train_0047_S22_20220131_003000_10_15.ogg,1
BC2026_Train_0047_S22_20220131_003000.ogg,15,20,22973;23158;24279;517063;555146;65380,original,data/train_soundscapes_upsampled/BC2026_Train_0047_S22_20220131_003000_15_20.ogg,1
BC2026_Train_0047_S22_20220131_003000.ogg,20,25,23158;24279;517063;555146;65380,original,data/train_soundscapes_upsampled/BC2026_Train_0047_S22_20220131_003000_20_25.ogg,1
BC2026_Train_0047_S22_20220131_003000.ogg,25,30,24279;517063;555146;65380,original,data/train_soundscapes_upsampled/BC2026_Train_0047_S22_20220131_003000_25_30.ogg,1
BC2026_Train_0047_S22_20220131_003000.ogg,30,35,22973;23158;24279;517063;555146;65380,original,data/train_soundscapes_upsampled/BC2026_Train_0047_S22_20220131_003000_30_35.ogg,1
BC2026_Train_0047_S22_20220131_003000.ogg,35,40,23158;24279;517063;555146;65380,original,data/train_soundscapes_upsampled/BC2026_Train_0047_S22_20220131_003000_35_40.ogg,1
BC2026_Train_0047_S22_20220131_003000.ogg,40,45,22973;24279;517063;555146;65380,original,data/train_soundscapes_upsampled/BC2026_Train_0047_S22_20220131_003000_40_45.ogg,1
BC2026_Train_0047_S22_20220131_003000.ogg,45,50,22973;24279;517063;555146;65380,original,data/train_soundscapes_upsampled/BC2026_Train_0047_S22_20220131_003000_45_50.ogg,1
BC2026_Train_0047_S22_20220131_003000.ogg,50,55,22973;23158;24279;517063;555146;65380,original,data/train_soundscapes_upsampled/BC2026_Train_0047_S22_20220131_003000_50_55.ogg,1
BC2026_Train_0047_S22_20220131_003000.ogg,55,60,24279;517063;555146;65380,original,data/train_soundscapes_upsampled/BC2026_Train_0047_S22_20220131_003000_55_60.ogg,1
BC2026_Train_0027_S22_20211129_014500.ogg,0,5,1491113;22967;22973;24279;517063;65380;trsowl,original,data/train_soundscapes_upsampled/BC2026_Train_0027_S22_20211129_014500_0_5.ogg,0
BC2026_Train_0027_S22_20211129_014500.ogg,5,10,1491113;22967;22973;517063;65380;trsowl,original,data/train_soundscapes_upsampled/BC2026_Train_0027_S22_20211129_014500_5_10.ogg,0
BC2026_Train_0027_S22_20211129_014500.ogg,10,15,1491113;22967;22973;24279;517063;65380;67252;trsowl,original,data/train_soundscapes_upsampled/BC2026_Train_0027_S22_20211129_014500_10_15.ogg,0
BC2026_Train_0027_S22_20211129_014500.ogg,15,20,1491113;22967;22973;24279;517063;65380;67252,original,data/train_soundscapes_upsampled/BC2026_Train_0027_S22_20211129_014500_15_20.ogg,0
BC2026_Train_0027_S22_20211129_014500.ogg,20,25,1491113;22967;22973;517063;65380;trsowl,original,data/train_soundscapes_upsampled/BC2026_Train_0027_S22_20211129_014500_20_25.ogg,0
BC2026_Train_0027_S22_20211129_014500.ogg,25,30,1491113;22967;22973;517063;65380;trsowl,original,data/train_soundscapes_upsampled/BC2026_Train_0027_S22_20211129_014500_25_30.ogg,0
BC2026_Train_0027_S22_20211129_014500.ogg,30,35,1491113;22967;22973;517063;65380,original,data/train_soundscapes_upsampled/BC2026_Train_0027_S22_20211129_014500_30_35.ogg,0
BC2026_Train_0027_S22_20211129_014500.ogg,35,40,1491113;22967;22973;517063;65380;trsowl,original,data/train_soundscapes_upsampled/BC2026_Train_0027_S22_20211129_014500_35_40.ogg,0
BC2026_Train_0027_S22_20211129_014500.ogg,40,45,1491113;22967;22973;517063;65380;trsowl,original,data/train_soundscapes_upsampled/BC2026_Train_0027_S22_20211129_014500_40_45.ogg,0
BC2026_Train_0027_S22_20211129_014500.ogg,45,50,1491113;22967;22973;517063;65380;trsowl,original,data/train_soundscapes_upsampled/BC2026_Train_0027_S22_20211129_014500_45_50.ogg,0
BC2026_Train_0027_S22_20211129_014500.ogg,50,55,1491113;22967;22973;517063;65380,original,data/train_soundscapes_upsampled/BC2026_Train_0027_S22_20211129_014500_50_55.ogg,0
BC2026_Train_0027_S22_20211129_014500.ogg,55,60,1491113;22967;22973;517063;65380;trsowl,original,data/train_soundscapes_upsampled/BC2026_Train_0027_S22_20211129_014500_55_60.ogg,0
BC2026_Train_0005_S08_20250607_070007.ogg,0,5,47158son15;47158son16;47158son17;47158son25,original,data/train_soundscapes_upsampled/BC2026_Train_0005_S08_20250607_070007_0_5.ogg,1
BC2026_Train_0005_S08_20250607_070007.ogg,5,10,47158son15;47158son16;47158son17;47158son25,original,data/train_soundscapes_upsampled/BC2026_Train_0005_S08_20250607_070007_5_10.ogg,1
BC2026_Train_0005_S08_20250607_070007.ogg,10,15,47158son15;47158son16;47158son25,original,data/train_soundscapes_upsampled/BC2026_Train_0005_S08_20250607_070007_10_15.ogg,1
BC2026_Train_0005_S08_20250607_070007.ogg,15,20,116570;47158son15;47158son16;47158son17;47158son25,original,data/train_soundscapes_upsampled/BC2026_Train_0005_S08_20250607_070007_15_20.ogg,1
BC2026_Train_0005_S08_20250607_070007.ogg,20,25,47158son15;47158son16;47158son17;47158son25,original,data/train_soundscapes_upsampled/BC2026_Train_0005_S08_20250607_070007_20_25.ogg,1
BC2026_Train_0005_S08_20250607_070007.ogg,25,30,116570;47158son15;47158son16;47158son17;47158son25,original,data/train_soundscapes_upsampled/BC2026_Train_0005_S08_20250607_070007_25_30.ogg,1
BC2026_Train_0005_S08_20250607_070007.ogg,30,35,47158son15;47158son16;47158son17;47158son25,original,data/train_soundscapes_upsampled/BC2026_Train_0005_S08_20250607_070007_30_35.ogg,1
BC2026_Train_0005_S08_20250607_070007.ogg,35,40,47158son15;47158son16;47158son17;47158son25,original,data/train_soundscapes_upsampled/BC2026_Train_0005_S08_20250607_070007_35_40.ogg,1
BC2026_Train_0005_S08_20250607_070007.ogg,40,45,47158son15;47158son16;47158son17;47158son25,original,data/train_soundscapes_upsampled/BC2026_Train_0005_S08_20250607_070007_40_45.ogg,1
BC2026_Train_0005_S08_20250607_070007.ogg,45,50,47158son15;47158son16;47158son17;47158son25;chacha1,original,data/train_soundscapes_upsampled/BC2026_Train_0005_S08_20250607_070007_45_50.ogg,1
BC2026_Train_0005_S08_20250607_070007.ogg,50,55,47158son15;47158son16;47158son17;47158son25;chacha1,original,data/train_soundscapes_upsampled/BC2026_Train_0005_S08_20250607_070007_50_55.ogg,1
BC2026_Train_0005_S08_20250607_070007.ogg,55,60,47158son15;47158son16;47158son25,original,data/train_soundscapes_upsampled/BC2026_Train_0005_S08_20250607_070007_55_60.ogg,1
BC2026_Train_0014_S13_20220228_214500.ogg,0,5,22961;23158;65377;65380,original,data/train_soundscapes_upsampled/BC2026_Train_0014_S13_20220228_214500_0_5.ogg,0
BC2026_Train_0014_S13_20220228_214500.ogg,5,10,22961;23158;65380,original,data/train_soundscapes_upsampled/BC2026_Train_0014_S13_20220228_214500_5_10.ogg,0
BC2026_Train_0014_S13_20220228_214500.ogg,10,15,22961;65377;65380,original,data/train_soundscapes_upsampled/BC2026_Train_0014_S13_20220228_214500_10_15.ogg,0
BC2026_Train_0014_S13_20220228_214500.ogg,15,20,22961;65377;65380,original,data/train_soundscapes_upsampled/BC2026_Train_0014_S13_20220228_214500_15_20.ogg,0
BC2026_Train_0014_S13_20220228_214500.ogg,20,25,22961;23158;65377;65380,original,data/train_soundscapes_upsampled/BC2026_Train_0014_S13_20220228_214500_20_25.ogg,0
BC2026_Train_0014_S13_20220228_214500.ogg,25,30,22961;65377;65380,original,data/train_soundscapes_upsampled/BC2026_Train_0014_S13_20220228_214500_25_30.ogg,0
BC2026_Train_0014_S13_20220228_214500.ogg,30,35,22961;65377;65380,original,data/train_soundscapes_upsampled/BC2026_Train_0014_S13_20220228_214500_30_35.ogg,0
BC2026_Train_0014_S13_20220228_214500.ogg,35,40,22961;23158;65380,original,data/train_soundscapes_upsampled/BC2026_Train_0014_S13_20220228_214500_35_40.ogg,0
BC2026_Train_0014_S13_20220228_214500.ogg,40,45,22961;23158;517063;65377;65380,original,data/train_soundscapes_upsampled/BC2026_Train_0014_S13_20220228_214500_40_45.ogg,0
BC2026_Train_0014_S13_20220228_214500.ogg,45,50,22961;65380,original,data/train_soundscapes_upsampled/BC2026_Train_0014_S13_20220228_214500_45_50.ogg,0
BC2026_Train_0014_S13_20220228_214500.ogg,50,55,22961;23158;65377;65380,original,data/train_soundscapes_upsampled/BC2026_Train_0014_S13_20220228_214500_50_55.ogg,0
BC2026_Train_0014_S13_20220228_214500.ogg,55,60,22961;517063;65377;65380,original,data/train_soundscapes_upsampled/BC2026_Train_0014_S13_20220228_214500_55_60.ogg,0
BC2026_Train_0061_S19_20250418_210000.ogg,0,5,326272;517063,original,data/train_soundscapes_upsampled/BC2026_Train_0061_S19_20250418_210000_0_5.ogg,2
BC2026_Train_0061_S19_20250418_210000.ogg,5,10,326272,original,data/train_soundscapes_upsampled/BC2026_Train_0061_S19_20250418_210000_5_10.ogg,2
BC2026_Train_0061_S19_20250418_210000.ogg,10,15,326272,original,data/train_soundscapes_upsampled/BC2026_Train_0061_S19_20250418_210000_10_15.ogg,2
BC2026_Train_0061_S19_20250418_210000.ogg,15,20,326272,original,data/train_soundscapes_upsampled/BC2026_Train_0061_S19_20250418_210000_15_20.ogg,2
BC2026_Train_0061_S19_20250418_210000.ogg,20,25,326272,original,data/train_soundscapes_upsampled/BC2026_Train_0061_S19_20250418_210000_20_25.ogg,2
BC2026_Train_0061_S19_20250418_210000.ogg,25,30,326272,original,data/train_soundscapes_upsampled/BC2026_Train_0061_S19_20250418_210000_25_30.ogg,2
BC2026_Train_0061_S19_20250418_210000.ogg,30,35,326272,original,data/train_soundscapes_upsampled/BC2026_Train_0061_S19_20250418_210000_30_35.ogg,2
BC2026_Train_0061_S19_20250418_210000.ogg,35,40,326272,original,data/train_soundscapes_upsampled/BC2026_Train_0061_S19_20250418_210000_35_40.ogg,2
BC2026_Train_0061_S19_20250418_210000.ogg,40,45,326272,original,data/train_soundscapes_upsampled/BC2026_Train_0061_S19_20250418_210000_40_45.ogg,2
BC2026_Train_0061_S19_20250418_210000.ogg,45,50,326272,original,data/train_soundscapes_upsampled/BC2026_Train_0061_S19_20250418_210000_45_50.ogg,2
BC2026_Train_0061_S19_20250418_210000.ogg,50,55,326272,original,data/train_soundscapes_upsampled/BC2026_Train_0061_S19_20250418_210000_50_55.ogg,2
BC2026_Train_0061_S19_20250418_210000.ogg,55,60,517063,original,data/train_soundscapes_upsampled/BC2026_Train_0061_S19_20250418_210000_55_60.ogg,2
BC2026_Train_0046_S22_20220127_230000.ogg,0,5,24279;555146;65380;66971,original,data/train_soundscapes_upsampled/BC2026_Train_0046_S22_20220127_230000_0_5.ogg,2
BC2026_Train_0046_S22_20220127_230000.ogg,5,10,24279;24321;555146;65380;66971,original,data/train_soundscapes_upsampled/BC2026_Train_0046_S22_20220127_230000_5_10.ogg,2
BC2026_Train_0046_S22_20220127_230000.ogg,10,15,24279;24321;555146;65380;66971,original,data/train_soundscapes_upsampled/BC2026_Train_0046_S22_20220127_230000_10_15.ogg,2
BC2026_Train_0046_S22_20220127_230000.ogg,15,20,24279;24321;555146;65380,original,data/train_soundscapes_upsampled/BC2026_Train_0046_S22_20220127_230000_15_20.ogg,2
BC2026_Train_0046_S22_20220127_230000.ogg,20,25,24279;555146;65380,original,data/train_soundscapes_upsampled/BC2026_Train_0046_S22_20220127_230000_20_25.ogg,2
BC2026_Train_0046_S22_20220127_230000.ogg,25,30,24279;555146;65380;66971,original,data/train_soundscapes_upsampled/BC2026_Train_0046_S22_20220127_230000_25_30.ogg,2
BC2026_Train_0046_S22_20220127_230000.ogg,30,35,24279;555146;65380;66971,original,data/train_soundscapes_upsampled/BC2026_Train_0046_S22_20220127_230000_30_35.ogg,2
BC2026_Train_0046_S22_20220127_230000.ogg,35,40,24279;24321;555146;65380;66971,original,data/train_soundscapes_upsampled/BC2026_Train_0046_S22_20220127_230000_35_40.ogg,2
BC2026_Train_0046_S22_20220127_230000.ogg,40,45,24279;24321;555146;65380,original,data/train_soundscapes_upsampled/BC2026_Train_0046_S22_20220127_230000_40_45.ogg,2
BC2026_Train_0046_S22_20220127_230000.ogg,45,50,24279;24321;555146;65380;66971,original,data/train_soundscapes_upsampled/BC2026_Train_0046_S22_20220127_230000_45_50.ogg,2
BC2026_Train_0046_S22_20220127_230000.ogg,50,55,24279;555146;65380;66971,original,data/train_soundscapes_upsampled/BC2026_Train_0046_S22_20220127_230000_50_55.ogg,2
BC2026_Train_0046_S22_20220127_230000.ogg,55,60,24279;555146;65380,original,data/train_soundscapes_upsampled/BC2026_Train_0046_S22_20220127_230000_55_60.ogg,2
BC2026_Train_0057_S15_20250617_060000.ogg,0,5,47158son07;chvcon1;undtin1;whtdov,original,data/train_soundscapes_upsampled/BC2026_Train_0057_S15_20250617_060000_0_5.ogg,2
BC2026_Train_0057_S15_20250617_060000.ogg,5,10,47158son07;chacha1;chvcon1;whtdov,original,data/train_soundscapes_upsampled/BC2026_Train_0057_S15_20250617_060000_5_10.ogg,2
BC2026_Train_0057_S15_20250617_060000.ogg,10,15,47158son07;chacha1;chvcon1;whtdov,original,data/train_soundscapes_upsampled/BC2026_Train_0057_S15_20250617_060000_10_15.ogg,2
BC2026_Train_0057_S15_20250617_060000.ogg,15,20,47158son07;chvcon1;limpki;whtdov,original,data/train_soundscapes_upsampled/BC2026_Train_0057_S15_20250617_060000_15_20.ogg,2
BC2026_Train_0057_S15_20250617_060000.ogg,20,25,47158son07;chvcon1;limpki;whtdov,original,data/train_soundscapes_upsampled/BC2026_Train_0057_S15_20250617_060000_20_25.ogg,2
BC2026_Train_0057_S15_20250617_060000.ogg,25,30,47158son07;chvcon1;undtin1;whtdov,original,data/train_soundscapes_upsampled/BC2026_Train_0057_S15_20250617_060000_25_30.ogg,2
BC2026_Train_0057_S15_20250617_060000.ogg,30,35,47158son07;chvcon1;undtin1;whtdov,original,data/train_soundscapes_upsampled/BC2026_Train_0057_S15_20250617_060000_30_35.ogg,2
BC2026_Train_0057_S15_20250617_060000.ogg,35,40,47158son07;chvcon1;undtin1;whtdov,original,data/train_soundscapes_upsampled/BC2026_Train_0057_S15_20250617_060000_35_40.ogg,2
BC2026_Train_0057_S15_20250617_060000.ogg,40,45,47158son07;chvcon1;magant1;whtdov,original,data/train_soundscapes_upsampled/BC2026_Train_0057_S15_20250617_060000_40_45.ogg,2
BC2026_Train_0057_S15_20250617_060000.ogg,45,50,47158son07;rutjac1;undtin1;whtdov,original,data/train_soundscapes_upsampled/BC2026_Train_0057_S15_20250617_060000_45_50.ogg,2
BC2026_Train_0057_S15_20250617_060000.ogg,50,55,47158son07;chvcon1;purjay1;undtin1;whtdov,original,data/train_soundscapes_upsampled/BC2026_Train_0057_S15_20250617_060000_50_55.ogg,2
BC2026_Train_0057_S15_20250617_060000.ogg,55,60,47158son07;chvcon1;undtin1;whtdov,original,data/train_soundscapes_upsampled/BC2026_Train_0057_S15_20250617_060000_55_60.ogg,2
BC2026_Train_0004_S08_20250607_070007.ogg,0,5,116570;47158son03;47158son18;chacha1,original,data/train_soundscapes_upsampled/BC2026_Train_0004_S08_20250607_070007_0_5.ogg,2
BC2026_Train_0004_S08_20250607_070007.ogg,5,10,116570;47158son03;47158son17;47158son18;chacha1,original,data/train_soundscapes_upsampled/BC2026_Train_0004_S08_20250607_070007_5_10.ogg,2
BC2026_Train_0004_S08_20250607_070007.ogg,10,15,47158son03;47158son17;47158son18;chacha1,original,data/train_soundscapes_upsampled/BC2026_Train_0004_S08_20250607_070007_10_15.ogg,2
BC2026_Train_0004_S08_20250607_070007.ogg,15,20,116570;47158son03;47158son17;47158son18;chacha1,original,data/train_soundscapes_upsampled/BC2026_Train_0004_S08_20250607_070007_15_20.ogg,2
BC2026_Train_0004_S08_20250607_070007.ogg,20,25,116570;47158son03;47158son17;47158son18;47158son19;chacha1,original,data/train_soundscapes_upsampled/BC2026_Train_0004_S08_20250607_070007_20_25.ogg,2
BC2026_Train_0004_S08_20250607_070007.ogg,25,30,47158son03;47158son17;47158son18,original,data/train_soundscapes_upsampled/BC2026_Train_0004_S08_20250607_070007_25_30.ogg,2
BC2026_Train_0004_S08_20250607_070007.ogg,30,35,47158son03;47158son17;47158son18,original,data/train_soundscapes_upsampled/BC2026_Train_0004_S08_20250607_070007_30_35.ogg,2
BC2026_Train_0004_S08_20250607_070007.ogg,35,40,47158son03;47158son17;47158son18,original,data/train_soundscapes_upsampled/BC2026_Train_0004_S08_20250607_070007_35_40.ogg,2
BC2026_Train_0004_S08_20250607_070007.ogg,40,45,47158son03;47158son17;47158son18,original,data/train_soundscapes_upsampled/BC2026_Train_0004_S08_20250607_070007_40_45.ogg,2
BC2026_Train_0004_S08_20250607_070007.ogg,45,50,47158son03;47158son18,original,data/train_soundscapes_upsampled/BC2026_Train_0004_S08_20250607_070007_45_50.ogg,2
BC2026_Train_0004_S08_20250607_070007.ogg,50,55,47158son03;47158son18,original,data/train_soundscapes_upsampled/BC2026_Train_0004_S08_20250607_070007_50_55.ogg,2
BC2026_Train_0004_S08_20250607_070007.ogg,55,60,47158son03;47158son17;47158son18,original,data/train_soundscapes_upsampled/BC2026_Train_0004_S08_20250607_070007_55_60.ogg,2
BC2026_Train_0049_S22_20220203_221500.ogg,0,5,555146;65380;66971,original,data/train_soundscapes_upsampled/BC2026_Train_0049_S22_20220203_221500_0_5.ogg,1
BC2026_Train_0049_S22_20220203_221500.ogg,5,10,517063;555146;65380;66971,original,data/train_soundscapes_upsampled/BC2026_Train_0049_S22_20220203_221500_5_10.ogg,1
BC2026_Train_0049_S22_20220203_221500.ogg,10,15,24321;555146;65380;66971,original,data/train_soundscapes_upsampled/BC2026_Train_0049_S22_20220203_221500_10_15.ogg,1
BC2026_Train_0049_S22_20220203_221500.ogg,15,20,24321;555146;65380;66971,original,data/train_soundscapes_upsampled/BC2026_Train_0049_S22_20220203_221500_15_20.ogg,1
BC2026_Train_0049_S22_20220203_221500.ogg,20,25,24321;555146;65380;66971,original,data/train_soundscapes_upsampled/BC2026_Train_0049_S22_20220203_221500_20_25.ogg,1
BC2026_Train_0049_S22_20220203_221500.ogg,25,30,24321;517063;555146;65380;66971,original,data/train_soundscapes_upsampled/BC2026_Train_0049_S22_20220203_221500_25_30.ogg,1
BC2026_Train_0049_S22_20220203_221500.ogg,30,35,24321;517063;555146;65380;66971,original,data/train_soundscapes_upsampled/BC2026_Train_0049_S22_20220203_221500_30_35.ogg,1
BC2026_Train_0049_S22_20220203_221500.ogg,35,40,24321;555146;65380;66971,original,data/train_soundscapes_upsampled/BC2026_Train_0049_S22_20220203_221500_35_40.ogg,1
BC2026_Train_0049_S22_20220203_221500.ogg,40,45,24321;555146;65380;66971,original,data/train_soundscapes_upsampled/BC2026_Train_0049_S22_20220203_221500_40_45.ogg,1
BC2026_Train_0049_S22_20220203_221500.ogg,45,50,22973;24321;555146;65380;66971,original,data/train_soundscapes_upsampled/BC2026_Train_0049_S22_20220203_221500_45_50.ogg,1
BC2026_Train_0049_S22_20220203_221500.ogg,50,55,24321;555146;65380;66971,original,data/train_soundscapes_upsampled/BC2026_Train_0049_S22_20220203_221500_50_55.ogg,1
BC2026_Train_0049_S22_20220203_221500.ogg,55,60,22973;555146;65380;66971,original,data/train_soundscapes_upsampled/BC2026_Train_0049_S22_20220203_221500_55_60.ogg,1
BC2026_Train_0015_S18_20211016_011500.ogg,15,20,555146,original,data/train_soundscapes_upsampled/BC2026_Train_0015_S18_20211016_011500_15_20.ogg,2
BC2026_Train_0015_S18_20211016_011500.ogg,50,55,517063,original,data/train_soundscapes_upsampled/BC2026_Train_0015_S18_20211016_011500_50_55.ogg,2
BC2026_Train_0015_S18_20211016_011500.ogg,55,60,517063,original,data/train_soundscapes_upsampled/BC2026_Train_0015_S18_20211016_011500_55_60.ogg,2
BC2026_Train_0056_S22_20220221_214500.ogg,0,5,517063;65380,original,data/train_soundscapes_upsampled/BC2026_Train_0056_S22_20220221_214500_0_5.ogg,2
BC2026_Train_0056_S22_20220221_214500.ogg,5,10,517063;65380,original,data/train_soundscapes_upsampled/BC2026_Train_0056_S22_20220221_214500_5_10.ogg,2
BC2026_Train_0056_S22_20220221_214500.ogg,10,15,517063;555146;65380,original,data/train_soundscapes_upsampled/BC2026_Train_0056_S22_20220221_214500_10_15.ogg,2
BC2026_Train_0056_S22_20220221_214500.ogg,15,20,517063;65380;66971,original,data/train_soundscapes_upsampled/BC2026_Train_0056_S22_20220221_214500_15_20.ogg,2
BC2026_Train_0056_S22_20220221_214500.ogg,20,25,517063;555146;65380;66971,original,data/train_soundscapes_upsampled/BC2026_Train_0056_S22_20220221_214500_20_25.ogg,2
BC2026_Train_0056_S22_20220221_214500.ogg,25,30,517063;65380;66971,original,data/train_soundscapes_upsampled/BC2026_Train_0056_S22_20220221_214500_25_30.ogg,2
BC2026_Train_0056_S22_20220221_214500.ogg,30,35,517063;65380;66971,original,data/train_soundscapes_upsampled/BC2026_Train_0056_S22_20220221_214500_30_35.ogg,2
BC2026_Train_0056_S22_20220221_214500.ogg,35,40,517063;65380;66971,original,data/train_soundscapes_upsampled/BC2026_Train_0056_S22_20220221_214500_35_40.ogg,2
BC2026_Train_0056_S22_20220221_214500.ogg,40,45,517063;65380;66971,original,data/train_soundscapes_upsampled/BC2026_Train_0056_S22_20220221_214500_40_45.ogg,2
BC2026_Train_0056_S22_20220221_214500.ogg,45,50,517063;65380,original,data/train_soundscapes_upsampled/BC2026_Train_0056_S22_20220221_214500_45_50.ogg,2
BC2026_Train_0056_S22_20220221_214500.ogg,50,55,517063;555146;65380,original,data/train_soundscapes_upsampled/BC2026_Train_0056_S22_20220221_214500_50_55.ogg,2
BC2026_Train_0056_S22_20220221_214500.ogg,55,60,517063;555146;65380,original,data/train_soundscapes_upsampled/BC2026_Train_0056_S22_20220221_214500_55_60.ogg,2
BC2026_Train_0044_S22_20220124_023000.ogg,0,5,22973;517063;65380,original,data/train_soundscapes_upsampled/BC2026_Train_0044_S22_20220124_023000_0_5.ogg,2
BC2026_Train_0044_S22_20220124_023000.ogg,5,10,22973;517063;65380,original,data/train_soundscapes_upsampled/BC2026_Train_0044_S22_20220124_023000_5_10.ogg,2
BC2026_Train_0044_S22_20220124_023000.ogg,10,15,22973;517063;65380,original,data/train_soundscapes_upsampled/BC2026_Train_0044_S22_20220124_023000_10_15.ogg,2
BC2026_Train_0044_S22_20220124_023000.ogg,15,20,22973;24321;517063;65380,original,data/train_soundscapes_upsampled/BC2026_Train_0044_S22_20220124_023000_15_20.ogg,2
BC2026_Train_0044_S22_20220124_023000.ogg,20,25,22973;24321;517063;65380,original,data/train_soundscapes_upsampled/BC2026_Train_0044_S22_20220124_023000_20_25.ogg,2
BC2026_Train_0044_S22_20220124_023000.ogg,25,30,22973;517063;65380,original,data/train_soundscapes_upsampled/BC2026_Train_0044_S22_20220124_023000_25_30.ogg,2
BC2026_Train_0044_S22_20220124_023000.ogg,30,35,22973;24279;517063;65380,original,data/train_soundscapes_upsampled/BC2026_Train_0044_S22_20220124_023000_30_35.ogg,2
BC2026_Train_0044_S22_20220124_023000.ogg,35,40,22973;24321;517063;65380,original,data/train_soundscapes_upsampled/BC2026_Train_0044_S22_20220124_023000_35_40.ogg,2
BC2026_Train_0044_S22_20220124_023000.ogg,40,45,22967;22973;24321;517063;65380,original,data/train_soundscapes_upsampled/BC2026_Train_0044_S22_20220124_023000_40_45.ogg,2
BC2026_Train_0044_S22_20220124_023000.ogg,45,50,22967;22973;517063;65380,original,data/train_soundscapes_upsampled/BC2026_Train_0044_S22_20220124_023000_45_50.ogg,2
BC2026_Train_0044_S22_20220124_023000.ogg,50,55,22973;24321;517063;65380,original,data/train_soundscapes_upsampled/BC2026_Train_0044_S22_20220124_023000_50_55.ogg,2
BC2026_Train_0044_S22_20220124_023000.ogg,55,60,22973;24321;517063;65380,original,data/train_soundscapes_upsampled/BC2026_Train_0044_S22_20220124_023000_55_60.ogg,2
BC2026_Train_0007_S09_20250829_000000.ogg,0,5,grekis,original,data/train_soundscapes_upsampled/BC2026_Train_0007_S09_20250829_000000_0_5.ogg,2
BC2026_Train_0007_S09_20250829_000000.ogg,5,10,thlwre1,original,data/train_soundscapes_upsampled/BC2026_Train_0007_S09_20250829_000000_5_10.ogg,2
BC2026_Train_0007_S09_20250829_000000.ogg,10,15,516975;thlwre1,original,data/train_soundscapes_upsampled/BC2026_Train_0007_S09_20250829_000000_10_15.ogg,2
BC2026_Train_0007_S09_20250829_000000.ogg,15,20,516975,original,data/train_soundscapes_upsampled/BC2026_Train_0007_S09_20250829_000000_15_20.ogg,2
BC2026_Train_0007_S09_20250829_000000.ogg,35,40,chacha1,original,data/train_soundscapes_upsampled/BC2026_Train_0007_S09_20250829_000000_35_40.ogg,2
BC2026_Train_0007_S09_20250829_000000.ogg,40,45,chacha1,original,data/train_soundscapes_upsampled/BC2026_Train_0007_S09_20250829_000000_40_45.ogg,2
BC2026_Train_0007_S09_20250829_000000.ogg,50,55,plcjay1,original,data/train_soundscapes_upsampled/BC2026_Train_0007_S09_20250829_000000_50_55.ogg,2
BC2026_Train_0007_S09_20250829_000000.ogg,55,60,grekis,original,data/train_soundscapes_upsampled/BC2026_Train_0007_S09_20250829_000000_55_60.ogg,2
BC2026_Train_0018_S22_20211028_234500.ogg,0,5,22967;22973;517063;chacha1;trsowl,original,data/train_soundscapes_upsampled/BC2026_Train_0018_S22_20211028_234500_0_5.ogg,0
BC2026_Train_0018_S22_20211028_234500.ogg,5,10,22967;22973;chacha1;litnig1;trsowl,original,data/train_soundscapes_upsampled/BC2026_Train_0018_S22_20211028_234500_5_10.ogg,0
BC2026_Train_0018_S22_20211028_234500.ogg,10,15,22967;22973;litnig1,original,data/train_soundscapes_upsampled/BC2026_Train_0018_S22_20211028_234500_10_15.ogg,0
BC2026_Train_0018_S22_20211028_234500.ogg,15,20,22967;22973;517063;litnig1;trsowl,original,data/train_soundscapes_upsampled/BC2026_Train_0018_S22_20211028_234500_15_20.ogg,0
BC2026_Train_0018_S22_20211028_234500.ogg,20,25,22967;22973;517063;chacha1;litnig1,original,data/train_soundscapes_upsampled/BC2026_Train_0018_S22_20211028_234500_20_25.ogg,0
BC2026_Train_0018_S22_20211028_234500.ogg,25,30,22967;22973;517063;litnig1,original,data/train_soundscapes_upsampled/BC2026_Train_0018_S22_20211028_234500_25_30.ogg,0
BC2026_Train_0018_S22_20211028_234500.ogg,30,35,22967;22973;517063;trsowl,original,data/train_soundscapes_upsampled/BC2026_Train_0018_S22_20211028_234500_30_35.ogg,0
BC2026_Train_0018_S22_20211028_234500.ogg,35,40,22967;22973;517063;trsowl,original,data/train_soundscapes_upsampled/BC2026_Train_0018_S22_20211028_234500_35_40.ogg,0
BC2026_Train_0018_S22_20211028_234500.ogg,40,45,22967;22973;litnig1,original,data/train_soundscapes_upsampled/BC2026_Train_0018_S22_20211028_234500_40_45.ogg,0
BC2026_Train_0018_S22_20211028_234500.ogg,45,50,22967;22973;trsowl,original,data/train_soundscapes_upsampled/BC2026_Train_0018_S22_20211028_234500_45_50.ogg,0
BC2026_Train_0018_S22_20211028_234500.ogg,50,55,22967;22973;litnig1;trsowl,original,data/train_soundscapes_upsampled/BC2026_Train_0018_S22_20211028_234500_50_55.ogg,0
BC2026_Train_0018_S22_20211028_234500.ogg,55,60,22967;22973;517063;litnig1,original,data/train_soundscapes_upsampled/BC2026_Train_0018_S22_20211028_234500_55_60.ogg,0
BC2026_Train_0003_S08_20250607_070007.ogg,0,5,47158son08;47158son11;47158son17;47158son20;47158son25;chacha1,original,data/train_soundscapes_upsampled/BC2026_Train_0003_S08_20250607_070007_0_5.ogg,0
BC2026_Train_0003_S08_20250607_070007.ogg,5,10,47158son08;47158son11;47158son17;47158son20;47158son25;chacha1,original,data/train_soundscapes_upsampled/BC2026_Train_0003_S08_20250607_070007_5_10.ogg,0
BC2026_Train_0003_S08_20250607_070007.ogg,10,15,47158son08;47158son11;47158son17;47158son19;47158son20;47158son25;chacha1,original,data/train_soundscapes_upsampled/BC2026_Train_0003_S08_20250607_070007_10_15.ogg,0
BC2026_Train_0003_S08_20250607_070007.ogg,15,20,47158son08;47158son11;47158son17;47158son19;47158son20;47158son25;chacha1,original,data/train_soundscapes_upsampled/BC2026_Train_0003_S08_20250607_070007_15_20.ogg,0
BC2026_Train_0003_S08_20250607_070007.ogg,20,25,116570;47158son08;47158son11;47158son17;47158son20;47158son25,original,data/train_soundscapes_upsampled/BC2026_Train_0003_S08_20250607_070007_20_25.ogg,0
BC2026_Train_0003_S08_20250607_070007.ogg,25,30,47158son08;47158son11;47158son17;47158son20;47158son25,original,data/train_soundscapes_upsampled/BC2026_Train_0003_S08_20250607_070007_25_30.ogg,0
BC2026_Train_0003_S08_20250607_070007.ogg,30,35,47158son08;47158son11;47158son17;47158son20;47158son25;chacha1,original,data/train_soundscapes_upsampled/BC2026_Train_0003_S08_20250607_070007_30_35.ogg,0
BC2026_Train_0003_S08_20250607_070007.ogg,35,40,47158son08;47158son11;47158son17;47158son19;47158son20;47158son25;chacha1,original,data/train_soundscapes_upsampled/BC2026_Train_0003_S08_20250607_070007_35_40.ogg,0
BC2026_Train_0003_S08_20250607_070007.ogg,40,45,47158son08;47158son11;47158son17;47158son20;47158son25;chacha1,original,data/train_soundscapes_upsampled/BC2026_Train_0003_S08_20250607_070007_40_45.ogg,0
BC2026_Train_0003_S08_20250607_070007.ogg,45,50,47158son08;47158son11;47158son17;47158son20;47158son25;chacha1,original,data/train_soundscapes_upsampled/BC2026_Train_0003_S08_20250607_070007_45_50.ogg,0
BC2026_Train_0003_S08_20250607_070007.ogg,50,55,47158son08;47158son11;47158son17;47158son20;47158son25;chacha1,original,data/train_soundscapes_upsampled/BC2026_Train_0003_S08_20250607_070007_50_55.ogg,0
BC2026_Train_0003_S08_20250607_070007.ogg,55,60,47158son08;47158son11;47158son17;47158son19;47158son20;47158son25;chacha1,original,data/train_soundscapes_upsampled/BC2026_Train_0003_S08_20250607_070007_55_60.ogg,0
BC2026_Train_0033_S22_20211216_200000.ogg,0,5,23158;24321;555146;65380,original,data/train_soundscapes_upsampled/BC2026_Train_0033_S22_20211216_200000_0_5.ogg,1
BC2026_Train_0033_S22_20211216_200000.ogg,5,10,23158;24321;555146;65380,original,data/train_soundscapes_upsampled/BC2026_Train_0033_S22_20211216_200000_5_10.ogg,1
BC2026_Train_0033_S22_20211216_200000.ogg,10,15,23158;24321;65380,original,data/train_soundscapes_upsampled/BC2026_Train_0033_S22_20211216_200000_10_15.ogg,1
BC2026_Train_0033_S22_20211216_200000.ogg,15,20,23158;24321;555146;65380,original,data/train_soundscapes_upsampled/BC2026_Train_0033_S22_20211216_200000_15_20.ogg,1
BC2026_Train_0033_S22_20211216_200000.ogg,20,25,23158;24321;65380,original,data/train_soundscapes_upsampled/BC2026_Train_0033_S22_20211216_200000_20_25.ogg,1
BC2026_Train_0033_S22_20211216_200000.ogg,25,30,23158;24321;555146;65380,original,data/train_soundscapes_upsampled/BC2026_Train_0033_S22_20211216_200000_25_30.ogg,1
BC2026_Train_0033_S22_20211216_200000.ogg,30,35,23158;24321;555146;65380,original,data/train_soundscapes_upsampled/BC2026_Train_0033_S22_20211216_200000_30_35.ogg,1
BC2026_Train_0033_S22_20211216_200000.ogg,35,40,23158;24321;65380,original,data/train_soundscapes_upsampled/BC2026_Train_0033_S22_20211216_200000_35_40.ogg,1
BC2026_Train_0033_S22_20211216_200000.ogg,40,45,23158;24321;65380,original,data/train_soundscapes_upsampled/BC2026_Train_0033_S22_20211216_200000_40_45.ogg,1
BC2026_Train_0033_S22_20211216_200000.ogg,45,50,23158;24321;65380,original,data/train_soundscapes_upsampled/BC2026_Train_0033_S22_20211216_200000_45_50.ogg,1
BC2026_Train_0033_S22_20211216_200000.ogg,50,55,23158;24321;517063;65380,original,data/train_soundscapes_upsampled/BC2026_Train_0033_S22_20211216_200000_50_55.ogg,1
BC2026_Train_0033_S22_20211216_200000.ogg,55,60,23158;24321;517063;555146;65380,original,data/train_soundscapes_upsampled/BC2026_Train_0033_S22_20211216_200000_55_60.ogg,1
BC2026_Train_0028_S22_20211129_190000.ogg,0,5,1491113;22967;22973;23158,original,data/train_soundscapes_upsampled/BC2026_Train_0028_S22_20211129_190000_0_5.ogg,2
BC2026_Train_0028_S22_20211129_190000.ogg,5,10,1491113;22967;22973;23158,original,data/train_soundscapes_upsampled/BC2026_Train_0028_S22_20211129_190000_5_10.ogg,2
BC2026_Train_0028_S22_20211129_190000.ogg,10,15,1491113;22967;22973;23158,original,data/train_soundscapes_upsampled/BC2026_Train_0028_S22_20211129_190000_10_15.ogg,2
BC2026_Train_0028_S22_20211129_190000.ogg,15,20,1491113;22967;22973;23158,original,data/train_soundscapes_upsampled/BC2026_Train_0028_S22_20211129_190000_15_20.ogg,2
BC2026_Train_0028_S22_20211129_190000.ogg,20,25,1491113;22967;22973;23158,original,data/train_soundscapes_upsampled/BC2026_Train_0028_S22_20211129_190000_20_25.ogg,2
BC2026_Train_0028_S22_20211129_190000.ogg,25,30,1491113;22967;22973;23158,original,data/train_soundscapes_upsampled/BC2026_Train_0028_S22_20211129_190000_25_30.ogg,2
BC2026_Train_0028_S22_20211129_190000.ogg,30,35,1491113;22967;22973;23158,original,data/train_soundscapes_upsampled/BC2026_Train_0028_S22_20211129_190000_30_35.ogg,2
BC2026_Train_0028_S22_20211129_190000.ogg,35,40,1491113;22967;22973;23158,original,data/train_soundscapes_upsampled/BC2026_Train_0028_S22_20211129_190000_35_40.ogg,2
BC2026_Train_0028_S22_20211129_190000.ogg,40,45,1491113;22967;22973;23158,original,data/train_soundscapes_upsampled/BC2026_Train_0028_S22_20211129_190000_40_45.ogg,2
BC2026_Train_0028_S22_20211129_190000.ogg,45,50,1491113;22967;22973;23158,original,data/train_soundscapes_upsampled/BC2026_Train_0028_S22_20211129_190000_45_50.ogg,2
BC2026_Train_0028_S22_20211129_190000.ogg,50,55,1491113;22967;22973;23158,original,data/train_soundscapes_upsampled/BC2026_Train_0028_S22_20211129_190000_50_55.ogg,2
BC2026_Train_0028_S22_20211129_190000.ogg,55,60,1491113;22967;22973;23158,original,data/train_soundscapes_upsampled/BC2026_Train_0028_S22_20211129_190000_55_60.ogg,2
BC2026_Train_0001_S08_20250606_030007.ogg,0,5,47158son13;47158son17;47158son22;47158son23;47158son25,original,data/train_soundscapes_upsampled/BC2026_Train_0001_S08_20250606_030007_0_5.ogg,1
BC2026_Train_0001_S08_20250606_030007.ogg,5,10,47158son13;47158son17;47158son21;47158son22;47158son23;47158son25,original,data/train_soundscapes_upsampled/BC2026_Train_0001_S08_20250606_030007_5_10.ogg,1
BC2026_Train_0001_S08_20250606_030007.ogg,10,15,47158son13;47158son17;47158son21;47158son22;47158son23;47158son25,original,data/train_soundscapes_upsampled/BC2026_Train_0001_S08_20250606_030007_10_15.ogg,1
BC2026_Train_0001_S08_20250606_030007.ogg,15,20,47158son13;47158son17;47158son21;47158son22;47158son23;47158son25,original,data/train_soundscapes_upsampled/BC2026_Train_0001_S08_20250606_030007_15_20.ogg,1
BC2026_Train_0001_S08_20250606_030007.ogg,20,25,47158son10;47158son13;47158son17;47158son21;47158son22;47158son23;47158son25,original,data/train_soundscapes_upsampled/BC2026_Train_0001_S08_20250606_030007_20_25.ogg,1
BC2026_Train_0001_S08_20250606_030007.ogg,25,30,47158son10;47158son13;47158son17;47158son21;47158son22;47158son23;47158son25,original,data/train_soundscapes_upsampled/BC2026_Train_0001_S08_20250606_030007_25_30.ogg,1
BC2026_Train_0001_S08_20250606_030007.ogg,30,35,47158son10;47158son13;47158son17;47158son21;47158son22;47158son23;47158son25,original,data/train_soundscapes_upsampled/BC2026_Train_0001_S08_20250606_030007_30_35.ogg,1
BC2026_Train_0001_S08_20250606_030007.ogg,35,40,47158son10;47158son13;47158son17;47158son21;47158son22;47158son23;47158son25,original,data/train_soundscapes_upsampled/BC2026_Train_0001_S08_20250606_030007_35_40.ogg,1
BC2026_Train_0001_S08_20250606_030007.ogg,40,45,47158son10;47158son13;47158son17;47158son21;47158son22;47158son23;47158son25,original,data/train_soundscapes_upsampled/BC2026_Train_0001_S08_20250606_030007_40_45.ogg,1
BC2026_Train_0001_S08_20250606_030007.ogg,45,50,47158son10;47158son13;47158son17;47158son21;47158son22;47158son23;47158son25,original,data/train_soundscapes_upsampled/BC2026_Train_0001_S08_20250606_030007_45_50.ogg,1
BC2026_Train_0001_S08_20250606_030007.ogg,50,55,116570;47158son10;47158son13;47158son17;47158son21;47158son22;47158son23;47158son25,original,data/train_soundscapes_upsampled/BC2026_Train_0001_S08_20250606_030007_50_55.ogg,1
BC2026_Train_0001_S08_20250606_030007.ogg,55,60,116570;47158son05;47158son10;47158son13;47158son17;47158son21;47158son22;47158son23;47158son25,original,data/train_soundscapes_upsampled/BC2026_Train_0001_S08_20250606_030007_55_60.ogg,1
BC2026_Train_0025_S22_20211127_024500.ogg,0,5,22967;22973;517063;65380;redjun,original,data/train_soundscapes_upsampled/BC2026_Train_0025_S22_20211127_024500_0_5.ogg,0
BC2026_Train_0025_S22_20211127_024500.ogg,5,10,22967;517063;65380,original,data/train_soundscapes_upsampled/BC2026_Train_0025_S22_20211127_024500_5_10.ogg,0
BC2026_Train_0025_S22_20211127_024500.ogg,10,15,22967;517063;65380;redjun,original,data/train_soundscapes_upsampled/BC2026_Train_0025_S22_20211127_024500_10_15.ogg,0
BC2026_Train_0025_S22_20211127_024500.ogg,15,20,22967;22973;517063;65380;redjun;undtin1,original,data/train_soundscapes_upsampled/BC2026_Train_0025_S22_20211127_024500_15_20.ogg,0
BC2026_Train_0025_S22_20211127_024500.ogg,20,25,22967;517063;65380;redjun;undtin1,original,data/train_soundscapes_upsampled/BC2026_Train_0025_S22_20211127_024500_20_25.ogg,0
BC2026_Train_0025_S22_20211127_024500.ogg,25,30,22967;517063;65380,original,data/train_soundscapes_upsampled/BC2026_Train_0025_S22_20211127_024500_25_30.ogg,0
BC2026_Train_0025_S22_20211127_024500.ogg,30,35,22967;22973;517063;65380,original,data/train_soundscapes_upsampled/BC2026_Train_0025_S22_20211127_024500_30_35.ogg,0
BC2026_Train_0025_S22_20211127_024500.ogg,35,40,22967;22973;517063;65380;undtin1,original,data/train_soundscapes_upsampled/BC2026_Train_0025_S22_20211127_024500_35_40.ogg,0
BC2026_Train_0025_S22_20211127_024500.ogg,40,45,22967;22973;517063;65380;redjun,original,data/train_soundscapes_upsampled/BC2026_Train_0025_S22_20211127_024500_40_45.ogg,0
BC2026_Train_0025_S22_20211127_024500.ogg,45,50,22967;22973;517063;65380,original,data/train_soundscapes_upsampled/BC2026_Train_0025_S22_20211127_024500_45_50.ogg,0
BC2026_Train_0025_S22_20211127_024500.ogg,50,55,22967;22973;517063;65380;redjun;undtin1,original,data/train_soundscapes_upsampled/BC2026_Train_0025_S22_20211127_024500_50_55.ogg,0
BC2026_Train_0025_S22_20211127_024500.ogg,55,60,22967;22973;517063;65380,original,data/train_soundscapes_upsampled/BC2026_Train_0025_S22_20211127_024500_55_60.ogg,0
BC2026_Train_0035_S22_20211223_213000.ogg,0,5,23158;24279;24321;65380,original,data/train_soundscapes_upsampled/BC2026_Train_0035_S22_20211223_213000_0_5.ogg,0
BC2026_Train_0035_S22_20211223_213000.ogg,5,10,23158;24279;24321;65380,original,data/train_soundscapes_upsampled/BC2026_Train_0035_S22_20211223_213000_5_10.ogg,0
BC2026_Train_0035_S22_20211223_213000.ogg,10,15,23158;24279;24321;65380;66971,original,data/train_soundscapes_upsampled/BC2026_Train_0035_S22_20211223_213000_10_15.ogg,0
BC2026_Train_0035_S22_20211223_213000.ogg,15,20,23158;24279;24321;65380;66971,original,data/train_soundscapes_upsampled/BC2026_Train_0035_S22_20211223_213000_15_20.ogg,0
BC2026_Train_0035_S22_20211223_213000.ogg,20,25,23158;24279;24321;65380;66971,original,data/train_soundscapes_upsampled/BC2026_Train_0035_S22_20211223_213000_20_25.ogg,0
BC2026_Train_0035_S22_20211223_213000.ogg,25,30,23158;24279;24321;65380;66971,original,data/train_soundscapes_upsampled/BC2026_Train_0035_S22_20211223_213000_25_30.ogg,0
BC2026_Train_0035_S22_20211223_213000.ogg,30,35,23158;24279;24321;65380;66971,original,data/train_soundscapes_upsampled/BC2026_Train_0035_S22_20211223_213000_30_35.ogg,0
BC2026_Train_0035_S22_20211223_213000.ogg,35,40,23158;24279;24321;65380;66971,original,data/train_soundscapes_upsampled/BC2026_Train_0035_S22_20211223_213000_35_40.ogg,0
BC2026_Train_0035_S22_20211223_213000.ogg,40,45,23158;24279;24321;65380;66971,original,data/train_soundscapes_upsampled/BC2026_Train_0035_S22_20211223_213000_40_45.ogg,0
BC2026_Train_0035_S22_20211223_213000.ogg,45,50,23158;24279;24321;65380;66971,original,data/train_soundscapes_upsampled/BC2026_Train_0035_S22_20211223_213000_45_50.ogg,0
BC2026_Train_0035_S22_20211223_213000.ogg,50,55,23158;24279;24321;65380;66971,original,data/train_soundscapes_upsampled/BC2026_Train_0035_S22_20211223_213000_50_55.ogg,0
BC2026_Train_0035_S22_20211223_213000.ogg,55,60,23158;24279;24321;65380;66971,original,data/train_soundscapes_upsampled/BC2026_Train_0035_S22_20211223_213000_55_60.ogg,0
BC2026_Train_0034_S22_20211222_013000.ogg,0,5,23158;24279;24321;25092;517063;65380,original,data/train_soundscapes_upsampled/BC2026_Train_0034_S22_20211222_013000_0_5.ogg,1
BC2026_Train_0034_S22_20211222_013000.ogg,5,10,23158;24279;25092;517063;65380,original,data/train_soundscapes_upsampled/BC2026_Train_0034_S22_20211222_013000_5_10.ogg,1
BC2026_Train_0034_S22_20211222_013000.ogg,10,15,23158;24279;25092;517063;65380,original,data/train_soundscapes_upsampled/BC2026_Train_0034_S22_20211222_013000_10_15.ogg,1
BC2026_Train_0034_S22_20211222_013000.ogg,15,20,23158;24279;517063;65380;66971,original,data/train_soundscapes_upsampled/BC2026_Train_0034_S22_20211222_013000_15_20.ogg,1
BC2026_Train_0034_S22_20211222_013000.ogg,20,25,23158;24279;517063;65380;66971,original,data/train_soundscapes_upsampled/BC2026_Train_0034_S22_20211222_013000_20_25.ogg,1
BC2026_Train_0034_S22_20211222_013000.ogg,25,30,23158;24279;25092;517063;65380,original,data/train_soundscapes_upsampled/BC2026_Train_0034_S22_20211222_013000_25_30.ogg,1
BC2026_Train_0034_S22_20211222_013000.ogg,30,35,23158;24279;25092;517063;65380,original,data/train_soundscapes_upsampled/BC2026_Train_0034_S22_20211222_013000_30_35.ogg,1
BC2026_Train_0034_S22_20211222_013000.ogg,35,40,23158;24279;25092;517063,original,data/train_soundscapes_upsampled/BC2026_Train_0034_S22_20211222_013000_35_40.ogg,1
BC2026_Train_0034_S22_20211222_013000.ogg,40,45,23158;24279;25092;517063,original,data/train_soundscapes_upsampled/BC2026_Train_0034_S22_20211222_013000_40_45.ogg,1
BC2026_Train_0034_S22_20211222_013000.ogg,45,50,23158;24279;24321;25092;517063,original,data/train_soundscapes_upsampled/BC2026_Train_0034_S22_20211222_013000_45_50.ogg,1
BC2026_Train_0034_S22_20211222_013000.ogg,50,55,23158;24279;24321;25092;517063,original,data/train_soundscapes_upsampled/BC2026_Train_0034_S22_20211222_013000_50_55.ogg,1
BC2026_Train_0034_S22_20211222_013000.ogg,55,60,23158;24279;24321;25092;517063,original,data/train_soundscapes_upsampled/BC2026_Train_0034_S22_20211222_013000_55_60.ogg,1
BC2026_Train_0040_S22_20220101_014500.ogg,0,5,22961;23158;24279;517063;555146;65380,original,data/train_soundscapes_upsampled/BC2026_Train_0040_S22_20220101_014500_0_5.ogg,1
BC2026_Train_0040_S22_20220101_014500.ogg,5,10,22961;23158;24279;517063;555146;65380,original,data/train_soundscapes_upsampled/BC2026_Train_0040_S22_20220101_014500_5_10.ogg,1
BC2026_Train_0040_S22_20220101_014500.ogg,10,15,22961;23158;24279;517063;555146;65380,original,data/train_soundscapes_upsampled/BC2026_Train_0040_S22_20220101_014500_10_15.ogg,1
BC2026_Train_0040_S22_20220101_014500.ogg,15,20,22961;23158;24279;517063;555146;65380,original,data/train_soundscapes_upsampled/BC2026_Train_0040_S22_20220101_014500_15_20.ogg,1
BC2026_Train_0040_S22_20220101_014500.ogg,20,25,22961;23158;24279;517063;555146;65380,original,data/train_soundscapes_upsampled/BC2026_Train_0040_S22_20220101_014500_20_25.ogg,1
BC2026_Train_0040_S22_20220101_014500.ogg,25,30,22961;23158;24279;517063;555146;65380,original,data/train_soundscapes_upsampled/BC2026_Train_0040_S22_20220101_014500_25_30.ogg,1
BC2026_Train_0040_S22_20220101_014500.ogg,30,35,22961;23158;24279;517063;555146;65380,original,data/train_soundscapes_upsampled/BC2026_Train_0040_S22_20220101_014500_30_35.ogg,1
BC2026_Train_0040_S22_20220101_014500.ogg,35,40,22961;23158;24279;517063;555146;65380,original,data/train_soundscapes_upsampled/BC2026_Train_0040_S22_20220101_014500_35_40.ogg,1
BC2026_Train_0040_S22_20220101_014500.ogg,40,45,22961;23158;24279;517063;555146;65380,original,data/train_soundscapes_upsampled/BC2026_Train_0040_S22_20220101_014500_40_45.ogg,1
BC2026_Train_0040_S22_20220101_014500.ogg,45,50,22961;23158;24279;517063;555146;65380,original,data/train_soundscapes_upsampled/BC2026_Train_0040_S22_20220101_014500_45_50.ogg,1
BC2026_Train_0040_S22_20220101_014500.ogg,50,55,22961;23158;24279;517063;555146;65380,original,data/train_soundscapes_upsampled/BC2026_Train_0040_S22_20220101_014500_50_55.ogg,1
BC2026_Train_0040_S22_20220101_014500.ogg,55,60,22961;23158;24279;517063;555146;65380,original,data/train_soundscapes_upsampled/BC2026_Train_0040_S22_20220101_014500_55_60.ogg,1
BC2026_Train_0052_S22_20220210_210000.ogg,0,5,24321;555146;65380,original,data/train_soundscapes_upsampled/BC2026_Train_0052_S22_20220210_210000_0_5.ogg,0
BC2026_Train_0052_S22_20220210_210000.ogg,5,10,24279;24321;555146;65380,original,data/train_soundscapes_upsampled/BC2026_Train_0052_S22_20220210_210000_5_10.ogg,0
BC2026_Train_0052_S22_20220210_210000.ogg,10,15,24279;24321;517063;555146;65380,original,data/train_soundscapes_upsampled/BC2026_Train_0052_S22_20220210_210000_10_15.ogg,0
BC2026_Train_0052_S22_20220210_210000.ogg,15,20,24279;24321;555146;65380,original,data/train_soundscapes_upsampled/BC2026_Train_0052_S22_20220210_210000_15_20.ogg,0
BC2026_Train_0052_S22_20220210_210000.ogg,20,25,24279;24321;555146;65380;66971,original,data/train_soundscapes_upsampled/BC2026_Train_0052_S22_20220210_210000_20_25.ogg,0
BC2026_Train_0052_S22_20220210_210000.ogg,25,30,24279;24321;555146;65380;66971,original,data/train_soundscapes_upsampled/BC2026_Train_0052_S22_20220210_210000_25_30.ogg,0
BC2026_Train_0052_S22_20220210_210000.ogg,30,35,24279;24321;555146;65380;66971,original,data/train_soundscapes_upsampled/BC2026_Train_0052_S22_20220210_210000_30_35.ogg,0
BC2026_Train_0052_S22_20220210_210000.ogg,35,40,24279;24321;555146;65380;66971,original,data/train_soundscapes_upsampled/BC2026_Train_0052_S22_20220210_210000_35_40.ogg,0
BC2026_Train_0052_S22_20220210_210000.ogg,40,45,24279;24321;555146;65380;66971,original,data/train_soundscapes_upsampled/BC2026_Train_0052_S22_20220210_210000_40_45.ogg,0
BC2026_Train_0052_S22_20220210_210000.ogg,45,50,24279;24321;555146;65380;66971,original,data/train_soundscapes_upsampled/BC2026_Train_0052_S22_20220210_210000_45_50.ogg,0
BC2026_Train_0052_S22_20220210_210000.ogg,50,55,24279;24321;555146;65380;66971,original,data/train_soundscapes_upsampled/BC2026_Train_0052_S22_20220210_210000_50_55.ogg,0
BC2026_Train_0052_S22_20220210_210000.ogg,55,60,24279;24321;555146;65380;66971,original,data/train_soundscapes_upsampled/BC2026_Train_0052_S22_20220210_210000_55_60.ogg,0
BC2026_Train_0059_S15_20250617_060200.ogg,0,5,47158son07;bufpar;chacha1;chvcon1;whtdov,original,data/train_soundscapes_upsampled/BC2026_Train_0059_S15_20250617_060200_0_5.ogg,1
BC2026_Train_0059_S15_20250617_060200.ogg,5,10,47158son07;bufpar;chacha1;chvcon1;whtdov,original,data/train_soundscapes_upsampled/BC2026_Train_0059_S15_20250617_060200_5_10.ogg,1
BC2026_Train_0059_S15_20250617_060200.ogg,10,15,47158son07;chacha1;chvcon1;orwpar;whtdov,original,data/train_soundscapes_upsampled/BC2026_Train_0059_S15_20250617_060200_10_15.ogg,1
BC2026_Train_0059_S15_20250617_060200.ogg,15,20,47158son07;chacha1;chvcon1;whtdov,original,data/train_soundscapes_upsampled/BC2026_Train_0059_S15_20250617_060200_15_20.ogg,1
BC2026_Train_0059_S15_20250617_060200.ogg,20,25,47158son07;chacha1;chvcon1;whtdov,original,data/train_soundscapes_upsampled/BC2026_Train_0059_S15_20250617_060200_20_25.ogg,1
BC2026_Train_0059_S15_20250617_060200.ogg,25,30,47158son07;chacha1;chvcon1;whtdov,original,data/train_soundscapes_upsampled/BC2026_Train_0059_S15_20250617_060200_25_30.ogg,1
BC2026_Train_0059_S15_20250617_060200.ogg,30,35,47158son07;chacha1;chvcon1;whtdov,original,data/train_soundscapes_upsampled/BC2026_Train_0059_S15_20250617_060200_30_35.ogg,1
BC2026_Train_0059_S15_20250617_060200.ogg,35,40,47158son07;chacha1;chvcon1;purjay1;whtdov,original,data/train_soundscapes_upsampled/BC2026_Train_0059_S15_20250617_060200_35_40.ogg,1
BC2026_Train_0059_S15_20250617_060200.ogg,40,45,47158son07;chacha1;chvcon1;purjay1;undtin1;whtdov,original,data/train_soundscapes_upsampled/BC2026_Train_0059_S15_20250617_060200_40_45.ogg,1
BC2026_Train_0059_S15_20250617_060200.ogg,45,50,47158son07;chacha1;chvcon1;whtdov,original,data/train_soundscapes_upsampled/BC2026_Train_0059_S15_20250617_060200_45_50.ogg,1
BC2026_Train_0059_S15_20250617_060200.ogg,50,55,47158son07;chacha1;chvcon1;purjay1;whtdov,original,data/train_soundscapes_upsampled/BC2026_Train_0059_S15_20250617_060200_50_55.ogg,1
BC2026_Train_0059_S15_20250617_060200.ogg,55,60,47158son07;chacha1;chvcon1;purjay1;whtdov,original,data/train_soundscapes_upsampled/BC2026_Train_0059_S15_20250617_060200_55_60.ogg,1
BC2026_Train_0042_S22_20220106_210000.ogg,0,5,23158;24279;24321;555146;65380;66971,original,data/train_soundscapes_upsampled/BC2026_Train_0042_S22_20220106_210000_0_5.ogg,0
BC2026_Train_0042_S22_20220106_210000.ogg,5,10,23158;24279;24321;555146;65380;66971,original,data/train_soundscapes_upsampled/BC2026_Train_0042_S22_20220106_210000_5_10.ogg,0
BC2026_Train_0042_S22_20220106_210000.ogg,10,15,23158;24279;24321;555146;65380;66971,original,data/train_soundscapes_upsampled/BC2026_Train_0042_S22_20220106_210000_10_15.ogg,0
BC2026_Train_0042_S22_20220106_210000.ogg,15,20,23158;24279;24321;555146;65380;66971,original,data/train_soundscapes_upsampled/BC2026_Train_0042_S22_20220106_210000_15_20.ogg,0
BC2026_Train_0042_S22_20220106_210000.ogg,20,25,23158;24279;24321;555146;65380;66971,original,data/train_soundscapes_upsampled/BC2026_Train_0042_S22_20220106_210000_20_25.ogg,0
BC2026_Train_0042_S22_20220106_210000.ogg,25,30,23158;24279;24321;555146;65380;66971,original,data/train_soundscapes_upsampled/BC2026_Train_0042_S22_20220106_210000_25_30.ogg,0
BC2026_Train_0042_S22_20220106_210000.ogg,30,35,23158;24279;24321;555146;65380;66971,original,data/train_soundscapes_upsampled/BC2026_Train_0042_S22_20220106_210000_30_35.ogg,0
BC2026_Train_0042_S22_20220106_210000.ogg,35,40,23158;24279;24321;555146;65380;66971,original,data/train_soundscapes_upsampled/BC2026_Train_0042_S22_20220106_210000_35_40.ogg,0
BC2026_Train_0042_S22_20220106_210000.ogg,40,45,23158;24279;24321;555146;65380;66971,original,data/train_soundscapes_upsampled/BC2026_Train_0042_S22_20220106_210000_40_45.ogg,0
BC2026_Train_0042_S22_20220106_210000.ogg,45,50,23158;24279;24321;555146;65380;66971,original,data/train_soundscapes_upsampled/BC2026_Train_0042_S22_20220106_210000_45_50.ogg,0
BC2026_Train_0042_S22_20220106_210000.ogg,50,55,23158;24279;24321;555146;65380;66971,original,data/train_soundscapes_upsampled/BC2026_Train_0042_S22_20220106_210000_50_55.ogg,0
BC2026_Train_0042_S22_20220106_210000.ogg,55,60,23158;24279;24321;555146;65380;66971,original,data/train_soundscapes_upsampled/BC2026_Train_0042_S22_20220106_210000_55_60.ogg,0
BC2026_Train_0024_S22_20211123_004500.ogg,0,5,22967;47144;undtin1,original,data/train_soundscapes_upsampled/BC2026_Train_0024_S22_20211123_004500_0_5.ogg,1
BC2026_Train_0024_S22_20211123_004500.ogg,5,10,22967;47144;undtin1,original,data/train_soundscapes_upsampled/BC2026_Train_0024_S22_20211123_004500_5_10.ogg,1
BC2026_Train_0024_S22_20211123_004500.ogg,10,15,22967;47144;compau;undtin1,original,data/train_soundscapes_upsampled/BC2026_Train_0024_S22_20211123_004500_10_15.ogg,1
BC2026_Train_0024_S22_20211123_004500.ogg,15,20,22967;compau,original,data/train_soundscapes_upsampled/BC2026_Train_0024_S22_20211123_004500_15_20.ogg,1
BC2026_Train_0024_S22_20211123_004500.ogg,20,25,22967;compau;undtin1,original,data/train_soundscapes_upsampled/BC2026_Train_0024_S22_20211123_004500_20_25.ogg,1
BC2026_Train_0024_S22_20211123_004500.ogg,25,30,47144;compau;compot1;undtin1,original,data/train_soundscapes_upsampled/BC2026_Train_0024_S22_20211123_004500_25_30.ogg,1
BC2026_Train_0024_S22_20211123_004500.ogg,30,35,22967;24279;47144;compau;compot1,original,data/train_soundscapes_upsampled/BC2026_Train_0024_S22_20211123_004500_30_35.ogg,1
BC2026_Train_0024_S22_20211123_004500.ogg,35,40,1491113;22967;compau,original,data/train_soundscapes_upsampled/BC2026_Train_0024_S22_20211123_004500_35_40.ogg,1
BC2026_Train_0024_S22_20211123_004500.ogg,40,45,1491113;24279;47144;compau;undtin1,original,data/train_soundscapes_upsampled/BC2026_Train_0024_S22_20211123_004500_40_45.ogg,1
BC2026_Train_0024_S22_20211123_004500.ogg,45,50,1491113;22967;24279;517063,original,data/train_soundscapes_upsampled/BC2026_Train_0024_S22_20211123_004500_45_50.ogg,1
BC2026_Train_0024_S22_20211123_004500.ogg,50,55,1491113;22967;47144;compau,original,data/train_soundscapes_upsampled/BC2026_Train_0024_S22_20211123_004500_50_55.ogg,1
BC2026_Train_0024_S22_20211123_004500.ogg,55,60,1491113;22967;47144;517063;compot1,original,data/train_soundscapes_upsampled/BC2026_Train_0024_S22_20211123_004500_55_60.ogg,1
BC2026_Train_0029_S22_20211211_023000.ogg,0,5,517063;litnig1;undtin1,original,data/train_soundscapes_upsampled/BC2026_Train_0029_S22_20211211_023000_0_5.ogg,0
BC2026_Train_0029_S22_20211211_023000.ogg,5,10,517063;trsowl;undtin1,original,data/train_soundscapes_upsampled/BC2026_Train_0029_S22_20211211_023000_5_10.ogg,0
BC2026_Train_0029_S22_20211211_023000.ogg,10,15,517063;litnig1,original,data/train_soundscapes_upsampled/BC2026_Train_0029_S22_20211211_023000_10_15.ogg,0
BC2026_Train_0029_S22_20211211_023000.ogg,15,20,517063;undtin1,original,data/train_soundscapes_upsampled/BC2026_Train_0029_S22_20211211_023000_15_20.ogg,0
BC2026_Train_0029_S22_20211211_023000.ogg,20,25,517063,original,data/train_soundscapes_upsampled/BC2026_Train_0029_S22_20211211_023000_20_25.ogg,0
BC2026_Train_0029_S22_20211211_023000.ogg,25,30,517063,original,data/train_soundscapes_upsampled/BC2026_Train_0029_S22_20211211_023000_25_30.ogg,0
BC2026_Train_0029_S22_20211211_023000.ogg,30,35,517063;trsowl;undtin1,original,data/train_soundscapes_upsampled/BC2026_Train_0029_S22_20211211_023000_30_35.ogg,0
BC2026_Train_0029_S22_20211211_023000.ogg,35,40,517063,original,data/train_soundscapes_upsampled/BC2026_Train_0029_S22_20211211_023000_35_40.ogg,0
BC2026_Train_0029_S22_20211211_023000.ogg,40,45,517063;litnig1,original,data/train_soundscapes_upsampled/BC2026_Train_0029_S22_20211211_023000_40_45.ogg,0
BC2026_Train_0029_S22_20211211_023000.ogg,45,50,litnig1,original,data/train_soundscapes_upsampled/BC2026_Train_0029_S22_20211211_023000_45_50.ogg,0
BC2026_Train_0029_S22_20211211_023000.ogg,50,55,517063;litnig1;undtin1,original,data/train_soundscapes_upsampled/BC2026_Train_0029_S22_20211211_023000_50_55.ogg,0
BC2026_Train_0029_S22_20211211_023000.ogg,55,60,517063;litnig1,original,data/train_soundscapes_upsampled/BC2026_Train_0029_S22_20211211_023000_55_60.ogg,0
BC2026_Train_0021_S22_20211106_023000.ogg,0,5,22973,original,data/train_soundscapes_upsampled/BC2026_Train_0021_S22_20211106_023000_0_5.ogg,2
BC2026_Train_0021_S22_20211106_023000.ogg,5,10,22973,original,data/train_soundscapes_upsampled/BC2026_Train_0021_S22_20211106_023000_5_10.ogg,2
BC2026_Train_0021_S22_20211106_023000.ogg,10,15,22973;517063,original,data/train_soundscapes_upsampled/BC2026_Train_0021_S22_20211106_023000_10_15.ogg,2
BC2026_Train_0021_S22_20211106_023000.ogg,15,20,22973,original,data/train_soundscapes_upsampled/BC2026_Train_0021_S22_20211106_023000_15_20.ogg,2
BC2026_Train_0021_S22_20211106_023000.ogg,20,25,22973,original,data/train_soundscapes_upsampled/BC2026_Train_0021_S22_20211106_023000_20_25.ogg,2
BC2026_Train_0021_S22_20211106_023000.ogg,25,30,22973,original,data/train_soundscapes_upsampled/BC2026_Train_0021_S22_20211106_023000_25_30.ogg,2
BC2026_Train_0021_S22_20211106_023000.ogg,30,35,22973;517063,original,data/train_soundscapes_upsampled/BC2026_Train_0021_S22_20211106_023000_30_35.ogg,2
BC2026_Train_0021_S22_20211106_023000.ogg,35,40,22973;517063,original,data/train_soundscapes_upsampled/BC2026_Train_0021_S22_20211106_023000_35_40.ogg,2
BC2026_Train_0021_S22_20211106_023000.ogg,40,45,22973;517063,original,data/train_soundscapes_upsampled/BC2026_Train_0021_S22_20211106_023000_40_45.ogg,2
BC2026_Train_0021_S22_20211106_023000.ogg,45,50,22973;517063,original,data/train_soundscapes_upsampled/BC2026_Train_0021_S22_20211106_023000_45_50.ogg,2
BC2026_Train_0021_S22_20211106_023000.ogg,50,55,22973,original,data/train_soundscapes_upsampled/BC2026_Train_0021_S22_20211106_023000_50_55.ogg,2
BC2026_Train_0021_S22_20211106_023000.ogg,55,60,22973;517063,original,data/train_soundscapes_upsampled/BC2026_Train_0021_S22_20211106_023000_55_60.ogg,2
BC2026_Train_0008_S09_20250831_000000.ogg,10,15,516975,original,data/train_soundscapes_upsampled/BC2026_Train_0008_S09_20250831_000000_10_15.ogg,1
BC2026_Train_0008_S09_20250831_000000.ogg,15,20,516975,original,data/train_soundscapes_upsampled/BC2026_Train_0008_S09_20250831_000000_15_20.ogg,1
BC2026_Train_0008_S09_20250831_000000.ogg,20,25,516975,original,data/train_soundscapes_upsampled/BC2026_Train_0008_S09_20250831_000000_20_25.ogg,1
BC2026_Train_0008_S09_20250831_000000.ogg,40,45,516975,original,data/train_soundscapes_upsampled/BC2026_Train_0008_S09_20250831_000000_40_45.ogg,1
BC2026_Train_0008_S09_20250831_000000.ogg,45,50,516975,original,data/train_soundscapes_upsampled/BC2026_Train_0008_S09_20250831_000000_45_50.ogg,1
BC2026_Train_0009_S09_20250828_000000.ogg,0,5,516975,original,data/train_soundscapes_upsampled/BC2026_Train_0009_S09_20250828_000000_0_5.ogg,0
BC2026_Train_0009_S09_20250828_000000.ogg,25,30,516975,original,data/train_soundscapes_upsampled/BC2026_Train_0009_S09_20250828_000000_25_30.ogg,0
BC2026_Train_0017_S22_20211026_233000.ogg,0,5,22967;22973;47144;517063;555146;compau;litnig1;nacnig1,original,data/train_soundscapes_upsampled/BC2026_Train_0017_S22_20211026_233000_0_5.ogg,1
BC2026_Train_0017_S22_20211026_233000.ogg,5,10,22967;22973;47144;517063;555146;compau;litnig1;nacnig1,original,data/train_soundscapes_upsampled/BC2026_Train_0017_S22_20211026_233000_5_10.ogg,1
BC2026_Train_0017_S22_20211026_233000.ogg,10,15,22967;22973;47144;litnig1;nacnig1,original,data/train_soundscapes_upsampled/BC2026_Train_0017_S22_20211026_233000_10_15.ogg,1
BC2026_Train_0017_S22_20211026_233000.ogg,15,20,22967;22973;47144;compau;litnig1;nacnig1,original,data/train_soundscapes_upsampled/BC2026_Train_0017_S22_20211026_233000_15_20.ogg,1
BC2026_Train_0017_S22_20211026_233000.ogg,20,25,22967;22973;47144;74113;compau;litnig1,original,data/train_soundscapes_upsampled/BC2026_Train_0017_S22_20211026_233000_20_25.ogg,1
BC2026_Train_0017_S22_20211026_233000.ogg,25,30,22967;22973;compau;litnig1;nacnig1,original,data/train_soundscapes_upsampled/BC2026_Train_0017_S22_20211026_233000_25_30.ogg,1
BC2026_Train_0017_S22_20211026_233000.ogg,30,35,22967;22973;compau;litnig1;nacnig1,original,data/train_soundscapes_upsampled/BC2026_Train_0017_S22_20211026_233000_30_35.ogg,1
BC2026_Train_0017_S22_20211026_233000.ogg,35,40,22967;22973;compau;litnig1;nacnig1,original,data/train_soundscapes_upsampled/BC2026_Train_0017_S22_20211026_233000_35_40.ogg,1
BC2026_Train_0017_S22_20211026_233000.ogg,40,45,22967;22973;555146;compau;litnig1;nacnig1,original,data/train_soundscapes_upsampled/BC2026_Train_0017_S22_20211026_233000_40_45.ogg,1
BC2026_Train_0017_S22_20211026_233000.ogg,45,50,22967;22973;555146;litnig1;nacnig1;strher2,original,data/train_soundscapes_upsampled/BC2026_Train_0017_S22_20211026_233000_45_50.ogg,1
BC2026_Train_0017_S22_20211026_233000.ogg,50,55,22967;22973;compau;litnig1;nacnig1;strher2,original,data/train_soundscapes_upsampled/BC2026_Train_0017_S22_20211026_233000_50_55.ogg,1
BC2026_Train_0017_S22_20211026_233000.ogg,55,60,22967;22973;517063;74113;litnig1;nacnig1,original,data/train_soundscapes_upsampled/BC2026_Train_0017_S22_20211026_233000_55_60.ogg,1
BC2026_Train_0045_S22_20220125_211500.ogg,0,5,24321;555146;65380;66971,original,data/train_soundscapes_upsampled/BC2026_Train_0045_S22_20220125_211500_0_5.ogg,1
BC2026_Train_0045_S22_20220125_211500.ogg,5,10,24321;555146;65380;66971,original,data/train_soundscapes_upsampled/BC2026_Train_0045_S22_20220125_211500_5_10.ogg,1
BC2026_Train_0045_S22_20220125_211500.ogg,10,15,24321;555146;65380;66971,original,data/train_soundscapes_upsampled/BC2026_Train_0045_S22_20220125_211500_10_15.ogg,1
BC2026_Train_0045_S22_20220125_211500.ogg,15,20,24321;555146;65380;66971,original,data/train_soundscapes_upsampled/BC2026_Train_0045_S22_20220125_211500_15_20.ogg,1
BC2026_Train_0045_S22_20220125_211500.ogg,20,25,24321;555146;65380;66971,original,data/train_soundscapes_upsampled/BC2026_Train_0045_S22_20220125_211500_20_25.ogg,1
BC2026_Train_0045_S22_20220125_211500.ogg,25,30,24321;555146;65380;66971,original,data/train_soundscapes_upsampled/BC2026_Train_0045_S22_20220125_211500_25_30.ogg,1
BC2026_Train_0045_S22_20220125_211500.ogg,30,35,24321;555146;65380;66971,original,data/train_soundscapes_upsampled/BC2026_Train_0045_S22_20220125_211500_30_35.ogg,1
BC2026_Train_0045_S22_20220125_211500.ogg,35,40,24321;555146;65380;66971,original,data/train_soundscapes_upsampled/BC2026_Train_0045_S22_20220125_211500_35_40.ogg,1
BC2026_Train_0045_S22_20220125_211500.ogg,40,45,24321;555146;65380;66971,original,data/train_soundscapes_upsampled/BC2026_Train_0045_S22_20220125_211500_40_45.ogg,1
BC2026_Train_0045_S22_20220125_211500.ogg,45,50,24321;555146;65380;66971,original,data/train_soundscapes_upsampled/BC2026_Train_0045_S22_20220125_211500_45_50.ogg,1
BC2026_Train_0045_S22_20220125_211500.ogg,50,55,24321;555146;65380;66971,original,data/train_soundscapes_upsampled/BC2026_Train_0045_S22_20220125_211500_50_55.ogg,1
BC2026_Train_0045_S22_20220125_211500.ogg,55,60,24321;555146;65380;66971,original,data/train_soundscapes_upsampled/BC2026_Train_0045_S22_20220125_211500_55_60.ogg,1
BC2026_Train_0013_S13_20220217_233000.ogg,0,5,1491113;517063,original,data/train_soundscapes_upsampled/BC2026_Train_0013_S13_20220217_233000_0_5.ogg,2
BC2026_Train_0013_S13_20220217_233000.ogg,5,10,1491113;517063,original,data/train_soundscapes_upsampled/BC2026_Train_0013_S13_20220217_233000_5_10.ogg,2
BC2026_Train_0013_S13_20220217_233000.ogg,10,15,1491113;517063,original,data/train_soundscapes_upsampled/BC2026_Train_0013_S13_20220217_233000_10_15.ogg,2
BC2026_Train_0013_S13_20220217_233000.ogg,15,20,1491113,original,data/train_soundscapes_upsampled/BC2026_Train_0013_S13_20220217_233000_15_20.ogg,2
BC2026_Train_0013_S13_20220217_233000.ogg,20,25,1491113,original,data/train_soundscapes_upsampled/BC2026_Train_0013_S13_20220217_233000_20_25.ogg,2
BC2026_Train_0013_S13_20220217_233000.ogg,25,30,1491113;517063,original,data/train_soundscapes_upsampled/BC2026_Train_0013_S13_20220217_233000_25_30.ogg,2
BC2026_Train_0013_S13_20220217_233000.ogg,30,35,1491113;517063,original,data/train_soundscapes_upsampled/BC2026_Train_0013_S13_20220217_233000_30_35.ogg,2
BC2026_Train_0013_S13_20220217_233000.ogg,35,40,1491113;517063,original,data/train_soundscapes_upsampled/BC2026_Train_0013_S13_20220217_233000_35_40.ogg,2
BC2026_Train_0013_S13_20220217_233000.ogg,40,45,1491113,original,data/train_soundscapes_upsampled/BC2026_Train_0013_S13_20220217_233000_40_45.ogg,2
BC2026_Train_0013_S13_20220217_233000.ogg,45,50,1491113,original,data/train_soundscapes_upsampled/BC2026_Train_0013_S13_20220217_233000_45_50.ogg,2
BC2026_Train_0013_S13_20220217_233000.ogg,50,55,1491113,original,data/train_soundscapes_upsampled/BC2026_Train_0013_S13_20220217_233000_50_55.ogg,2
BC2026_Train_0013_S13_20220217_233000.ogg,55,60,1491113,original,data/train_soundscapes_upsampled/BC2026_Train_0013_S13_20220217_233000_55_60.ogg,2
BC2026_Train_0031_S22_20211214_204500.ogg,0,5,23158;24321;25092;65380;66971,original,data/train_soundscapes_upsampled/BC2026_Train_0031_S22_20211214_204500_0_5.ogg,2
BC2026_Train_0031_S22_20211214_204500.ogg,5,10,23158;24321;25092;65380;66971,original,data/train_soundscapes_upsampled/BC2026_Train_0031_S22_20211214_204500_5_10.ogg,2
BC2026_Train_0031_S22_20211214_204500.ogg,10,15,23158;24321;25092;65380;66971,original,data/train_soundscapes_upsampled/BC2026_Train_0031_S22_20211214_204500_10_15.ogg,2
BC2026_Train_0031_S22_20211214_204500.ogg,15,20,23158;24321;25092;65380;66971,original,data/train_soundscapes_upsampled/BC2026_Train_0031_S22_20211214_204500_15_20.ogg,2
BC2026_Train_0031_S22_20211214_204500.ogg,20,25,23158;24321;25092;65380;66971,original,data/train_soundscapes_upsampled/BC2026_Train_0031_S22_20211214_204500_20_25.ogg,2
BC2026_Train_0031_S22_20211214_204500.ogg,25,30,23158;24321;25092;65380;66971,original,data/train_soundscapes_upsampled/BC2026_Train_0031_S22_20211214_204500_25_30.ogg,2
BC2026_Train_0031_S22_20211214_204500.ogg,30,35,23158;24321;25092;65380;66971,original,data/train_soundscapes_upsampled/BC2026_Train_0031_S22_20211214_204500_30_35.ogg,2
BC2026_Train_0031_S22_20211214_204500.ogg,35,40,23158;24321;25092;65380;66971,original,data/train_soundscapes_upsampled/BC2026_Train_0031_S22_20211214_204500_35_40.ogg,2
BC2026_Train_0031_S22_20211214_204500.ogg,40,45,23158;24321;25092;65380;66971,original,data/train_soundscapes_upsampled/BC2026_Train_0031_S22_20211214_204500_40_45.ogg,2
BC2026_Train_0031_S22_20211214_204500.ogg,45,50,23158;24321;25092;65380;66971,original,data/train_soundscapes_upsampled/BC2026_Train_0031_S22_20211214_204500_45_50.ogg,2
BC2026_Train_0031_S22_20211214_204500.ogg,50,55,23158;24321;25092;65380;66971,original,data/train_soundscapes_upsampled/BC2026_Train_0031_S22_20211214_204500_50_55.ogg,2
BC2026_Train_0031_S22_20211214_204500.ogg,55,60,23158;24321;25092;65380;66971,original,data/train_soundscapes_upsampled/BC2026_Train_0031_S22_20211214_204500_55_60.ogg,2
BC2026_Train_0051_S22_20220208_231500.ogg,0,5,22967;22973;23158;517063;555146;65380;undtin1,original,data/train_soundscapes_upsampled/BC2026_Train_0051_S22_20220208_231500_0_5.ogg,2
BC2026_Train_0051_S22_20220208_231500.ogg,5,10,22967;22973;24279;517063;555146;65380;66971,original,data/train_soundscapes_upsampled/BC2026_Train_0051_S22_20220208_231500_5_10.ogg,2
BC2026_Train_0051_S22_20220208_231500.ogg,10,15,22967;22973;24279;517063;555146;65380;66971,original,data/train_soundscapes_upsampled/BC2026_Train_0051_S22_20220208_231500_10_15.ogg,2
BC2026_Train_0051_S22_20220208_231500.ogg,15,20,22967;22973;24279;517063;555146;65380;66971,original,data/train_soundscapes_upsampled/BC2026_Train_0051_S22_20220208_231500_15_20.ogg,2
BC2026_Train_0051_S22_20220208_231500.ogg,20,25,22967;22973;23158;24279;517063;555146;65380;66971,original,data/train_soundscapes_upsampled/BC2026_Train_0051_S22_20220208_231500_20_25.ogg,2
BC2026_Train_0051_S22_20220208_231500.ogg,25,30,22967;22973;23158;24279;517063;555146;65380;66971,original,data/train_soundscapes_upsampled/BC2026_Train_0051_S22_20220208_231500_25_30.ogg,2
BC2026_Train_0051_S22_20220208_231500.ogg,30,35,22967;22973;24279;517063;555146;65380;66971,original,data/train_soundscapes_upsampled/BC2026_Train_0051_S22_20220208_231500_30_35.ogg,2
BC2026_Train_0051_S22_20220208_231500.ogg,35,40,22967;22973;23158;517063;555146;65380;66971,original,data/train_soundscapes_upsampled/BC2026_Train_0051_S22_20220208_231500_35_40.ogg,2
BC2026_Train_0051_S22_20220208_231500.ogg,40,45,22967;22973;517063;555146;65380;66971;trsowl,original,data/train_soundscapes_upsampled/BC2026_Train_0051_S22_20220208_231500_40_45.ogg,2
BC2026_Train_0051_S22_20220208_231500.ogg,45,50,22967;22973;23158;517063;555146;65380;66971,original,data/train_soundscapes_upsampled/BC2026_Train_0051_S22_20220208_231500_45_50.ogg,2
BC2026_Train_0051_S22_20220208_231500.ogg,50,55,22967;22973;517063;555146;65380;66971;trsowl,original,data/train_soundscapes_upsampled/BC2026_Train_0051_S22_20220208_231500_50_55.ogg,2
BC2026_Train_0051_S22_20220208_231500.ogg,55,60,22967;22973;23158;517063;555146;65380;66971,original,data/train_soundscapes_upsampled/BC2026_Train_0051_S22_20220208_231500_55_60.ogg,2
BC2026_Train_0026_S22_20211128_004500.ogg,15,20,compau,original,data/train_soundscapes_upsampled/BC2026_Train_0026_S22_20211128_004500_15_20.ogg,2
BC2026_Train_0026_S22_20211128_004500.ogg,20,25,517063,original,data/train_soundscapes_upsampled/BC2026_Train_0026_S22_20211128_004500_20_25.ogg,2
BC2026_Train_0026_S22_20211128_004500.ogg,25,30,517063,original,data/train_soundscapes_upsampled/BC2026_Train_0026_S22_20211128_004500_25_30.ogg,2
BC2026_Train_0026_S22_20211128_004500.ogg,30,35,555146,original,data/train_soundscapes_upsampled/BC2026_Train_0026_S22_20211128_004500_30_35.ogg,2
BC2026_Train_0026_S22_20211128_004500.ogg,35,40,22973;555146,original,data/train_soundscapes_upsampled/BC2026_Train_0026_S22_20211128_004500_35_40.ogg,2
BC2026_Train_0026_S22_20211128_004500.ogg,40,45,555146,original,data/train_soundscapes_upsampled/BC2026_Train_0026_S22_20211128_004500_40_45.ogg,2
BC2026_Train_0026_S22_20211128_004500.ogg,45,50,517063;555146,original,data/train_soundscapes_upsampled/BC2026_Train_0026_S22_20211128_004500_45_50.ogg,2
BC2026_Train_0026_S22_20211128_004500.ogg,50,55,555146,original,data/train_soundscapes_upsampled/BC2026_Train_0026_S22_20211128_004500_50_55.ogg,2
BC2026_Train_0026_S22_20211128_004500.ogg,55,60,517063;555146,original,data/train_soundscapes_upsampled/BC2026_Train_0026_S22_20211128_004500_55_60.ogg,2
BC2026_Train_0062_S19_20241213_193000.ogg,0,5,22967;47158son01;47158son03;47158son11;47158son12;47158son24;517063,original,data/train_soundscapes_upsampled/BC2026_Train_0062_S19_20241213_193000_0_5.ogg,1
BC2026_Train_0062_S19_20241213_193000.ogg,5,10,22967;47158son01;47158son03;47158son11;47158son12;47158son24;517063,original,data/train_soundscapes_upsampled/BC2026_Train_0062_S19_20241213_193000_5_10.ogg,1
BC2026_Train_0062_S19_20241213_193000.ogg,10,15,22967;47158son01;47158son03;47158son11;47158son12;47158son24,original,data/train_soundscapes_upsampled/BC2026_Train_0062_S19_20241213_193000_10_15.ogg,1
BC2026_Train_0062_S19_20241213_193000.ogg,15,20,22967;22973;47158son01;47158son11;47158son24;517063,original,data/train_soundscapes_upsampled/BC2026_Train_0062_S19_20241213_193000_15_20.ogg,1
BC2026_Train_0062_S19_20241213_193000.ogg,20,25,22967;22973;47158son01;47158son11;47158son24;517063,original,data/train_soundscapes_upsampled/BC2026_Train_0062_S19_20241213_193000_20_25.ogg,1
BC2026_Train_0062_S19_20241213_193000.ogg,25,30,22967;22973;47158son01;47158son03;47158son11;47158son24,original,data/train_soundscapes_upsampled/BC2026_Train_0062_S19_20241213_193000_25_30.ogg,1
BC2026_Train_0062_S19_20241213_193000.ogg,30,35,22967;22973;47158son01;47158son03;47158son09;47158son11;47158son12;47158son24;517063,original,data/train_soundscapes_upsampled/BC2026_Train_0062_S19_20241213_193000_30_35.ogg,1
BC2026_Train_0062_S19_20241213_193000.ogg,35,40,22967;22973;47158son01;47158son03;47158son09;47158son11;47158son24;517063,original,data/train_soundscapes_upsampled/BC2026_Train_0062_S19_20241213_193000_35_40.ogg,1
BC2026_Train_0062_S19_20241213_193000.ogg,40,45,22967;22973;47158son01;47158son03;47158son09;47158son11;47158son24;517063,original,data/train_soundscapes_upsampled/BC2026_Train_0062_S19_20241213_193000_40_45.ogg,1
BC2026_Train_0062_S19_20241213_193000.ogg,45,50,22967;47158son01;47158son03;47158son09;47158son11;47158son12;47158son24,original,data/train_soundscapes_upsampled/BC2026_Train_0062_S19_20241213_193000_45_50.ogg,1
BC2026_Train_0062_S19_20241213_193000.ogg,50,55,22967;22973;47158son01;47158son03;47158son09;47158son11;47158son24,original,data/train_soundscapes_upsampled/BC2026_Train_0062_S19_20241213_193000_50_55.ogg,1
BC2026_Train_0062_S19_20241213_193000.ogg,55,60,22967;22973;47158son04;47158son09;47158son11;47158son24,original,data/train_soundscapes_upsampled/BC2026_Train_0062_S19_20241213_193000_55_60.ogg,1
BC2026_Train_0020_S22_20211104_231500.ogg,0,5,22973;65380;trsowl;undtin1,original,data/train_soundscapes_upsampled/BC2026_Train_0020_S22_20211104_231500_0_5.ogg,1
BC2026_Train_0020_S22_20211104_231500.ogg,5,10,22973;517063;65380;undtin1,original,data/train_soundscapes_upsampled/BC2026_Train_0020_S22_20211104_231500_5_10.ogg,1
BC2026_Train_0020_S22_20211104_231500.ogg,10,15,517063;65380;trsowl;undtin1,original,data/train_soundscapes_upsampled/BC2026_Train_0020_S22_20211104_231500_10_15.ogg,1
BC2026_Train_0020_S22_20211104_231500.ogg,15,20,517063;65380,original,data/train_soundscapes_upsampled/BC2026_Train_0020_S22_20211104_231500_15_20.ogg,1
BC2026_Train_0020_S22_20211104_231500.ogg,20,25,517063;65380;trsowl,original,data/train_soundscapes_upsampled/BC2026_Train_0020_S22_20211104_231500_20_25.ogg,1
BC2026_Train_0020_S22_20211104_231500.ogg,25,30,22973;517063;trsowl;undtin1,original,data/train_soundscapes_upsampled/BC2026_Train_0020_S22_20211104_231500_25_30.ogg,1
BC2026_Train_0020_S22_20211104_231500.ogg,30,35,22973;517063,original,data/train_soundscapes_upsampled/BC2026_Train_0020_S22_20211104_231500_30_35.ogg,1
BC2026_Train_0020_S22_20211104_231500.ogg,35,40,65380;trsowl,original,data/train_soundscapes_upsampled/BC2026_Train_0020_S22_20211104_231500_35_40.ogg,1
BC2026_Train_0020_S22_20211104_231500.ogg,40,45,22973;65380;compau,original,data/train_soundscapes_upsampled/BC2026_Train_0020_S22_20211104_231500_40_45.ogg,1
BC2026_Train_0020_S22_20211104_231500.ogg,45,50,22973;65380;compau;undtin1,original,data/train_soundscapes_upsampled/BC2026_Train_0020_S22_20211104_231500_45_50.ogg,1
BC2026_Train_0020_S22_20211104_231500.ogg,50,55,22973;517063;65380;compau;trsowl,original,data/train_soundscapes_upsampled/BC2026_Train_0020_S22_20211104_231500_50_55.ogg,1
BC2026_Train_0020_S22_20211104_231500.ogg,55,60,22973;517063;65380;compau,original,data/train_soundscapes_upsampled/BC2026_Train_0020_S22_20211104_231500_55_60.ogg,1
BC2026_Train_0012_S03_20220211_233000.ogg,0,5,517063,original,data/train_soundscapes_upsampled/BC2026_Train_0012_S03_20220211_233000_0_5.ogg,0
BC2026_Train_0012_S03_20220211_233000.ogg,5,10,1491113,original,data/train_soundscapes_upsampled/BC2026_Train_0012_S03_20220211_233000_5_10.ogg,0
BC2026_Train_0012_S03_20220211_233000.ogg,10,15,1491113;517063,original,data/train_soundscapes_upsampled/BC2026_Train_0012_S03_20220211_233000_10_15.ogg,0
BC2026_Train_0012_S03_20220211_233000.ogg,15,20,517063,original,data/train_soundscapes_upsampled/BC2026_Train_0012_S03_20220211_233000_15_20.ogg,0
BC2026_Train_0012_S03_20220211_233000.ogg,20,25,517063,original,data/train_soundscapes_upsampled/BC2026_Train_0012_S03_20220211_233000_20_25.ogg,0
BC2026_Train_0012_S03_20220211_233000.ogg,25,30,517063,original,data/train_soundscapes_upsampled/BC2026_Train_0012_S03_20220211_233000_25_30.ogg,0
BC2026_Train_0012_S03_20220211_233000.ogg,30,35,517063,original,data/train_soundscapes_upsampled/BC2026_Train_0012_S03_20220211_233000_30_35.ogg,0
BC2026_Train_0012_S03_20220211_233000.ogg,35,40,517063,original,data/train_soundscapes_upsampled/BC2026_Train_0012_S03_20220211_233000_35_40.ogg,0
BC2026_Train_0012_S03_20220211_233000.ogg,40,45,517063,original,data/train_soundscapes_upsampled/BC2026_Train_0012_S03_20220211_233000_40_45.ogg,0
BC2026_Train_0012_S03_20220211_233000.ogg,45,50,517063,original,data/train_soundscapes_upsampled/BC2026_Train_0012_S03_20220211_233000_45_50.ogg,0
BC2026_Train_0012_S03_20220211_233000.ogg,50,55,517063,original,data/train_soundscapes_upsampled/BC2026_Train_0012_S03_20220211_233000_50_55.ogg,0
BC2026_Train_0012_S03_20220211_233000.ogg,55,60,517063,original,data/train_soundscapes_upsampled/BC2026_Train_0012_S03_20220211_233000_55_60.ogg,0
BC2026_Train_0064_S23_20241124_032002.ogg,0,5,47158son04;47158son10;47158son25,original,data/train_soundscapes_upsampled/BC2026_Train_0064_S23_20241124_032002_0_5.ogg,2
BC2026_Train_0064_S23_20241124_032002.ogg,5,10,47158son04;47158son10;47158son25;bafcur1,original,data/train_soundscapes_upsampled/BC2026_Train_0064_S23_20241124_032002_5_10.ogg,2
BC2026_Train_0064_S23_20241124_032002.ogg,10,15,47158son04;47158son10;47158son25;bafcur1,original,data/train_soundscapes_upsampled/BC2026_Train_0064_S23_20241124_032002_10_15.ogg,2
BC2026_Train_0064_S23_20241124_032002.ogg,15,20,47158son04;47158son10;47158son25;bafcur1,original,data/train_soundscapes_upsampled/BC2026_Train_0064_S23_20241124_032002_15_20.ogg,2
BC2026_Train_0064_S23_20241124_032002.ogg,20,25,47158son04;47158son10;47158son25;bafcur1,original,data/train_soundscapes_upsampled/BC2026_Train_0064_S23_20241124_032002_20_25.ogg,2
BC2026_Train_0064_S23_20241124_032002.ogg,25,30,47158son04;47158son10;47158son25;bafcur1,original,data/train_soundscapes_upsampled/BC2026_Train_0064_S23_20241124_032002_25_30.ogg,2
BC2026_Train_0064_S23_20241124_032002.ogg,30,35,116570;47158son04;47158son06;47158son10;47158son25;bafcur1,original,data/train_soundscapes_upsampled/BC2026_Train_0064_S23_20241124_032002_30_35.ogg,2
BC2026_Train_0064_S23_20241124_032002.ogg,35,40,47158son04;47158son06;47158son10;47158son25;bafcur1,original,data/train_soundscapes_upsampled/BC2026_Train_0064_S23_20241124_032002_35_40.ogg,2
BC2026_Train_0064_S23_20241124_032002.ogg,40,45,47158son04;47158son06;47158son10;47158son25,original,data/train_soundscapes_upsampled/BC2026_Train_0064_S23_20241124_032002_40_45.ogg,2
BC2026_Train_0064_S23_20241124_032002.ogg,45,50,47158son04;47158son06;47158son10;47158son25;bafcur1,original,data/train_soundscapes_upsampled/BC2026_Train_0064_S23_20241124_032002_45_50.ogg,2
BC2026_Train_0064_S23_20241124_032002.ogg,50,55,47158son04;47158son06;47158son10;47158son25;bafcur1,original,data/train_soundscapes_upsampled/BC2026_Train_0064_S23_20241124_032002_50_55.ogg,2
BC2026_Train_0064_S23_20241124_032002.ogg,55,60,47158son04;47158son06;47158son10;47158son25;wfwduc1,original,data/train_soundscapes_upsampled/BC2026_Train_0064_S23_20241124_032002_55_60.ogg,2
BC2026_Train_0016_S18_20220204_221500.ogg,0,5,24279,original,data/train_soundscapes_upsampled/BC2026_Train_0016_S18_20220204_221500_0_5.ogg,1
BC2026_Train_0016_S18_20220204_221500.ogg,5,10,22967;24279;517063,original,data/train_soundscapes_upsampled/BC2026_Train_0016_S18_20220204_221500_5_10.ogg,1
BC2026_Train_0016_S18_20220204_221500.ogg,10,15,22967;517063,original,data/train_soundscapes_upsampled/BC2026_Train_0016_S18_20220204_221500_10_15.ogg,1
BC2026_Train_0016_S18_20220204_221500.ogg,15,20,22967;517063,original,data/train_soundscapes_upsampled/BC2026_Train_0016_S18_20220204_221500_15_20.ogg,1
BC2026_Train_0016_S18_20220204_221500.ogg,20,25,22967,original,data/train_soundscapes_upsampled/BC2026_Train_0016_S18_20220204_221500_20_25.ogg,1
BC2026_Train_0016_S18_20220204_221500.ogg,25,30,22967,original,data/train_soundscapes_upsampled/BC2026_Train_0016_S18_20220204_221500_25_30.ogg,1
BC2026_Train_0016_S18_20220204_221500.ogg,30,35,22967,original,data/train_soundscapes_upsampled/BC2026_Train_0016_S18_20220204_221500_30_35.ogg,1
BC2026_Train_0016_S18_20220204_221500.ogg,35,40,22967,original,data/train_soundscapes_upsampled/BC2026_Train_0016_S18_20220204_221500_35_40.ogg,1
BC2026_Train_0016_S18_20220204_221500.ogg,40,45,22967,original,data/train_soundscapes_upsampled/BC2026_Train_0016_S18_20220204_221500_40_45.ogg,1
BC2026_Train_0016_S18_20220204_221500.ogg,45,50,22967,original,data/train_soundscapes_upsampled/BC2026_Train_0016_S18_20220204_221500_45_50.ogg,1
BC2026_Train_0016_S18_20220204_221500.ogg,50,55,22967,original,data/train_soundscapes_upsampled/BC2026_Train_0016_S18_20220204_221500_50_55.ogg,1
BC2026_Train_0016_S18_20220204_221500.ogg,55,60,22967,original,data/train_soundscapes_upsampled/BC2026_Train_0016_S18_20220204_221500_55_60.ogg,1
BC2026_Train_0002_S08_20250607_030007.ogg,0,5,47158son01;47158son13;47158son22;47158son23;47158son25,original,data/train_soundscapes_upsampled/BC2026_Train_0002_S08_20250607_030007_0_5.ogg,0
BC2026_Train_0002_S08_20250607_030007.ogg,5,10,47158son01;47158son13;47158son21;47158son22;47158son23;47158son25,original,data/train_soundscapes_upsampled/BC2026_Train_0002_S08_20250607_030007_5_10.ogg,0
BC2026_Train_0002_S08_20250607_030007.ogg,10,15,47158son01;47158son13;47158son21;47158son22;47158son23;47158son25,original,data/train_soundscapes_upsampled/BC2026_Train_0002_S08_20250607_030007_10_15.ogg,0
BC2026_Train_0002_S08_20250607_030007.ogg,15,20,47158son01;47158son13;47158son21;47158son22;47158son23;47158son25,original,data/train_soundscapes_upsampled/BC2026_Train_0002_S08_20250607_030007_15_20.ogg,0
BC2026_Train_0002_S08_20250607_030007.ogg,20,25,47158son01;47158son13;47158son21;47158son22;47158son23;47158son25,original,data/train_soundscapes_upsampled/BC2026_Train_0002_S08_20250607_030007_20_25.ogg,0
BC2026_Train_0002_S08_20250607_030007.ogg,25,30,47158son01;47158son13;47158son21;47158son22;47158son23;47158son25,original,data/train_soundscapes_upsampled/BC2026_Train_0002_S08_20250607_030007_25_30.ogg,0
BC2026_Train_0002_S08_20250607_030007.ogg,30,35,47158son01;47158son13;47158son21;47158son22;47158son23;47158son25,original,data/train_soundscapes_upsampled/BC2026_Train_0002_S08_20250607_030007_30_35.ogg,0
BC2026_Train_0002_S08_20250607_030007.ogg,35,40,47158son01;47158son13;47158son21;47158son22;47158son23;47158son25,original,data/train_soundscapes_upsampled/BC2026_Train_0002_S08_20250607_030007_35_40.ogg,0
BC2026_Train_0002_S08_20250607_030007.ogg,40,45,116570;47158son01;47158son13;47158son21;47158son22;47158son23;47158son25,original,data/train_soundscapes_upsampled/BC2026_Train_0002_S08_20250607_030007_40_45.ogg,0
BC2026_Train_0002_S08_20250607_030007.ogg,45,50,47158son01;47158son13;47158son21;47158son22;47158son23;47158son25,original,data/train_soundscapes_upsampled/BC2026_Train_0002_S08_20250607_030007_45_50.ogg,0
BC2026_Train_0002_S08_20250607_030007.ogg,50,55,47158son01;47158son13;47158son21;47158son22;47158son23;47158son25,original,data/train_soundscapes_upsampled/BC2026_Train_0002_S08_20250607_030007_50_55.ogg,0
BC2026_Train_0002_S08_20250607_030007.ogg,55,60,47158son01;47158son13;47158son21;47158son22;47158son23;47158son25,original,data/train_soundscapes_upsampled/BC2026_Train_0002_S08_20250607_030007_55_60.ogg,0
BC2026_Train_0032_S22_20211215_221500.ogg,0,5,23158;24279;24321;555146;65380,original,data/train_soundscapes_upsampled/BC2026_Train_0032_S22_20211215_221500_0_5.ogg,0
BC2026_Train_0032_S22_20211215_221500.ogg,5,10,23158;24279;24321;555146;65380,original,data/train_soundscapes_upsampled/BC2026_Train_0032_S22_20211215_221500_5_10.ogg,0
BC2026_Train_0032_S22_20211215_221500.ogg,10,15,23158;24279;24321;555146;65380,original,data/train_soundscapes_upsampled/BC2026_Train_0032_S22_20211215_221500_10_15.ogg,0
BC2026_Train_0032_S22_20211215_221500.ogg,15,20,23158;24279;24321;555146;65380,original,data/train_soundscapes_upsampled/BC2026_Train_0032_S22_20211215_221500_15_20.ogg,0
BC2026_Train_0032_S22_20211215_221500.ogg,20,25,23158;24279;24321;555146;65380,original,data/train_soundscapes_upsampled/BC2026_Train_0032_S22_20211215_221500_20_25.ogg,0
BC2026_Train_0032_S22_20211215_221500.ogg,25,30,23158;24279;24321;25092;555146;65380,original,data/train_soundscapes_upsampled/BC2026_Train_0032_S22_20211215_221500_25_30.ogg,0
BC2026_Train_0032_S22_20211215_221500.ogg,30,35,23158;24279;24321;555146;65380,original,data/train_soundscapes_upsampled/BC2026_Train_0032_S22_20211215_221500_30_35.ogg,0
BC2026_Train_0032_S22_20211215_221500.ogg,35,40,23158;24279;24321;555146;65380,original,data/train_soundscapes_upsampled/BC2026_Train_0032_S22_20211215_221500_35_40.ogg,0
BC2026_Train_0032_S22_20211215_221500.ogg,40,45,23158;24279;24321;555146;65380,original,data/train_soundscapes_upsampled/BC2026_Train_0032_S22_20211215_221500_40_45.ogg,0
BC2026_Train_0032_S22_20211215_221500.ogg,45,50,23158;24279;24321;555146;65380,original,data/train_soundscapes_upsampled/BC2026_Train_0032_S22_20211215_221500_45_50.ogg,0
BC2026_Train_0032_S22_20211215_221500.ogg,50,55,23158;24279;24321;555146;65380,original,data/train_soundscapes_upsampled/BC2026_Train_0032_S22_20211215_221500_50_55.ogg,0
BC2026_Train_0032_S22_20211215_221500.ogg,55,60,23158;24279;24321;25092;555146;65380,original,data/train_soundscapes_upsampled/BC2026_Train_0032_S22_20211215_221500_55_60.ogg,0
BC2026_Train_0023_S22_20211121_230000.ogg,0,5,1491113;22967;22973;compau;undtin1,original,data/train_soundscapes_upsampled/BC2026_Train_0023_S22_20211121_230000_0_5.ogg,0
BC2026_Train_0023_S22_20211121_230000.ogg,5,10,1491113;22967;22973;compau,original,data/train_soundscapes_upsampled/BC2026_Train_0023_S22_20211121_230000_5_10.ogg,0
BC2026_Train_0023_S22_20211121_230000.ogg,10,15,1491113;22967;22973;undtin1,original,data/train_soundscapes_upsampled/BC2026_Train_0023_S22_20211121_230000_10_15.ogg,0
BC2026_Train_0023_S22_20211121_230000.ogg,15,20,1491113;22967;22973;517063;compau,original,data/train_soundscapes_upsampled/BC2026_Train_0023_S22_20211121_230000_15_20.ogg,0
BC2026_Train_0023_S22_20211121_230000.ogg,20,25,1491113;22967;22973;555146;compau;undtin1,original,data/train_soundscapes_upsampled/BC2026_Train_0023_S22_20211121_230000_20_25.ogg,0
BC2026_Train_0023_S22_20211121_230000.ogg,25,30,1491113;22967;22973;517063;65380;compau,original,data/train_soundscapes_upsampled/BC2026_Train_0023_S22_20211121_230000_25_30.ogg,0
BC2026_Train_0023_S22_20211121_230000.ogg,30,35,1491113;22967;22973;65380;compau,original,data/train_soundscapes_upsampled/BC2026_Train_0023_S22_20211121_230000_30_35.ogg,0
BC2026_Train_0023_S22_20211121_230000.ogg,35,40,1491113;22967;22973;65380;compau,original,data/train_soundscapes_upsampled/BC2026_Train_0023_S22_20211121_230000_35_40.ogg,0
BC2026_Train_0023_S22_20211121_230000.ogg,40,45,1491113;22967;22973;65380;compau;undtin1,original,data/train_soundscapes_upsampled/BC2026_Train_0023_S22_20211121_230000_40_45.ogg,0
BC2026_Train_0023_S22_20211121_230000.ogg,45,50,1491113;22967;22973;65380;compau,original,data/train_soundscapes_upsampled/BC2026_Train_0023_S22_20211121_230000_45_50.ogg,0
BC2026_Train_0023_S22_20211121_230000.ogg,50,55,1491113;22967;22973;65380;compau,original,data/train_soundscapes_upsampled/BC2026_Train_0023_S22_20211121_230000_50_55.ogg,0
BC2026_Train_0023_S22_20211121_230000.ogg,55,60,1491113;22967;22973;65380,original,data/train_soundscapes_upsampled/BC2026_Train_0023_S22_20211121_230000_55_60.ogg,0
BC2026_Train_0063_S19_20241214_190000.ogg,0,5,22973;25073;326272;47158son04;47158son11;47158son13;47158son24;67107,original,data/train_soundscapes_upsampled/BC2026_Train_0063_S19_20241214_190000_0_5.ogg,0
BC2026_Train_0063_S19_20241214_190000.ogg,5,10,22973;25073;326272;47158son11;47158son13;47158son24;67107,original,data/train_soundscapes_upsampled/BC2026_Train_0063_S19_20241214_190000_5_10.ogg,0
BC2026_Train_0063_S19_20241214_190000.ogg,10,15,22973;24321;25073;326272;47158son11;47158son13;47158son24;67107,original,data/train_soundscapes_upsampled/BC2026_Train_0063_S19_20241214_190000_10_15.ogg,0
BC2026_Train_0063_S19_20241214_190000.ogg,15,20,22973;25073;326272;47158son11;47158son13;47158son24,original,data/train_soundscapes_upsampled/BC2026_Train_0063_S19_20241214_190000_15_20.ogg,0
BC2026_Train_0063_S19_20241214_190000.ogg,20,25,22973;25073;326272;47158son11;47158son13;47158son24,original,data/train_soundscapes_upsampled/BC2026_Train_0063_S19_20241214_190000_20_25.ogg,0
BC2026_Train_0063_S19_20241214_190000.ogg,25,30,22973;24321;25073;326272;47158son04;47158son11;47158son13;47158son24,original,data/train_soundscapes_upsampled/BC2026_Train_0063_S19_20241214_190000_25_30.ogg,0
BC2026_Train_0063_S19_20241214_190000.ogg,30,35,22973;24321;25073;326272;47158son04;47158son11;47158son13;47158son24;67107,original,data/train_soundscapes_upsampled/BC2026_Train_0063_S19_20241214_190000_30_35.ogg,0
BC2026_Train_0063_S19_20241214_190000.ogg,35,40,22973;25073;326272;47158son11;47158son13;47158son24;67107;compau,original,data/train_soundscapes_upsampled/BC2026_Train_0063_S19_20241214_190000_35_40.ogg,0
BC2026_Train_0063_S19_20241214_190000.ogg,40,45,22973;25073;326272;47158son05;47158son11;47158son13;47158son24;67107,original,data/train_soundscapes_upsampled/BC2026_Train_0063_S19_20241214_190000_40_45.ogg,0
BC2026_Train_0063_S19_20241214_190000.ogg,45,50,22973;24321;25073;326272;47158son04;47158son05;47158son11;47158son13;47158son24;67107,original,data/train_soundscapes_upsampled/BC2026_Train_0063_S19_20241214_190000_45_50.ogg,0
BC2026_Train_0063_S19_20241214_190000.ogg,50,55,22973;24321;25073;326272;47158son11;47158son13;47158son24;67107,original,data/train_soundscapes_upsampled/BC2026_Train_0063_S19_20241214_190000_50_55.ogg,0
BC2026_Train_0063_S19_20241214_190000.ogg,55,60,22973;25073;326272;47158son11;47158son13;47158son24;67107,original,data/train_soundscapes_upsampled/BC2026_Train_0063_S19_20241214_190000_55_60.ogg,0
BC2026_Train_0041_S22_20220105_223000.ogg,0,5,23158;24279;24321;517063;555146;65380;66971,original,data/train_soundscapes_upsampled/BC2026_Train_0041_S22_20220105_223000_0_5.ogg,1
BC2026_Train_0041_S22_20220105_223000.ogg,5,10,23158;24279;24321;517063;555146;65380,original,data/train_soundscapes_upsampled/BC2026_Train_0041_S22_20220105_223000_5_10.ogg,1
BC2026_Train_0041_S22_20220105_223000.ogg,10,15,23158;24279;24321;517063;555146;65380;66971,original,data/train_soundscapes_upsampled/BC2026_Train_0041_S22_20220105_223000_10_15.ogg,1
BC2026_Train_0041_S22_20220105_223000.ogg,15,20,23158;24279;24321;517063;555146;65380;66971,original,data/train_soundscapes_upsampled/BC2026_Train_0041_S22_20220105_223000_15_20.ogg,1
BC2026_Train_0041_S22_20220105_223000.ogg,20,25,23158;24279;24321;517063;555146;65380;66971,original,data/train_soundscapes_upsampled/BC2026_Train_0041_S22_20220105_223000_20_25.ogg,1
BC2026_Train_0041_S22_20220105_223000.ogg,25,30,23158;24279;24321;517063;555146;65380;66971,original,data/train_soundscapes_upsampled/BC2026_Train_0041_S22_20220105_223000_25_30.ogg,1
BC2026_Train_0041_S22_20220105_223000.ogg,30,35,23158;24279;24321;517063;555146;65380;66971,original,data/train_soundscapes_upsampled/BC2026_Train_0041_S22_20220105_223000_30_35.ogg,1
BC2026_Train_0041_S22_20220105_223000.ogg,35,40,23158;24279;24321;517063;555146;65380;66971,original,data/train_soundscapes_upsampled/BC2026_Train_0041_S22_20220105_223000_35_40.ogg,1
BC2026_Train_0041_S22_20220105_223000.ogg,40,45,23158;24279;24321;517063;555146;65380;66971,original,data/train_soundscapes_upsampled/BC2026_Train_0041_S22_20220105_223000_40_45.ogg,1
BC2026_Train_0041_S22_20220105_223000.ogg,45,50,23158;24279;24321;517063;555146;65380;66971,original,data/train_soundscapes_upsampled/BC2026_Train_0041_S22_20220105_223000_45_50.ogg,1
BC2026_Train_0041_S22_20220105_223000.ogg,50,55,23158;24279;24321;517063;555146;65380;66971,original,data/train_soundscapes_upsampled/BC2026_Train_0041_S22_20220105_223000_50_55.ogg,1
BC2026_Train_0041_S22_20220105_223000.ogg,55,60,23158;24279;24321;517063;555146;65380;66971,original,data/train_soundscapes_upsampled/BC2026_Train_0041_S22_20220105_223000_55_60.ogg,1
BC2026_Train_0030_S22_20211212_224500.ogg,0,5,22967;22973;517063,original,data/train_soundscapes_upsampled/BC2026_Train_0030_S22_20211212_224500_0_5.ogg,0
BC2026_Train_0030_S22_20211212_224500.ogg,5,10,22967;22973;517063,original,data/train_soundscapes_upsampled/BC2026_Train_0030_S22_20211212_224500_5_10.ogg,0
BC2026_Train_0030_S22_20211212_224500.ogg,10,15,22967;22973;517063,original,data/train_soundscapes_upsampled/BC2026_Train_0030_S22_20211212_224500_10_15.ogg,0
BC2026_Train_0030_S22_20211212_224500.ogg,15,20,22967;22973;24321;517063,original,data/train_soundscapes_upsampled/BC2026_Train_0030_S22_20211212_224500_15_20.ogg,0
BC2026_Train_0030_S22_20211212_224500.ogg,20,25,22967;22973;24321;517063,original,data/train_soundscapes_upsampled/BC2026_Train_0030_S22_20211212_224500_20_25.ogg,0
BC2026_Train_0030_S22_20211212_224500.ogg,25,30,22967;22973;24321;517063,original,data/train_soundscapes_upsampled/BC2026_Train_0030_S22_20211212_224500_25_30.ogg,0
BC2026_Train_0030_S22_20211212_224500.ogg,30,35,22967;22973;24321;517063,original,data/train_soundscapes_upsampled/BC2026_Train_0030_S22_20211212_224500_30_35.ogg,0
BC2026_Train_0030_S22_20211212_224500.ogg,35,40,22967;22973;517063,original,data/train_soundscapes_upsampled/BC2026_Train_0030_S22_20211212_224500_35_40.ogg,0
BC2026_Train_0030_S22_20211212_224500.ogg,40,45,22967;22973;24321;517063,original,data/train_soundscapes_upsampled/BC2026_Train_0030_S22_20211212_224500_40_45.ogg,0
BC2026_Train_0030_S22_20211212_224500.ogg,45,50,22967;22973;24321;517063,original,data/train_soundscapes_upsampled/BC2026_Train_0030_S22_20211212_224500_45_50.ogg,0
BC2026_Train_0030_S22_20211212_224500.ogg,50,55,22967;22973;517063,original,data/train_soundscapes_upsampled/BC2026_Train_0030_S22_20211212_224500_50_55.ogg,0
BC2026_Train_0030_S22_20211212_224500.ogg,55,60,22967;22973;517063,original,data/train_soundscapes_upsampled/BC2026_Train_0030_S22_20211212_224500_55_60.ogg,0
BC2026_Train_0006_S09_20250828_000000.ogg,5,10,516975,original,data/train_soundscapes_upsampled/BC2026_Train_0006_S09_20250828_000000_5_10.ogg,1
BC2026_Train_0006_S09_20250828_000000.ogg,10,15,516975,original,data/train_soundscapes_upsampled/BC2026_Train_0006_S09_20250828_000000_10_15.ogg,1
BC2026_Train_0036_S22_20211224_234500.ogg,0,5,23158;24279;24321;517063;555146;65380;66971,original,data/train_soundscapes_upsampled/BC2026_Train_0036_S22_20211224_234500_0_5.ogg,2
BC2026_Train_0036_S22_20211224_234500.ogg,5,10,23158;24279;24321;517063;555146;65380;66971,original,data/train_soundscapes_upsampled/BC2026_Train_0036_S22_20211224_234500_5_10.ogg,2
BC2026_Train_0036_S22_20211224_234500.ogg,10,15,23158;24279;24321;517063;555146;65380;66971,original,data/train_soundscapes_upsampled/BC2026_Train_0036_S22_20211224_234500_10_15.ogg,2
BC2026_Train_0036_S22_20211224_234500.ogg,15,20,23158;24279;24321;517063;555146;65380,original,data/train_soundscapes_upsampled/BC2026_Train_0036_S22_20211224_234500_15_20.ogg,2
BC2026_Train_0036_S22_20211224_234500.ogg,20,25,23158;24279;24321;517063;555146;65380,original,data/train_soundscapes_upsampled/BC2026_Train_0036_S22_20211224_234500_20_25.ogg,2
BC2026_Train_0036_S22_20211224_234500.ogg,25,30,23158;24279;24321;517063;555146;65380,original,data/train_soundscapes_upsampled/BC2026_Train_0036_S22_20211224_234500_25_30.ogg,2
BC2026_Train_0036_S22_20211224_234500.ogg,30,35,23158;24279;24321;517063;555146;65380,original,data/train_soundscapes_upsampled/BC2026_Train_0036_S22_20211224_234500_30_35.ogg,2
BC2026_Train_0036_S22_20211224_234500.ogg,35,40,23158;24279;24321;517063;555146;65380,original,data/train_soundscapes_upsampled/BC2026_Train_0036_S22_20211224_234500_35_40.ogg,2
BC2026_Train_0036_S22_20211224_234500.ogg,40,45,23158;24279;517063;555146;65380,original,data/train_soundscapes_upsampled/BC2026_Train_0036_S22_20211224_234500_40_45.ogg,2
BC2026_Train_0036_S22_20211224_234500.ogg,45,50,23158;24279;24321;517063;555146;65380;66971,original,data/train_soundscapes_upsampled/BC2026_Train_0036_S22_20211224_234500_45_50.ogg,2
BC2026_Train_0036_S22_20211224_234500.ogg,50,55,23158;24279;24321;517063;555146;65380,original,data/train_soundscapes_upsampled/BC2026_Train_0036_S22_20211224_234500_50_55.ogg,2
BC2026_Train_0036_S22_20211224_234500.ogg,55,60,23158;24279;24321;555146;65380;66971,original,data/train_soundscapes_upsampled/BC2026_Train_0036_S22_20211224_234500_55_60.ogg,2
BC2026_Train_0054_S22_20220214_034500.ogg,0,5,22973;517063;555146;65380,original,data/train_soundscapes_upsampled/BC2026_Train_0054_S22_20220214_034500_0_5.ogg,2
BC2026_Train_0054_S22_20220214_034500.ogg,5,10,22973;517063;555146;65380,original,data/train_soundscapes_upsampled/BC2026_Train_0054_S22_20220214_034500_5_10.ogg,2
BC2026_Train_0054_S22_20220214_034500.ogg,10,15,22973;517063;555146;65380,original,data/train_soundscapes_upsampled/BC2026_Train_0054_S22_20220214_034500_10_15.ogg,2
BC2026_Train_0054_S22_20220214_034500.ogg,15,20,22973;517063;555146;65380,original,data/train_soundscapes_upsampled/BC2026_Train_0054_S22_20220214_034500_15_20.ogg,2
BC2026_Train_0054_S22_20220214_034500.ogg,20,25,22973;517063;555146;65380,original,data/train_soundscapes_upsampled/BC2026_Train_0054_S22_20220214_034500_20_25.ogg,2
BC2026_Train_0054_S22_20220214_034500.ogg,25,30,22973;517063;555146;65380,original,data/train_soundscapes_upsampled/BC2026_Train_0054_S22_20220214_034500_25_30.ogg,2
BC2026_Train_0054_S22_20220214_034500.ogg,30,35,22973;517063;555146;65380,original,data/train_soundscapes_upsampled/BC2026_Train_0054_S22_20220214_034500_30_35.ogg,2
BC2026_Train_0054_S22_20220214_034500.ogg,35,40,22973;517063;555146;65380,original,data/train_soundscapes_upsampled/BC2026_Train_0054_S22_20220214_034500_35_40.ogg,2
BC2026_Train_0054_S22_20220214_034500.ogg,40,45,22973;517063;555146;65380,original,data/train_soundscapes_upsampled/BC2026_Train_0054_S22_20220214_034500_40_45.ogg,2
BC2026_Train_0054_S22_20220214_034500.ogg,45,50,22973;517063;555146,original,data/train_soundscapes_upsampled/BC2026_Train_0054_S22_20220214_034500_45_50.ogg,2
BC2026_Train_0054_S22_20220214_034500.ogg,50,55,22973;517063;555146,original,data/train_soundscapes_upsampled/BC2026_Train_0054_S22_20220214_034500_50_55.ogg,2
BC2026_Train_0054_S22_20220214_034500.ogg,55,60,22973;517063;555146,original,data/train_soundscapes_upsampled/BC2026_Train_0054_S22_20220214_034500_55_60.ogg,2
BC2026_Train_0010_S09_20250828_000000.ogg,0,5,516975,original,data/train_soundscapes_upsampled/BC2026_Train_0010_S09_20250828_000000_0_5.ogg,0
BC2026_Train_0010_S09_20250828_000000.ogg,5,10,516975,original,data/train_soundscapes_upsampled/BC2026_Train_0010_S09_20250828_000000_5_10.ogg,0
BC2026_Train_0043_S22_20220112_040000.ogg,0,5,22967;22973;517063,original,data/train_soundscapes_upsampled/BC2026_Train_0043_S22_20220112_040000_0_5.ogg,2
BC2026_Train_0043_S22_20220112_040000.ogg,5,10,22967;22973;24279;517063;redjun,original,data/train_soundscapes_upsampled/BC2026_Train_0043_S22_20220112_040000_5_10.ogg,2
BC2026_Train_0043_S22_20220112_040000.ogg,10,15,22967;22973;24279;517063;redjun,original,data/train_soundscapes_upsampled/BC2026_Train_0043_S22_20220112_040000_10_15.ogg,2
BC2026_Train_0043_S22_20220112_040000.ogg,15,20,22967;22973;517063,original,data/train_soundscapes_upsampled/BC2026_Train_0043_S22_20220112_040000_15_20.ogg,2
BC2026_Train_0043_S22_20220112_040000.ogg,20,25,22967;22973;517063;redjun,original,data/train_soundscapes_upsampled/BC2026_Train_0043_S22_20220112_040000_20_25.ogg,2
BC2026_Train_0043_S22_20220112_040000.ogg,25,30,22967;22973;24279;517063;redjun,original,data/train_soundscapes_upsampled/BC2026_Train_0043_S22_20220112_040000_25_30.ogg,2
BC2026_Train_0043_S22_20220112_040000.ogg,30,35,22967;22973;24279;517063,original,data/train_soundscapes_upsampled/BC2026_Train_0043_S22_20220112_040000_30_35.ogg,2
BC2026_Train_0043_S22_20220112_040000.ogg,35,40,22967;22973;517063,original,data/train_soundscapes_upsampled/BC2026_Train_0043_S22_20220112_040000_35_40.ogg,2
BC2026_Train_0043_S22_20220112_040000.ogg,40,45,22967;22973;24279;517063,original,data/train_soundscapes_upsampled/BC2026_Train_0043_S22_20220112_040000_40_45.ogg,2
BC2026_Train_0043_S22_20220112_040000.ogg,45,50,22967;22973;24279;517063;redjun,original,data/train_soundscapes_upsampled/BC2026_Train_0043_S22_20220112_040000_45_50.ogg,2
BC2026_Train_0043_S22_20220112_040000.ogg,50,55,22967;22973;24279;517063;redjun,original,data/train_soundscapes_upsampled/BC2026_Train_0043_S22_20220112_040000_50_55.ogg,2
BC2026_Train_0043_S22_20220112_040000.ogg,55,60,22967;22973;24279;517063,original,data/train_soundscapes_upsampled/BC2026_Train_0043_S22_20220112_040000_55_60.ogg,2
BC2026_Train_0022_S22_20211114_014500.ogg,0,5,compau;litnig1;undtin1,original,data/train_soundscapes_upsampled/BC2026_Train_0022_S22_20211114_014500_0_5.ogg,2
BC2026_Train_0022_S22_20211114_014500.ogg,5,10,compau;litnig1,original,data/train_soundscapes_upsampled/BC2026_Train_0022_S22_20211114_014500_5_10.ogg,2
BC2026_Train_0022_S22_20211114_014500.ogg,10,15,compau;litnig1,original,data/train_soundscapes_upsampled/BC2026_Train_0022_S22_20211114_014500_10_15.ogg,2
BC2026_Train_0022_S22_20211114_014500.ogg,15,20,compau,original,data/train_soundscapes_upsampled/BC2026_Train_0022_S22_20211114_014500_15_20.ogg,2
BC2026_Train_0022_S22_20211114_014500.ogg,20,25,compau;litnig1;undtin1,original,data/train_soundscapes_upsampled/BC2026_Train_0022_S22_20211114_014500_20_25.ogg,2
BC2026_Train_0022_S22_20211114_014500.ogg,25,30,517063;litnig1;undtin1,original,data/train_soundscapes_upsampled/BC2026_Train_0022_S22_20211114_014500_25_30.ogg,2
BC2026_Train_0022_S22_20211114_014500.ogg,30,35,litnig1,original,data/train_soundscapes_upsampled/BC2026_Train_0022_S22_20211114_014500_30_35.ogg,2
BC2026_Train_0022_S22_20211114_014500.ogg,35,40,517063;litnig1;undtin1,original,data/train_soundscapes_upsampled/BC2026_Train_0022_S22_20211114_014500_35_40.ogg,2
BC2026_Train_0022_S22_20211114_014500.ogg,40,45,517063;litnig1,original,data/train_soundscapes_upsampled/BC2026_Train_0022_S22_20211114_014500_40_45.ogg,2
BC2026_Train_0022_S22_20211114_014500.ogg,45,50,517063;litnig1;undtin1,original,data/train_soundscapes_upsampled/BC2026_Train_0022_S22_20211114_014500_45_50.ogg,2
BC2026_Train_0022_S22_20211114_014500.ogg,50,55,517063;litnig1,original,data/train_soundscapes_upsampled/BC2026_Train_0022_S22_20211114_014500_50_55.ogg,2
BC2026_Train_0022_S22_20211114_014500.ogg,55,60,litnig1;undtin1,original,data/train_soundscapes_upsampled/BC2026_Train_0022_S22_20211114_014500_55_60.ogg,2
BC2026_Train_0048_S22_20220131_180000.ogg,0,5,1491113;bufpar;whtdov,original,data/train_soundscapes_upsampled/BC2026_Train_0048_S22_20220131_180000_0_5.ogg,1
BC2026_Train_0048_S22_20220131_180000.ogg,5,10,1491113;bufpar;sibtan2,original,data/train_soundscapes_upsampled/BC2026_Train_0048_S22_20220131_180000_5_10.ogg,1
BC2026_Train_0048_S22_20220131_180000.ogg,10,15,1491113;bufpar;hyamac1,original,data/train_soundscapes_upsampled/BC2026_Train_0048_S22_20220131_180000_10_15.ogg,1
BC2026_Train_0048_S22_20220131_180000.ogg,15,20,1491113;bufpar;hyamac1,original,data/train_soundscapes_upsampled/BC2026_Train_0048_S22_20220131_180000_15_20.ogg,1
BC2026_Train_0048_S22_20220131_180000.ogg,20,25,1491113;bufpar;hyamac1;whtdov,original,data/train_soundscapes_upsampled/BC2026_Train_0048_S22_20220131_180000_20_25.ogg,1
BC2026_Train_0048_S22_20220131_180000.ogg,25,30,1491113;bufpar;hyamac1,original,data/train_soundscapes_upsampled/BC2026_Train_0048_S22_20220131_180000_25_30.ogg,1
BC2026_Train_0048_S22_20220131_180000.ogg,30,35,1491113;66971;bufpar;hyamac1;whtdov,original,data/train_soundscapes_upsampled/BC2026_Train_0048_S22_20220131_180000_30_35.ogg,1
BC2026_Train_0048_S22_20220131_180000.ogg,35,40,1491113;66971;bufpar;hyamac1,original,data/train_soundscapes_upsampled/BC2026_Train_0048_S22_20220131_180000_35_40.ogg,1
BC2026_Train_0048_S22_20220131_180000.ogg,40,45,1491113;66971;bufpar;hyamac1,original,data/train_soundscapes_upsampled/BC2026_Train_0048_S22_20220131_180000_40_45.ogg,1
BC2026_Train_0048_S22_20220131_180000.ogg,45,50,1491113;23158;66971;bufpar;hyamac1;whtdov,original,data/train_soundscapes_upsampled/BC2026_Train_0048_S22_20220131_180000_45_50.ogg,1
BC2026_Train_0048_S22_20220131_180000.ogg,50,55,1491113;66971;bufpar;hyamac1,original,data/train_soundscapes_upsampled/BC2026_Train_0048_S22_20220131_180000_50_55.ogg,1
BC2026_Train_0048_S22_20220131_180000.ogg,55,60,1491113;23158;66971;bufpar;hyamac1;whtdov,original,data/train_soundscapes_upsampled/BC2026_Train_0048_S22_20220131_180000_55_60.ogg,1
BC2026_Train_0050_S22_20220205_214500.ogg,0,5,24279;24321;555146;65380;66971,original,data/train_soundscapes_upsampled/BC2026_Train_0050_S22_20220205_214500_0_5.ogg,0
BC2026_Train_0050_S22_20220205_214500.ogg,5,10,24279;555146;65380;66971,original,data/train_soundscapes_upsampled/BC2026_Train_0050_S22_20220205_214500_5_10.ogg,0
BC2026_Train_0050_S22_20220205_214500.ogg,10,15,24279;555146;65380;66971,original,data/train_soundscapes_upsampled/BC2026_Train_0050_S22_20220205_214500_10_15.ogg,0
BC2026_Train_0050_S22_20220205_214500.ogg,15,20,24279;555146;65380;66971,original,data/train_soundscapes_upsampled/BC2026_Train_0050_S22_20220205_214500_15_20.ogg,0
BC2026_Train_0050_S22_20220205_214500.ogg,20,25,24279;65380;66971,original,data/train_soundscapes_upsampled/BC2026_Train_0050_S22_20220205_214500_20_25.ogg,0
BC2026_Train_0050_S22_20220205_214500.ogg,25,30,555146;65380;66971,original,data/train_soundscapes_upsampled/BC2026_Train_0050_S22_20220205_214500_25_30.ogg,0
BC2026_Train_0050_S22_20220205_214500.ogg,30,35,24279;517063;555146;65380;66971,original,data/train_soundscapes_upsampled/BC2026_Train_0050_S22_20220205_214500_30_35.ogg,0
BC2026_Train_0050_S22_20220205_214500.ogg,35,40,24279;517063;555146;65380;66971,original,data/train_soundscapes_upsampled/BC2026_Train_0050_S22_20220205_214500_35_40.ogg,0
BC2026_Train_0050_S22_20220205_214500.ogg,40,45,517063;65380;66971,original,data/train_soundscapes_upsampled/BC2026_Train_0050_S22_20220205_214500_40_45.ogg,0
BC2026_Train_0050_S22_20220205_214500.ogg,45,50,517063;555146;65380;66971,original,data/train_soundscapes_upsampled/BC2026_Train_0050_S22_20220205_214500_45_50.ogg,0
BC2026_Train_0050_S22_20220205_214500.ogg,50,55,24279;517063;65380;66971,original,data/train_soundscapes_upsampled/BC2026_Train_0050_S22_20220205_214500_50_55.ogg,0
BC2026_Train_0050_S22_20220205_214500.ogg,55,60,24279;517063;65380;66971,original,data/train_soundscapes_upsampled/BC2026_Train_0050_S22_20220205_214500_55_60.ogg,0
BC2026_Train_0060_S15_20250617_062700.ogg,0,5,47158son07;chacha1;fusfly1;magant1;undtin1;whtdov,original,data/train_soundscapes_upsampled/BC2026_Train_0060_S15_20250617_062700_0_5.ogg,2
BC2026_Train_0060_S15_20250617_062700.ogg,5,10,47158son07;chacha1;magant1;orwpar;whtdov,original,data/train_soundscapes_upsampled/BC2026_Train_0060_S15_20250617_062700_5_10.ogg,2
BC2026_Train_0060_S15_20250617_062700.ogg,10,15,47158son07;chacha1;orwpar;whtdov,original,data/train_soundscapes_upsampled/BC2026_Train_0060_S15_20250617_062700_10_15.ogg,2
BC2026_Train_0060_S15_20250617_062700.ogg,15,20,47158son07;chacha1;orwpar;whtdov,original,data/train_soundscapes_upsampled/BC2026_Train_0060_S15_20250617_062700_15_20.ogg,2
BC2026_Train_0060_S15_20250617_062700.ogg,20,25,47158son07;chacha1;fusfly1;orwpar;whtdov,original,data/train_soundscapes_upsampled/BC2026_Train_0060_S15_20250617_062700_20_25.ogg,2
BC2026_Train_0060_S15_20250617_062700.ogg,25,30,47158son07;chacha1;orwpar;whtdov,original,data/train_soundscapes_upsampled/BC2026_Train_0060_S15_20250617_062700_25_30.ogg,2
BC2026_Train_0060_S15_20250617_062700.ogg,30,35,47158son07;chacha1;orwpar;whtdov,original,data/train_soundscapes_upsampled/BC2026_Train_0060_S15_20250617_062700_30_35.ogg,2
BC2026_Train_0060_S15_20250617_062700.ogg,35,40,47158son07;chacha1;orwpar;whtdov,original,data/train_soundscapes_upsampled/BC2026_Train_0060_S15_20250617_062700_35_40.ogg,2
BC2026_Train_0060_S15_20250617_062700.ogg,40,45,47158son07;chacha1;fusfly1;orwpar;whtdov,original,data/train_soundscapes_upsampled/BC2026_Train_0060_S15_20250617_062700_40_45.ogg,2
BC2026_Train_0060_S15_20250617_062700.ogg,45,50,47158son07;orwpar;whtdov,original,data/train_soundscapes_upsampled/BC2026_Train_0060_S15_20250617_062700_45_50.ogg,2
BC2026_Train_0060_S15_20250617_062700.ogg,50,55,47158son07;chacha1;orwpar;whtdov,original,data/train_soundscapes_upsampled/BC2026_Train_0060_S15_20250617_062700_50_55.ogg,2
BC2026_Train_0060_S15_20250617_062700.ogg,55,60,47158son07;chacha1;whtdov,original,data/train_soundscapes_upsampled/BC2026_Train_0060_S15_20250617_062700_55_60.ogg,2
BC2026_Train_0038_S22_20211228_220000.ogg,0,5,23158;24279;24321;517063;555146;65380;66971,original,data/train_soundscapes_upsampled/BC2026_Train_0038_S22_20211228_220000_0_5.ogg,0
BC2026_Train_0038_S22_20211228_220000.ogg,5,10,23158;24279;24321;517063;555146;65380;66971,original,data/train_soundscapes_upsampled/BC2026_Train_0038_S22_20211228_220000_5_10.ogg,0
BC2026_Train_0038_S22_20211228_220000.ogg,10,15,23158;24279;24321;517063;555146;65380;66971,original,data/train_soundscapes_upsampled/BC2026_Train_0038_S22_20211228_220000_10_15.ogg,0
BC2026_Train_0038_S22_20211228_220000.ogg,15,20,23158;24279;24321;517063;555146;65380;66971,original,data/train_soundscapes_upsampled/BC2026_Train_0038_S22_20211228_220000_15_20.ogg,0
BC2026_Train_0038_S22_20211228_220000.ogg,20,25,23158;24279;24321;517063;555146;65380;66971,original,data/train_soundscapes_upsampled/BC2026_Train_0038_S22_20211228_220000_20_25.ogg,0
BC2026_Train_0038_S22_20211228_220000.ogg,25,30,23158;24279;24321;517063;555146;65380;66971,original,data/train_soundscapes_upsampled/BC2026_Train_0038_S22_20211228_220000_25_30.ogg,0
BC2026_Train_0038_S22_20211228_220000.ogg,30,35,23158;24279;24321;517063;555146;65380;66971,original,data/train_soundscapes_upsampled/BC2026_Train_0038_S22_20211228_220000_30_35.ogg,0
BC2026_Train_0038_S22_20211228_220000.ogg,35,40,23158;24279;24321;517063;555146;65380;66971,original,data/train_soundscapes_upsampled/BC2026_Train_0038_S22_20211228_220000_35_40.ogg,0
BC2026_Train_0038_S22_20211228_220000.ogg,40,45,23158;24279;24321;517063;555146;65380;66971,original,data/train_soundscapes_upsampled/BC2026_Train_0038_S22_20211228_220000_40_45.ogg,0
BC2026_Train_0038_S22_20211228_220000.ogg,45,50,23158;24279;24321;517063;555146;65380;66971,original,data/train_soundscapes_upsampled/BC2026_Train_0038_S22_20211228_220000_45_50.ogg,0
BC2026_Train_0038_S22_20211228_220000.ogg,50,55,23158;24279;24321;517063;555146;65380;66971,original,data/train_soundscapes_upsampled/BC2026_Train_0038_S22_20211228_220000_50_55.ogg,0
BC2026_Train_0038_S22_20211228_220000.ogg,55,60,23158;24279;24321;517063;555146;65380;66971,original,data/train_soundscapes_upsampled/BC2026_Train_0038_S22_20211228_220000_55_60.ogg,0
BC2026_Train_0011_S03_20211114_200000.ogg,0,5,1491113;22967;22973,original,data/train_soundscapes_upsampled/BC2026_Train_0011_S03_20211114_200000_0_5.ogg,1
BC2026_Train_0011_S03_20211114_200000.ogg,5,10,1491113;22967;22973;517063,original,data/train_soundscapes_upsampled/BC2026_Train_0011_S03_20211114_200000_5_10.ogg,1
BC2026_Train_0011_S03_20211114_200000.ogg,10,15,1491113;22967;22973;517063,original,data/train_soundscapes_upsampled/BC2026_Train_0011_S03_20211114_200000_10_15.ogg,1
BC2026_Train_0011_S03_20211114_200000.ogg,15,20,1491113;22967;22973;517063,original,data/train_soundscapes_upsampled/BC2026_Train_0011_S03_20211114_200000_15_20.ogg,1
BC2026_Train_0011_S03_20211114_200000.ogg,20,25,1491113;22967;22973;517063,original,data/train_soundscapes_upsampled/BC2026_Train_0011_S03_20211114_200000_20_25.ogg,1
BC2026_Train_0011_S03_20211114_200000.ogg,25,30,1491113;22967;22973;517063,original,data/train_soundscapes_upsampled/BC2026_Train_0011_S03_20211114_200000_25_30.ogg,1
BC2026_Train_0011_S03_20211114_200000.ogg,30,35,1491113;22967;22973;517063,original,data/train_soundscapes_upsampled/BC2026_Train_0011_S03_20211114_200000_30_35.ogg,1
BC2026_Train_0011_S03_20211114_200000.ogg,35,40,1491113;22967;22973;517063,original,data/train_soundscapes_upsampled/BC2026_Train_0011_S03_20211114_200000_35_40.ogg,1
BC2026_Train_0011_S03_20211114_200000.ogg,40,45,1491113;22967;22973;517063,original,data/train_soundscapes_upsampled/BC2026_Train_0011_S03_20211114_200000_40_45.ogg,1
BC2026_Train_0011_S03_20211114_200000.ogg,45,50,1491113;22967;22973;517063,original,data/train_soundscapes_upsampled/BC2026_Train_0011_S03_20211114_200000_45_50.ogg,1
BC2026_Train_0011_S03_20211114_200000.ogg,50,55,1491113;22967;22973;517063,original,data/train_soundscapes_upsampled/BC2026_Train_0011_S03_20211114_200000_50_55.ogg,1
BC2026_Train_0011_S03_20211114_200000.ogg,55,60,1491113;22967;22973;517063,original,data/train_soundscapes_upsampled/BC2026_Train_0011_S03_20211114_200000_55_60.ogg,1
BC2026_Train_0037_S22_20211226_021500.ogg,0,5,23158;517063,original,data/train_soundscapes_upsampled/BC2026_Train_0037_S22_20211226_021500_0_5.ogg,2
BC2026_Train_0037_S22_20211226_021500.ogg,5,10,23158;517063,original,data/train_soundscapes_upsampled/BC2026_Train_0037_S22_20211226_021500_5_10.ogg,2
BC2026_Train_0037_S22_20211226_021500.ogg,10,15,23158;24279;517063,original,data/train_soundscapes_upsampled/BC2026_Train_0037_S22_20211226_021500_10_15.ogg,2
BC2026_Train_0037_S22_20211226_021500.ogg,15,20,23158;24279;517063;65380,original,data/train_soundscapes_upsampled/BC2026_Train_0037_S22_20211226_021500_15_20.ogg,2
BC2026_Train_0037_S22_20211226_021500.ogg,20,25,23158;24279;517063;65380;66971,original,data/train_soundscapes_upsampled/BC2026_Train_0037_S22_20211226_021500_20_25.ogg,2
BC2026_Train_0037_S22_20211226_021500.ogg,25,30,23158;24279;517063;65380;66971,original,data/train_soundscapes_upsampled/BC2026_Train_0037_S22_20211226_021500_25_30.ogg,2
BC2026_Train_0037_S22_20211226_021500.ogg,30,35,23158;24279;517063;65380,original,data/train_soundscapes_upsampled/BC2026_Train_0037_S22_20211226_021500_30_35.ogg,2
BC2026_Train_0037_S22_20211226_021500.ogg,35,40,23158;24279;517063;65380,original,data/train_soundscapes_upsampled/BC2026_Train_0037_S22_20211226_021500_35_40.ogg,2
BC2026_Train_0037_S22_20211226_021500.ogg,40,45,23158;24279;517063;65380,original,data/train_soundscapes_upsampled/BC2026_Train_0037_S22_20211226_021500_40_45.ogg,2
BC2026_Train_0037_S22_20211226_021500.ogg,45,50,23158;24279;517063,original,data/train_soundscapes_upsampled/BC2026_Train_0037_S22_20211226_021500_45_50.ogg,2
BC2026_Train_0037_S22_20211226_021500.ogg,50,55,23158;24279;517063,original,data/train_soundscapes_upsampled/BC2026_Train_0037_S22_20211226_021500_50_55.ogg,2
BC2026_Train_0037_S22_20211226_021500.ogg,55,60,23158;24279;517063,original,data/train_soundscapes_upsampled/BC2026_Train_0037_S22_20211226_021500_55_60.ogg,2
BC2026_Train_0058_S15_20250617_060100.ogg,0,5,47158son07;chvcon1;whtdov,original,data/train_soundscapes_upsampled/BC2026_Train_0058_S15_20250617_060100_0_5.ogg,0
BC2026_Train_0058_S15_20250617_060100.ogg,5,10,47158son07;chvcon1;whtdov,original,data/train_soundscapes_upsampled/BC2026_Train_0058_S15_20250617_060100_5_10.ogg,0
BC2026_Train_0058_S15_20250617_060100.ogg,10,15,47158son07;47158son08;chvcon1;undtin1;whtdov,original,data/train_soundscapes_upsampled/BC2026_Train_0058_S15_20250617_060100_10_15.ogg,0
BC2026_Train_0058_S15_20250617_060100.ogg,15,20,47158son07;47158son08;chvcon1;undtin1;whtdov,original,data/train_soundscapes_upsampled/BC2026_Train_0058_S15_20250617_060100_15_20.ogg,0
BC2026_Train_0058_S15_20250617_060100.ogg,20,25,47158son07;47158son08;chvcon1;limpki;ruther1;undtin1;whtdov,original,data/train_soundscapes_upsampled/BC2026_Train_0058_S15_20250617_060100_20_25.ogg,0
BC2026_Train_0058_S15_20250617_060100.ogg,25,30,47158son07;47158son08;chacha1;chvcon1;whtdov,original,data/train_soundscapes_upsampled/BC2026_Train_0058_S15_20250617_060100_25_30.ogg,0
BC2026_Train_0058_S15_20250617_060100.ogg,30,35,47158son07;chacha1;chvcon1;whtdov,original,data/train_soundscapes_upsampled/BC2026_Train_0058_S15_20250617_060100_30_35.ogg,0
BC2026_Train_0058_S15_20250617_060100.ogg,35,40,47158son07;chacha1;chvcon1;whtdov,original,data/train_soundscapes_upsampled/BC2026_Train_0058_S15_20250617_060100_35_40.ogg,0
BC2026_Train_0058_S15_20250617_060100.ogg,40,45,47158son07;chacha1;chvcon1;magant1;whtdov,original,data/train_soundscapes_upsampled/BC2026_Train_0058_S15_20250617_060100_40_45.ogg,0
BC2026_Train_0058_S15_20250617_060100.ogg,45,50,47158son07;47158son08;chacha1;chvcon1;magant1;whtdov,original,data/train_soundscapes_upsampled/BC2026_Train_0058_S15_20250617_060100_45_50.ogg,0
BC2026_Train_0058_S15_20250617_060100.ogg,50,55,47158son07;chacha1;chvcon1;orwpar;whtdov,original,data/train_soundscapes_upsampled/BC2026_Train_0058_S15_20250617_060100_50_55.ogg,0
BC2026_Train_0058_S15_20250617_060100.ogg,55,60,47158son07;chacha1;chvcon1;orwpar;whtdov,original,data/train_soundscapes_upsampled/BC2026_Train_0058_S15_20250617_060100_55_60.ogg,0
BC2026_Train_0066_S23_20241124_044002.ogg,0,5,47158son03;47158son10;47158son25;chacha1,original,data/train_soundscapes_upsampled/BC2026_Train_0066_S23_20241124_044002_0_5.ogg,2
BC2026_Train_0066_S23_20241124_044002.ogg,5,10,47158son03;47158son10;47158son25;chacha1;whtdov,original,data/train_soundscapes_upsampled/BC2026_Train_0066_S23_20241124_044002_5_10.ogg,2
BC2026_Train_0066_S23_20241124_044002.ogg,10,15,47158son03;47158son10;47158son25;chacha1;whtdov,original,data/train_soundscapes_upsampled/BC2026_Train_0066_S23_20241124_044002_10_15.ogg,2
BC2026_Train_0066_S23_20241124_044002.ogg,15,20,47158son03;47158son10;47158son25;chacha1;whtdov,original,data/train_soundscapes_upsampled/BC2026_Train_0066_S23_20241124_044002_15_20.ogg,2
BC2026_Train_0066_S23_20241124_044002.ogg,20,25,47158son03;47158son10;47158son25;chacha1;rufhor2;whtdov,original,data/train_soundscapes_upsampled/BC2026_Train_0066_S23_20241124_044002_20_25.ogg,2
BC2026_Train_0066_S23_20241124_044002.ogg,25,30,47158son03;47158son10;47158son25;chacha1;rufhor2;whtdov,original,data/train_soundscapes_upsampled/BC2026_Train_0066_S23_20241124_044002_25_30.ogg,2
BC2026_Train_0066_S23_20241124_044002.ogg,30,35,116570;47158son03;47158son10;47158son25;chacha1,original,data/train_soundscapes_upsampled/BC2026_Train_0066_S23_20241124_044002_30_35.ogg,2
BC2026_Train_0066_S23_20241124_044002.ogg,35,40,47158son03;47158son10;47158son25;chacha1;rufhor2;whtdov,original,data/train_soundscapes_upsampled/BC2026_Train_0066_S23_20241124_044002_35_40.ogg,2
BC2026_Train_0066_S23_20241124_044002.ogg,40,45,47158son03;47158son10;47158son25;chacha1;rufhor2;whtdov,original,data/train_soundscapes_upsampled/BC2026_Train_0066_S23_20241124_044002_40_45.ogg,2
BC2026_Train_0066_S23_20241124_044002.ogg,45,50,47158son03;47158son10;47158son25;chacha1;whtdov,original,data/train_soundscapes_upsampled/BC2026_Train_0066_S23_20241124_044002_45_50.ogg,2
BC2026_Train_0066_S23_20241124_044002.ogg,50,55,47158son03;47158son10;47158son25;chacha1;whtdov,original,data/train_soundscapes_upsampled/BC2026_Train_0066_S23_20241124_044002_50_55.ogg,2
BC2026_Train_0066_S23_20241124_044002.ogg,55,60,47158son03;47158son10;47158son25;whtdov,original,data/train_soundscapes_upsampled/BC2026_Train_0066_S23_20241124_044002_55_60.ogg,2
BC2026_Train_0065_S23_20241124_040002.ogg,0,5,43435;47158son02;47158son06;47158son14;47158son25,original,data/train_soundscapes_upsampled/BC2026_Train_0065_S23_20241124_040002_0_5.ogg,1
BC2026_Train_0065_S23_20241124_040002.ogg,5,10,43435;47158son02;47158son06;47158son14;47158son25,original,data/train_soundscapes_upsampled/BC2026_Train_0065_S23_20241124_040002_5_10.ogg,1
BC2026_Train_0065_S23_20241124_040002.ogg,10,15,43435;47158son02;47158son06;47158son14;47158son25,original,data/train_soundscapes_upsampled/BC2026_Train_0065_S23_20241124_040002_10_15.ogg,1
BC2026_Train_0065_S23_20241124_040002.ogg,15,20,43435;47158son02;47158son06;47158son14;47158son25,original,data/train_soundscapes_upsampled/BC2026_Train_0065_S23_20241124_040002_15_20.ogg,1
BC2026_Train_0065_S23_20241124_040002.ogg,20,25,43435;47158son06;47158son14;47158son25,original,data/train_soundscapes_upsampled/BC2026_Train_0065_S23_20241124_040002_20_25.ogg,1
BC2026_Train_0065_S23_20241124_040002.ogg,25,30,43435;47158son06;47158son14;47158son25,original,data/train_soundscapes_upsampled/BC2026_Train_0065_S23_20241124_040002_25_30.ogg,1
BC2026_Train_0065_S23_20241124_040002.ogg,30,35,116570;43435;47158son06;47158son14;47158son25,original,data/train_soundscapes_upsampled/BC2026_Train_0065_S23_20241124_040002_30_35.ogg,1
BC2026_Train_0065_S23_20241124_040002.ogg,35,40,43435;47158son06;47158son14;47158son25,original,data/train_soundscapes_upsampled/BC2026_Train_0065_S23_20241124_040002_35_40.ogg,1
BC2026_Train_0065_S23_20241124_040002.ogg,40,45,43435;47158son06;47158son10;47158son14;47158son25,original,data/train_soundscapes_upsampled/BC2026_Train_0065_S23_20241124_040002_40_45.ogg,1
BC2026_Train_0065_S23_20241124_040002.ogg,45,50,43435;47158son02;47158son06;47158son14;47158son25,original,data/train_soundscapes_upsampled/BC2026_Train_0065_S23_20241124_040002_45_50.ogg,1
BC2026_Train_0065_S23_20241124_040002.ogg,50,55,43435;47158son02;47158son06;47158son14;47158son25,original,data/train_soundscapes_upsampled/BC2026_Train_0065_S23_20241124_040002_50_55.ogg,1
BC2026_Train_0065_S23_20241124_040002.ogg,55,60,43435;47158son02;47158son06;47158son14;47158son25,original,data/train_soundscapes_upsampled/BC2026_Train_0065_S23_20241124_040002_55_60.ogg,1
BC2026_Train_0055_S22_20220219_200000.ogg,0,5,555146;65380;66971,original,data/train_soundscapes_upsampled/BC2026_Train_0055_S22_20220219_200000_0_5.ogg,0
BC2026_Train_0055_S22_20220219_200000.ogg,5,10,555146;65380;66971,original,data/train_soundscapes_upsampled/BC2026_Train_0055_S22_20220219_200000_5_10.ogg,0
BC2026_Train_0055_S22_20220219_200000.ogg,10,15,517063;555146;65380,original,data/train_soundscapes_upsampled/BC2026_Train_0055_S22_20220219_200000_10_15.ogg,0
BC2026_Train_0055_S22_20220219_200000.ogg,15,20,517063;555146;65380,original,data/train_soundscapes_upsampled/BC2026_Train_0055_S22_20220219_200000_15_20.ogg,0
BC2026_Train_0055_S22_20220219_200000.ogg,20,25,517063;555146;65380,original,data/train_soundscapes_upsampled/BC2026_Train_0055_S22_20220219_200000_20_25.ogg,0
BC2026_Train_0055_S22_20220219_200000.ogg,25,30,517063;555146;65380,original,data/train_soundscapes_upsampled/BC2026_Train_0055_S22_20220219_200000_25_30.ogg,0
BC2026_Train_0055_S22_20220219_200000.ogg,30,35,555146;65380,original,data/train_soundscapes_upsampled/BC2026_Train_0055_S22_20220219_200000_30_35.ogg,0
BC2026_Train_0055_S22_20220219_200000.ogg,35,40,555146;65380,original,data/train_soundscapes_upsampled/BC2026_Train_0055_S22_20220219_200000_35_40.ogg,0
BC2026_Train_0055_S22_20220219_200000.ogg,40,45,517063;555146,original,data/train_soundscapes_upsampled/BC2026_Train_0055_S22_20220219_200000_40_45.ogg,0
BC2026_Train_0055_S22_20220219_200000.ogg,45,50,517063;555146,original,data/train_soundscapes_upsampled/BC2026_Train_0055_S22_20220219_200000_45_50.ogg,0
BC2026_Train_0055_S22_20220219_200000.ogg,50,55,517063;555146;66971,original,data/train_soundscapes_upsampled/BC2026_Train_0055_S22_20220219_200000_50_55.ogg,0
BC2026_Train_0055_S22_20220219_200000.ogg,55,60,517063;555146;66971,original,data/train_soundscapes_upsampled/BC2026_Train_0055_S22_20220219_200000_55_60.ogg,0
BC2026_Train_0001_S08_20250606_030007.ogg,3,8,47158son13;47158son17;47158son21;47158son22;47158son23;47158son25,upsampled,data/train_soundscapes_upsampled/BC2026_Train_0001_S08_20250606_030007_3_8.ogg,1
BC2026_Train_0001_S08_20250606_030007.ogg,2,7,47158son13;47158son17;47158son21;47158son22;47158son23;47158son25,upsampled,data/train_soundscapes_upsampled/BC2026_Train_0001_S08_20250606_030007_2_7.ogg,1
BC2026_Train_0001_S08_20250606_030007.ogg,1,6,47158son13;47158son17;47158son21;47158son22;47158son23;47158son25,upsampled,data/train_soundscapes_upsampled/BC2026_Train_0001_S08_20250606_030007_1_6.ogg,1
BC2026_Train_0001_S08_20250606_030007.ogg,8,13,47158son13;47158son17;47158son21;47158son22;47158son23;47158son25,upsampled,data/train_soundscapes_upsampled/BC2026_Train_0001_S08_20250606_030007_8_13.ogg,1
BC2026_Train_0001_S08_20250606_030007.ogg,4,9,47158son13;47158son17;47158son21;47158son22;47158son23;47158son25,upsampled,data/train_soundscapes_upsampled/BC2026_Train_0001_S08_20250606_030007_4_9.ogg,1
BC2026_Train_0001_S08_20250606_030007.ogg,6,11,47158son13;47158son17;47158son21;47158son22;47158son23;47158son25,upsampled,data/train_soundscapes_upsampled/BC2026_Train_0001_S08_20250606_030007_6_11.ogg,1
BC2026_Train_0001_S08_20250606_030007.ogg,7,12,47158son13;47158son17;47158son21;47158son22;47158son23;47158son25,upsampled,data/train_soundscapes_upsampled/BC2026_Train_0001_S08_20250606_030007_7_12.ogg,1
BC2026_Train_0001_S08_20250606_030007.ogg,13,18,47158son13;47158son17;47158son21;47158son22;47158son23;47158son25,upsampled,data/train_soundscapes_upsampled/BC2026_Train_0001_S08_20250606_030007_13_18.ogg,1
BC2026_Train_0001_S08_20250606_030007.ogg,12,17,47158son13;47158son17;47158son21;47158son22;47158son23;47158son25,upsampled,data/train_soundscapes_upsampled/BC2026_Train_0001_S08_20250606_030007_12_17.ogg,1
BC2026_Train_0001_S08_20250606_030007.ogg,11,16,47158son13;47158son17;47158son21;47158son22;47158son23;47158son25,upsampled,data/train_soundscapes_upsampled/BC2026_Train_0001_S08_20250606_030007_11_16.ogg,1
BC2026_Train_0001_S08_20250606_030007.ogg,9,14,47158son13;47158son17;47158son21;47158son22;47158son23;47158son25,upsampled,data/train_soundscapes_upsampled/BC2026_Train_0001_S08_20250606_030007_9_14.ogg,1
BC2026_Train_0001_S08_20250606_030007.ogg,17,22,47158son10;47158son13;47158son17;47158son21;47158son22;47158son23;47158son25,upsampled,data/train_soundscapes_upsampled/BC2026_Train_0001_S08_20250606_030007_17_22.ogg,1
BC2026_Train_0001_S08_20250606_030007.ogg,16,21,47158son10;47158son13;47158son17;47158son21;47158son22;47158son23;47158son25,upsampled,data/train_soundscapes_upsampled/BC2026_Train_0001_S08_20250606_030007_16_21.ogg,1
BC2026_Train_0001_S08_20250606_030007.ogg,18,23,47158son10;47158son13;47158son17;47158son21;47158son22;47158son23;47158son25,upsampled,data/train_soundscapes_upsampled/BC2026_Train_0001_S08_20250606_030007_18_23.ogg,1
BC2026_Train_0001_S08_20250606_030007.ogg,14,19,47158son13;47158son17;47158son21;47158son22;47158son23;47158son25,upsampled,data/train_soundscapes_upsampled/BC2026_Train_0001_S08_20250606_030007_14_19.ogg,1
BC2026_Train_0001_S08_20250606_030007.ogg,21,26,47158son10;47158son13;47158son17;47158son21;47158son22;47158son23;47158son25,upsampled,data/train_soundscapes_upsampled/BC2026_Train_0001_S08_20250606_030007_21_26.ogg,1
BC2026_Train_0001_S08_20250606_030007.ogg,22,27,47158son10;47158son13;47158son17;47158son21;47158son22;47158son23;47158son25,upsampled,data/train_soundscapes_upsampled/BC2026_Train_0001_S08_20250606_030007_22_27.ogg,1
BC2026_Train_0001_S08_20250606_030007.ogg,19,24,47158son10;47158son13;47158son17;47158son21;47158son22;47158son23;47158son25,upsampled,data/train_soundscapes_upsampled/BC2026_Train_0001_S08_20250606_030007_19_24.ogg,1
BC2026_Train_0001_S08_20250606_030007.ogg,23,28,47158son10;47158son13;47158son17;47158son21;47158son22;47158son23;47158son25,upsampled,data/train_soundscapes_upsampled/BC2026_Train_0001_S08_20250606_030007_23_28.ogg,1
BC2026_Train_0001_S08_20250606_030007.ogg,24,29,47158son10;47158son13;47158son17;47158son21;47158son22;47158son23;47158son25,upsampled,data/train_soundscapes_upsampled/BC2026_Train_0001_S08_20250606_030007_24_29.ogg,1
BC2026_Train_0001_S08_20250606_030007.ogg,26,31,47158son10;47158son13;47158son17;47158son21;47158son22;47158son23;47158son25,upsampled,data/train_soundscapes_upsampled/BC2026_Train_0001_S08_20250606_030007_26_31.ogg,1
BC2026_Train_0001_S08_20250606_030007.ogg,28,33,47158son10;47158son13;47158son17;47158son21;47158son22;47158son23;47158son25,upsampled,data/train_soundscapes_upsampled/BC2026_Train_0001_S08_20250606_030007_28_33.ogg,1
BC2026_Train_0001_S08_20250606_030007.ogg,27,32,47158son10;47158son13;47158son17;47158son21;47158son22;47158son23;47158son25,upsampled,data/train_soundscapes_upsampled/BC2026_Train_0001_S08_20250606_030007_27_32.ogg,1
BC2026_Train_0001_S08_20250606_030007.ogg,29,34,47158son10;47158son13;47158son17;47158son21;47158son22;47158son23;47158son25,upsampled,data/train_soundscapes_upsampled/BC2026_Train_0001_S08_20250606_030007_29_34.ogg,1
BC2026_Train_0001_S08_20250606_030007.ogg,33,38,47158son10;47158son13;47158son17;47158son21;47158son22;47158son23;47158son25,upsampled,data/train_soundscapes_upsampled/BC2026_Train_0001_S08_20250606_030007_33_38.ogg,1
BC2026_Train_0001_S08_20250606_030007.ogg,32,37,47158son10;47158son13;47158son17;47158son21;47158son22;47158son23;47158son25,upsampled,data/train_soundscapes_upsampled/BC2026_Train_0001_S08_20250606_030007_32_37.ogg,1
BC2026_Train_0001_S08_20250606_030007.ogg,31,36,47158son10;47158son13;47158son17;47158son21;47158son22;47158son23;47158son25,upsampled,data/train_soundscapes_upsampled/BC2026_Train_0001_S08_20250606_030007_31_36.ogg,1
BC2026_Train_0001_S08_20250606_030007.ogg,36,41,47158son10;47158son13;47158son17;47158son21;47158son22;47158son23;47158son25,upsampled,data/train_soundscapes_upsampled/BC2026_Train_0001_S08_20250606_030007_36_41.ogg,1
BC2026_Train_0001_S08_20250606_030007.ogg,34,39,47158son10;47158son13;47158son17;47158son21;47158son22;47158son23;47158son25,upsampled,data/train_soundscapes_upsampled/BC2026_Train_0001_S08_20250606_030007_34_39.ogg,1
BC2026_Train_0001_S08_20250606_030007.ogg,38,43,47158son10;47158son13;47158son17;47158son21;47158son22;47158son23;47158son25,upsampled,data/train_soundscapes_upsampled/BC2026_Train_0001_S08_20250606_030007_38_43.ogg,1
BC2026_Train_0001_S08_20250606_030007.ogg,37,42,47158son10;47158son13;47158son17;47158son21;47158son22;47158son23;47158son25,upsampled,data/train_soundscapes_upsampled/BC2026_Train_0001_S08_20250606_030007_37_42.ogg,1
BC2026_Train_0001_S08_20250606_030007.ogg,43,48,47158son10;47158son13;47158son17;47158son21;47158son22;47158son23;47158son25,upsampled,data/train_soundscapes_upsampled/BC2026_Train_0001_S08_20250606_030007_43_48.ogg,1
BC2026_Train_0001_S08_20250606_030007.ogg,42,47,47158son10;47158son13;47158son17;47158son21;47158son22;47158son23;47158son25,upsampled,data/train_soundscapes_upsampled/BC2026_Train_0001_S08_20250606_030007_42_47.ogg,1
BC2026_Train_0001_S08_20250606_030007.ogg,39,44,47158son10;47158son13;47158son17;47158son21;47158son22;47158son23;47158son25,upsampled,data/train_soundscapes_upsampled/BC2026_Train_0001_S08_20250606_030007_39_44.ogg,1
BC2026_Train_0001_S08_20250606_030007.ogg,41,46,47158son10;47158son13;47158son17;47158son21;47158son22;47158son23;47158son25,upsampled,data/train_soundscapes_upsampled/BC2026_Train_0001_S08_20250606_030007_41_46.ogg,1
BC2026_Train_0001_S08_20250606_030007.ogg,48,53,116570;47158son10;47158son13;47158son17;47158son21;47158son22;47158son23;47158son25,upsampled,data/train_soundscapes_upsampled/BC2026_Train_0001_S08_20250606_030007_48_53.ogg,1
BC2026_Train_0001_S08_20250606_030007.ogg,47,52,116570;47158son10;47158son13;47158son17;47158son21;47158son22;47158son23;47158son25,upsampled,data/train_soundscapes_upsampled/BC2026_Train_0001_S08_20250606_030007_47_52.ogg,1
BC2026_Train_0001_S08_20250606_030007.ogg,44,49,47158son10;47158son13;47158son17;47158son21;47158son22;47158son23;47158son25,upsampled,data/train_soundscapes_upsampled/BC2026_Train_0001_S08_20250606_030007_44_49.ogg,1
BC2026_Train_0001_S08_20250606_030007.ogg,46,51,116570;47158son10;47158son13;47158son17;47158son21;47158son22;47158son23;47158son25,upsampled,data/train_soundscapes_upsampled/BC2026_Train_0001_S08_20250606_030007_46_51.ogg,1
BC2026_Train_0001_S08_20250606_030007.ogg,53,58,116570;47158son05;47158son10;47158son13;47158son17;47158son21;47158son22;47158son23;47158son25,upsampled,data/train_soundscapes_upsampled/BC2026_Train_0001_S08_20250606_030007_53_58.ogg,1
BC2026_Train_0001_S08_20250606_030007.ogg,49,54,116570;47158son10;47158son13;47158son17;47158son21;47158son22;47158son23;47158son25,upsampled,data/train_soundscapes_upsampled/BC2026_Train_0001_S08_20250606_030007_49_54.ogg,1
BC2026_Train_0001_S08_20250606_030007.ogg,51,56,116570;47158son05;47158son10;47158son13;47158son17;47158son21;47158son22;47158son23;47158son25,upsampled,data/train_soundscapes_upsampled/BC2026_Train_0001_S08_20250606_030007_51_56.ogg,1
BC2026_Train_0001_S08_20250606_030007.ogg,52,57,116570;47158son05;47158son10;47158son13;47158son17;47158son21;47158son22;47158son23;47158son25,upsampled,data/train_soundscapes_upsampled/BC2026_Train_0001_S08_20250606_030007_52_57.ogg,1
BC2026_Train_0001_S08_20250606_030007.ogg,54,59,116570;47158son05;47158son10;47158son13;47158son17;47158son21;47158son22;47158son23;47158son25,upsampled,data/train_soundscapes_upsampled/BC2026_Train_0001_S08_20250606_030007_54_59.ogg,1
BC2026_Train_0002_S08_20250607_030007.ogg,1,6,47158son01;47158son13;47158son21;47158son22;47158son23;47158son25,upsampled,data/train_soundscapes_upsampled/BC2026_Train_0002_S08_20250607_030007_1_6.ogg,0
BC2026_Train_0002_S08_20250607_030007.ogg,2,7,47158son01;47158son13;47158son21;47158son22;47158son23;47158son25,upsampled,data/train_soundscapes_upsampled/BC2026_Train_0002_S08_20250607_030007_2_7.ogg,0
BC2026_Train_0002_S08_20250607_030007.ogg,3,8,47158son01;47158son13;47158son21;47158son22;47158son23;47158son25,upsampled,data/train_soundscapes_upsampled/BC2026_Train_0002_S08_20250607_030007_3_8.ogg,0
BC2026_Train_0002_S08_20250607_030007.ogg,8,13,47158son01;47158son13;47158son21;47158son22;47158son23;47158son25,upsampled,data/train_soundscapes_upsampled/BC2026_Train_0002_S08_20250607_030007_8_13.ogg,0
BC2026_Train_0002_S08_20250607_030007.ogg,7,12,47158son01;47158son13;47158son21;47158son22;47158son23;47158son25,upsampled,data/train_soundscapes_upsampled/BC2026_Train_0002_S08_20250607_030007_7_12.ogg,0
BC2026_Train_0002_S08_20250607_030007.ogg,4,9,47158son01;47158son13;47158son21;47158son22;47158son23;47158son25,upsampled,data/train_soundscapes_upsampled/BC2026_Train_0002_S08_20250607_030007_4_9.ogg,0
BC2026_Train_0002_S08_20250607_030007.ogg,6,11,47158son01;47158son13;47158son21;47158son22;47158son23;47158son25,upsampled,data/train_soundscapes_upsampled/BC2026_Train_0002_S08_20250607_030007_6_11.ogg,0
BC2026_Train_0002_S08_20250607_030007.ogg,9,14,47158son01;47158son13;47158son21;47158son22;47158son23;47158son25,upsampled,data/train_soundscapes_upsampled/BC2026_Train_0002_S08_20250607_030007_9_14.ogg,0
BC2026_Train_0002_S08_20250607_030007.ogg,13,18,47158son01;47158son13;47158son21;47158son22;47158son23;47158son25,upsampled,data/train_soundscapes_upsampled/BC2026_Train_0002_S08_20250607_030007_13_18.ogg,0
BC2026_Train_0002_S08_20250607_030007.ogg,12,17,47158son01;47158son13;47158son21;47158son22;47158son23;47158son25,upsampled,data/train_soundscapes_upsampled/BC2026_Train_0002_S08_20250607_030007_12_17.ogg,0
BC2026_Train_0002_S08_20250607_030007.ogg,11,16,47158son01;47158son13;47158son21;47158son22;47158son23;47158son25,upsampled,data/train_soundscapes_upsampled/BC2026_Train_0002_S08_20250607_030007_11_16.ogg,0
BC2026_Train_0002_S08_20250607_030007.ogg,18,23,47158son01;47158son13;47158son21;47158son22;47158son23;47158son25,upsampled,data/train_soundscapes_upsampled/BC2026_Train_0002_S08_20250607_030007_18_23.ogg,0
BC2026_Train_0002_S08_20250607_030007.ogg,16,21,47158son01;47158son13;47158son21;47158son22;47158son23;47158son25,upsampled,data/train_soundscapes_upsampled/BC2026_Train_0002_S08_20250607_030007_16_21.ogg,0
BC2026_Train_0002_S08_20250607_030007.ogg,17,22,47158son01;47158son13;47158son21;47158son22;47158son23;47158son25,upsampled,data/train_soundscapes_upsampled/BC2026_Train_0002_S08_20250607_030007_17_22.ogg,0
BC2026_Train_0002_S08_20250607_030007.ogg,14,19,47158son01;47158son13;47158son21;47158son22;47158son23;47158son25,upsampled,data/train_soundscapes_upsampled/BC2026_Train_0002_S08_20250607_030007_14_19.ogg,0
BC2026_Train_0002_S08_20250607_030007.ogg,23,28,47158son01;47158son13;47158son21;47158son22;47158son23;47158son25,upsampled,data/train_soundscapes_upsampled/BC2026_Train_0002_S08_20250607_030007_23_28.ogg,0
BC2026_Train_0002_S08_20250607_030007.ogg,22,27,47158son01;47158son13;47158son21;47158son22;47158son23;47158son25,upsampled,data/train_soundscapes_upsampled/BC2026_Train_0002_S08_20250607_030007_22_27.ogg,0
BC2026_Train_0002_S08_20250607_030007.ogg,19,24,47158son01;47158son13;47158son21;47158son22;47158son23;47158son25,upsampled,data/train_soundscapes_upsampled/BC2026_Train_0002_S08_20250607_030007_19_24.ogg,0
BC2026_Train_0002_S08_20250607_030007.ogg,21,26,47158son01;47158son13;47158son21;47158son22;47158son23;47158son25,upsampled,data/train_soundscapes_upsampled/BC2026_Train_0002_S08_20250607_030007_21_26.ogg,0
BC2026_Train_0002_S08_20250607_030007.ogg,24,29,47158son01;47158son13;47158son21;47158son22;47158son23;47158son25,upsampled,data/train_soundscapes_upsampled/BC2026_Train_0002_S08_20250607_030007_24_29.ogg,0
BC2026_Train_0002_S08_20250607_030007.ogg,27,32,47158son01;47158son13;47158son21;47158son22;47158son23;47158son25,upsampled,data/train_soundscapes_upsampled/BC2026_Train_0002_S08_20250607_030007_27_32.ogg,0
BC2026_Train_0002_S08_20250607_030007.ogg,28,33,47158son01;47158son13;47158son21;47158son22;47158son23;47158son25,upsampled,data/train_soundscapes_upsampled/BC2026_Train_0002_S08_20250607_030007_28_33.ogg,0
BC2026_Train_0002_S08_20250607_030007.ogg,26,31,47158son01;47158son13;47158son21;47158son22;47158son23;47158son25,upsampled,data/train_soundscapes_upsampled/BC2026_Train_0002_S08_20250607_030007_26_31.ogg,0
BC2026_Train_0002_S08_20250607_030007.ogg,33,38,47158son01;47158son13;47158son21;47158son22;47158son23;47158son25,upsampled,data/train_soundscapes_upsampled/BC2026_Train_0002_S08_20250607_030007_33_38.ogg,0
BC2026_Train_0002_S08_20250607_030007.ogg,29,34,47158son01;47158son13;47158son21;47158son22;47158son23;47158son25,upsampled,data/train_soundscapes_upsampled/BC2026_Train_0002_S08_20250607_030007_29_34.ogg,0
BC2026_Train_0002_S08_20250607_030007.ogg,32,37,47158son01;47158son13;47158son21;47158son22;47158son23;47158son25,upsampled,data/train_soundscapes_upsampled/BC2026_Train_0002_S08_20250607_030007_32_37.ogg,0
BC2026_Train_0002_S08_20250607_030007.ogg,31,36,47158son01;47158son13;47158son21;47158son22;47158son23;47158son25,upsampled,data/train_soundscapes_upsampled/BC2026_Train_0002_S08_20250607_030007_31_36.ogg,0
BC2026_Train_0002_S08_20250607_030007.ogg,37,42,116570;47158son01;47158son13;47158son21;47158son22;47158son23;47158son25,upsampled,data/train_soundscapes_upsampled/BC2026_Train_0002_S08_20250607_030007_37_42.ogg,0
BC2026_Train_0002_S08_20250607_030007.ogg,36,41,116570;47158son01;47158son13;47158son21;47158son22;47158son23;47158son25,upsampled,data/train_soundscapes_upsampled/BC2026_Train_0002_S08_20250607_030007_36_41.ogg,0
BC2026_Train_0002_S08_20250607_030007.ogg,34,39,47158son01;47158son13;47158son21;47158son22;47158son23;47158son25,upsampled,data/train_soundscapes_upsampled/BC2026_Train_0002_S08_20250607_030007_34_39.ogg,0
BC2026_Train_0002_S08_20250607_030007.ogg,38,43,116570;47158son01;47158son13;47158son21;47158son22;47158son23;47158son25,upsampled,data/train_soundscapes_upsampled/BC2026_Train_0002_S08_20250607_030007_38_43.ogg,0
BC2026_Train_0002_S08_20250607_030007.ogg,42,47,116570;47158son01;47158son13;47158son21;47158son22;47158son23;47158son25,upsampled,data/train_soundscapes_upsampled/BC2026_Train_0002_S08_20250607_030007_42_47.ogg,0
BC2026_Train_0002_S08_20250607_030007.ogg,43,48,116570;47158son01;47158son13;47158son21;47158son22;47158son23;47158son25,upsampled,data/train_soundscapes_upsampled/BC2026_Train_0002_S08_20250607_030007_43_48.ogg,0
BC2026_Train_0002_S08_20250607_030007.ogg,39,44,116570;47158son01;47158son13;47158son21;47158son22;47158son23;47158son25,upsampled,data/train_soundscapes_upsampled/BC2026_Train_0002_S08_20250607_030007_39_44.ogg,0
BC2026_Train_0002_S08_20250607_030007.ogg,41,46,116570;47158son01;47158son13;47158son21;47158son22;47158son23;47158son25,upsampled,data/train_soundscapes_upsampled/BC2026_Train_0002_S08_20250607_030007_41_46.ogg,0
BC2026_Train_0002_S08_20250607_030007.ogg,44,49,116570;47158son01;47158son13;47158son21;47158son22;47158son23;47158son25,upsampled,data/train_soundscapes_upsampled/BC2026_Train_0002_S08_20250607_030007_44_49.ogg,0
BC2026_Train_0002_S08_20250607_030007.ogg,46,51,47158son01;47158son13;47158son21;47158son22;47158son23;47158son25,upsampled,data/train_soundscapes_upsampled/BC2026_Train_0002_S08_20250607_030007_46_51.ogg,0
BC2026_Train_0002_S08_20250607_030007.ogg,48,53,47158son01;47158son13;47158son21;47158son22;47158son23;47158son25,upsampled,data/train_soundscapes_upsampled/BC2026_Train_0002_S08_20250607_030007_48_53.ogg,0
BC2026_Train_0002_S08_20250607_030007.ogg,47,52,47158son01;47158son13;47158son21;47158son22;47158son23;47158son25,upsampled,data/train_soundscapes_upsampled/BC2026_Train_0002_S08_20250607_030007_47_52.ogg,0
BC2026_Train_0002_S08_20250607_030007.ogg,53,58,47158son01;47158son13;47158son21;47158son22;47158son23;47158son25,upsampled,data/train_soundscapes_upsampled/BC2026_Train_0002_S08_20250607_030007_53_58.ogg,0
BC2026_Train_0002_S08_20250607_030007.ogg,49,54,47158son01;47158son13;47158son21;47158son22;47158son23;47158son25,upsampled,data/train_soundscapes_upsampled/BC2026_Train_0002_S08_20250607_030007_49_54.ogg,0
BC2026_Train_0002_S08_20250607_030007.ogg,52,57,47158son01;47158son13;47158son21;47158son22;47158son23;47158son25,upsampled,data/train_soundscapes_upsampled/BC2026_Train_0002_S08_20250607_030007_52_57.ogg,0
BC2026_Train_0002_S08_20250607_030007.ogg,51,56,47158son01;47158son13;47158son21;47158son22;47158son23;47158son25,upsampled,data/train_soundscapes_upsampled/BC2026_Train_0002_S08_20250607_030007_51_56.ogg,0
BC2026_Train_0002_S08_20250607_030007.ogg,54,59,47158son01;47158son13;47158son21;47158son22;47158son23;47158son25,upsampled,data/train_soundscapes_upsampled/BC2026_Train_0002_S08_20250607_030007_54_59.ogg,0
BC2026_Train_0003_S08_20250607_070007.ogg,2,7,47158son08;47158son11;47158son17;47158son20;47158son25;chacha1,upsampled,data/train_soundscapes_upsampled/BC2026_Train_0003_S08_20250607_070007_2_7.ogg,0
BC2026_Train_0003_S08_20250607_070007.ogg,3,8,47158son08;47158son11;47158son17;47158son20;47158son25;chacha1,upsampled,data/train_soundscapes_upsampled/BC2026_Train_0003_S08_20250607_070007_3_8.ogg,0
BC2026_Train_0003_S08_20250607_070007.ogg,1,6,47158son08;47158son11;47158son17;47158son20;47158son25;chacha1,upsampled,data/train_soundscapes_upsampled/BC2026_Train_0003_S08_20250607_070007_1_6.ogg,0
BC2026_Train_0003_S08_20250607_070007.ogg,8,13,47158son08;47158son11;47158son17;47158son19;47158son20;47158son25;chacha1,upsampled,data/train_soundscapes_upsampled/BC2026_Train_0003_S08_20250607_070007_8_13.ogg,0
BC2026_Train_0003_S08_20250607_070007.ogg,4,9,47158son08;47158son11;47158son17;47158son20;47158son25;chacha1,upsampled,data/train_soundscapes_upsampled/BC2026_Train_0003_S08_20250607_070007_4_9.ogg,0
BC2026_Train_0003_S08_20250607_070007.ogg,7,12,47158son08;47158son11;47158son17;47158son19;47158son20;47158son25;chacha1,upsampled,data/train_soundscapes_upsampled/BC2026_Train_0003_S08_20250607_070007_7_12.ogg,0
BC2026_Train_0003_S08_20250607_070007.ogg,6,11,47158son08;47158son11;47158son17;47158son19;47158son20;47158son25;chacha1,upsampled,data/train_soundscapes_upsampled/BC2026_Train_0003_S08_20250607_070007_6_11.ogg,0
BC2026_Train_0003_S08_20250607_070007.ogg,12,17,47158son08;47158son11;47158son17;47158son19;47158son20;47158son25;chacha1,upsampled,data/train_soundscapes_upsampled/BC2026_Train_0003_S08_20250607_070007_12_17.ogg,0
BC2026_Train_0003_S08_20250607_070007.ogg,11,16,47158son08;47158son11;47158son17;47158son19;47158son20;47158son25;chacha1,upsampled,data/train_soundscapes_upsampled/BC2026_Train_0003_S08_20250607_070007_11_16.ogg,0
BC2026_Train_0003_S08_20250607_070007.ogg,13,18,47158son08;47158son11;47158son17;47158son19;47158son20;47158son25;chacha1,upsampled,data/train_soundscapes_upsampled/BC2026_Train_0003_S08_20250607_070007_13_18.ogg,0
BC2026_Train_0003_S08_20250607_070007.ogg,9,14,47158son08;47158son11;47158son17;47158son19;47158son20;47158son25;chacha1,upsampled,data/train_soundscapes_upsampled/BC2026_Train_0003_S08_20250607_070007_9_14.ogg,0
BC2026_Train_0003_S08_20250607_070007.ogg,17,22,116570;47158son08;47158son11;47158son17;47158son19;47158son20;47158son25;chacha1,upsampled,data/train_soundscapes_upsampled/BC2026_Train_0003_S08_20250607_070007_17_22.ogg,0
BC2026_Train_0003_S08_20250607_070007.ogg,18,23,116570;47158son08;47158son11;47158son17;47158son19;47158son20;47158son25;chacha1,upsampled,data/train_soundscapes_upsampled/BC2026_Train_0003_S08_20250607_070007_18_23.ogg,0
BC2026_Train_0003_S08_20250607_070007.ogg,14,19,47158son08;47158son11;47158son17;47158son19;47158son20;47158son25;chacha1,upsampled,data/train_soundscapes_upsampled/BC2026_Train_0003_S08_20250607_070007_14_19.ogg,0
BC2026_Train_0003_S08_20250607_070007.ogg,16,21,116570;47158son08;47158son11;47158son17;47158son19;47158son20;47158son25;chacha1,upsampled,data/train_soundscapes_upsampled/BC2026_Train_0003_S08_20250607_070007_16_21.ogg,0
BC2026_Train_0003_S08_20250607_070007.ogg,19,24,116570;47158son08;47158son11;47158son17;47158son19;47158son20;47158son25;chacha1,upsampled,data/train_soundscapes_upsampled/BC2026_Train_0003_S08_20250607_070007_19_24.ogg,0
BC2026_Train_0003_S08_20250607_070007.ogg,22,27,116570;47158son08;47158son11;47158son17;47158son20;47158son25,upsampled,data/train_soundscapes_upsampled/BC2026_Train_0003_S08_20250607_070007_22_27.ogg,0
BC2026_Train_0003_S08_20250607_070007.ogg,21,26,116570;47158son08;47158son11;47158son17;47158son20;47158son25,upsampled,data/train_soundscapes_upsampled/BC2026_Train_0003_S08_20250607_070007_21_26.ogg,0
BC2026_Train_0003_S08_20250607_070007.ogg,23,28,116570;47158son08;47158son11;47158son17;47158son20;47158son25,upsampled,data/train_soundscapes_upsampled/BC2026_Train_0003_S08_20250607_070007_23_28.ogg,0
BC2026_Train_0003_S08_20250607_070007.ogg,26,31,47158son08;47158son11;47158son17;47158son20;47158son25;chacha1,upsampled,data/train_soundscapes_upsampled/BC2026_Train_0003_S08_20250607_070007_26_31.ogg,0
BC2026_Train_0003_S08_20250607_070007.ogg,24,29,116570;47158son08;47158son11;47158son17;47158son20;47158son25,upsampled,data/train_soundscapes_upsampled/BC2026_Train_0003_S08_20250607_070007_24_29.ogg,0
BC2026_Train_0003_S08_20250607_070007.ogg,28,33,47158son08;47158son11;47158son17;47158son20;47158son25;chacha1,upsampled,data/train_soundscapes_upsampled/BC2026_Train_0003_S08_20250607_070007_28_33.ogg,0
BC2026_Train_0003_S08_20250607_070007.ogg,27,32,47158son08;47158son11;47158son17;47158son20;47158son25;chacha1,upsampled,data/train_soundscapes_upsampled/BC2026_Train_0003_S08_20250607_070007_27_32.ogg,0
BC2026_Train_0003_S08_20250607_070007.ogg,33,38,47158son08;47158son11;47158son17;47158son19;47158son20;47158son25;chacha1,upsampled,data/train_soundscapes_upsampled/BC2026_Train_0003_S08_20250607_070007_33_38.ogg,0
BC2026_Train_0003_S08_20250607_070007.ogg,32,37,47158son08;47158son11;47158son17;47158son19;47158son20;47158son25;chacha1,upsampled,data/train_soundscapes_upsampled/BC2026_Train_0003_S08_20250607_070007_32_37.ogg,0
BC2026_Train_0003_S08_20250607_070007.ogg,31,36,47158son08;47158son11;47158son17;47158son19;47158son20;47158son25;chacha1,upsampled,data/train_soundscapes_upsampled/BC2026_Train_0003_S08_20250607_070007_31_36.ogg,0
BC2026_Train_0003_S08_20250607_070007.ogg,29,34,47158son08;47158son11;47158son17;47158son20;47158son25;chacha1,upsampled,data/train_soundscapes_upsampled/BC2026_Train_0003_S08_20250607_070007_29_34.ogg,0
BC2026_Train_0003_S08_20250607_070007.ogg,37,42,47158son08;47158son11;47158son17;47158son19;47158son20;47158son25;chacha1,upsampled,data/train_soundscapes_upsampled/BC2026_Train_0003_S08_20250607_070007_37_42.ogg,0
BC2026_Train_0003_S08_20250607_070007.ogg,36,41,47158son08;47158son11;47158son17;47158son19;47158son20;47158son25;chacha1,upsampled,data/train_soundscapes_upsampled/BC2026_Train_0003_S08_20250607_070007_36_41.ogg,0
BC2026_Train_0003_S08_20250607_070007.ogg,34,39,47158son08;47158son11;47158son17;47158son19;47158son20;47158son25;chacha1,upsampled,data/train_soundscapes_upsampled/BC2026_Train_0003_S08_20250607_070007_34_39.ogg,0
BC2026_Train_0003_S08_20250607_070007.ogg,38,43,47158son08;47158son11;47158son17;47158son19;47158son20;47158son25;chacha1,upsampled,data/train_soundscapes_upsampled/BC2026_Train_0003_S08_20250607_070007_38_43.ogg,0
BC2026_Train_0003_S08_20250607_070007.ogg,43,48,47158son08;47158son11;47158son17;47158son20;47158son25;chacha1,upsampled,data/train_soundscapes_upsampled/BC2026_Train_0003_S08_20250607_070007_43_48.ogg,0
BC2026_Train_0003_S08_20250607_070007.ogg,39,44,47158son08;47158son11;47158son17;47158son19;47158son20;47158son25;chacha1,upsampled,data/train_soundscapes_upsampled/BC2026_Train_0003_S08_20250607_070007_39_44.ogg,0
BC2026_Train_0003_S08_20250607_070007.ogg,42,47,47158son08;47158son11;47158son17;47158son20;47158son25;chacha1,upsampled,data/train_soundscapes_upsampled/BC2026_Train_0003_S08_20250607_070007_42_47.ogg,0
BC2026_Train_0003_S08_20250607_070007.ogg,41,46,47158son08;47158son11;47158son17;47158son20;47158son25;chacha1,upsampled,data/train_soundscapes_upsampled/BC2026_Train_0003_S08_20250607_070007_41_46.ogg,0
BC2026_Train_0003_S08_20250607_070007.ogg,48,53,47158son08;47158son11;47158son17;47158son20;47158son25;chacha1,upsampled,data/train_soundscapes_upsampled/BC2026_Train_0003_S08_20250607_070007_48_53.ogg,0
BC2026_Train_0003_S08_20250607_070007.ogg,46,51,47158son08;47158son11;47158son17;47158son20;47158son25;chacha1,upsampled,data/train_soundscapes_upsampled/BC2026_Train_0003_S08_20250607_070007_46_51.ogg,0
BC2026_Train_0003_S08_20250607_070007.ogg,44,49,47158son08;47158son11;47158son17;47158son20;47158son25;chacha1,upsampled,data/train_soundscapes_upsampled/BC2026_Train_0003_S08_20250607_070007_44_49.ogg,0
BC2026_Train_0003_S08_20250607_070007.ogg,47,52,47158son08;47158son11;47158son17;47158son20;47158son25;chacha1,upsampled,data/train_soundscapes_upsampled/BC2026_Train_0003_S08_20250607_070007_47_52.ogg,0
BC2026_Train_0003_S08_20250607_070007.ogg,51,56,47158son08;47158son11;47158son17;47158son19;47158son20;47158son25;chacha1,upsampled,data/train_soundscapes_upsampled/BC2026_Train_0003_S08_20250607_070007_51_56.ogg,0
BC2026_Train_0003_S08_20250607_070007.ogg,52,57,47158son08;47158son11;47158son17;47158son19;47158son20;47158son25;chacha1,upsampled,data/train_soundscapes_upsampled/BC2026_Train_0003_S08_20250607_070007_52_57.ogg,0
BC2026_Train_0003_S08_20250607_070007.ogg,49,54,47158son08;47158son11;47158son17;47158son20;47158son25;chacha1,upsampled,data/train_soundscapes_upsampled/BC2026_Train_0003_S08_20250607_070007_49_54.ogg,0
BC2026_Train_0003_S08_20250607_070007.ogg,53,58,47158son08;47158son11;47158son17;47158son19;47158son20;47158son25;chacha1,upsampled,data/train_soundscapes_upsampled/BC2026_Train_0003_S08_20250607_070007_53_58.ogg,0
BC2026_Train_0003_S08_20250607_070007.ogg,54,59,47158son08;47158son11;47158son17;47158son19;47158son20;47158son25;chacha1,upsampled,data/train_soundscapes_upsampled/BC2026_Train_0003_S08_20250607_070007_54_59.ogg,0
BC2026_Train_0004_S08_20250607_070007.ogg,3,8,116570;47158son03;47158son17;47158son18;chacha1,upsampled,data/train_soundscapes_upsampled/BC2026_Train_0004_S08_20250607_070007_3_8.ogg,2
BC2026_Train_0004_S08_20250607_070007.ogg,2,7,116570;47158son03;47158son17;47158son18;chacha1,upsampled,data/train_soundscapes_upsampled/BC2026_Train_0004_S08_20250607_070007_2_7.ogg,2
BC2026_Train_0004_S08_20250607_070007.ogg,1,6,116570;47158son03;47158son17;47158son18;chacha1,upsampled,data/train_soundscapes_upsampled/BC2026_Train_0004_S08_20250607_070007_1_6.ogg,2
BC2026_Train_0004_S08_20250607_070007.ogg,7,12,116570;47158son03;47158son17;47158son18;chacha1,upsampled,data/train_soundscapes_upsampled/BC2026_Train_0004_S08_20250607_070007_7_12.ogg,2
BC2026_Train_0004_S08_20250607_070007.ogg,8,13,116570;47158son03;47158son17;47158son18;chacha1,upsampled,data/train_soundscapes_upsampled/BC2026_Train_0004_S08_20250607_070007_8_13.ogg,2
BC2026_Train_0004_S08_20250607_070007.ogg,6,11,116570;47158son03;47158son17;47158son18;chacha1,upsampled,data/train_soundscapes_upsampled/BC2026_Train_0004_S08_20250607_070007_6_11.ogg,2
BC2026_Train_0004_S08_20250607_070007.ogg,4,9,116570;47158son03;47158son17;47158son18;chacha1,upsampled,data/train_soundscapes_upsampled/BC2026_Train_0004_S08_20250607_070007_4_9.ogg,2
BC2026_Train_0004_S08_20250607_070007.ogg,11,16,116570;47158son03;47158son17;47158son18;chacha1,upsampled,data/train_soundscapes_upsampled/BC2026_Train_0004_S08_20250607_070007_11_16.ogg,2
BC2026_Train_0004_S08_20250607_070007.ogg,9,14,116570;47158son03;47158son17;47158son18;chacha1,upsampled,data/train_soundscapes_upsampled/BC2026_Train_0004_S08_20250607_070007_9_14.ogg,2
BC2026_Train_0004_S08_20250607_070007.ogg,12,17,116570;47158son03;47158son17;47158son18;chacha1,upsampled,data/train_soundscapes_upsampled/BC2026_Train_0004_S08_20250607_070007_12_17.ogg,2
BC2026_Train_0004_S08_20250607_070007.ogg,13,18,116570;47158son03;47158son17;47158son18;chacha1,upsampled,data/train_soundscapes_upsampled/BC2026_Train_0004_S08_20250607_070007_13_18.ogg,2
BC2026_Train_0004_S08_20250607_070007.ogg,16,21,116570;47158son03;47158son17;47158son18;47158son19;chacha1,upsampled,data/train_soundscapes_upsampled/BC2026_Train_0004_S08_20250607_070007_16_21.ogg,2
BC2026_Train_0004_S08_20250607_070007.ogg,17,22,116570;47158son03;47158son17;47158son18;47158son19;chacha1,upsampled,data/train_soundscapes_upsampled/BC2026_Train_0004_S08_20250607_070007_17_22.ogg,2
BC2026_Train_0004_S08_20250607_070007.ogg,18,23,116570;47158son03;47158son17;47158son18;47158son19;chacha1,upsampled,data/train_soundscapes_upsampled/BC2026_Train_0004_S08_20250607_070007_18_23.ogg,2
BC2026_Train_0004_S08_20250607_070007.ogg,14,19,116570;47158son03;47158son17;47158son18;chacha1,upsampled,data/train_soundscapes_upsampled/BC2026_Train_0004_S08_20250607_070007_14_19.ogg,2
BC2026_Train_0004_S08_20250607_070007.ogg,23,28,116570;47158son03;47158son17;47158son18;47158son19;chacha1,upsampled,data/train_soundscapes_upsampled/BC2026_Train_0004_S08_20250607_070007_23_28.ogg,2
BC2026_Train_0004_S08_20250607_070007.ogg,21,26,116570;47158son03;47158son17;47158son18;47158son19;chacha1,upsampled,data/train_soundscapes_upsampled/BC2026_Train_0004_S08_20250607_070007_21_26.ogg,2
BC2026_Train_0004_S08_20250607_070007.ogg,22,27,116570;47158son03;47158son17;47158son18;47158son19;chacha1,upsampled,data/train_soundscapes_upsampled/BC2026_Train_0004_S08_20250607_070007_22_27.ogg,2
BC2026_Train_0004_S08_20250607_070007.ogg,19,24,116570;47158son03;47158son17;47158son18;47158son19;chacha1,upsampled,data/train_soundscapes_upsampled/BC2026_Train_0004_S08_20250607_070007_19_24.ogg,2
BC2026_Train_0004_S08_20250607_070007.ogg,26,31,47158son03;47158son17;47158son18,upsampled,data/train_soundscapes_upsampled/BC2026_Train_0004_S08_20250607_070007_26_31.ogg,2
BC2026_Train_0004_S08_20250607_070007.ogg,28,33,47158son03;47158son17;47158son18,upsampled,data/train_soundscapes_upsampled/BC2026_Train_0004_S08_20250607_070007_28_33.ogg,2
BC2026_Train_0004_S08_20250607_070007.ogg,27,32,47158son03;47158son17;47158son18,upsampled,data/train_soundscapes_upsampled/BC2026_Train_0004_S08_20250607_070007_27_32.ogg,2
BC2026_Train_0004_S08_20250607_070007.ogg,24,29,116570;47158son03;47158son17;47158son18;47158son19;chacha1,upsampled,data/train_soundscapes_upsampled/BC2026_Train_0004_S08_20250607_070007_24_29.ogg,2
BC2026_Train_0004_S08_20250607_070007.ogg,29,34,47158son03;47158son17;47158son18,upsampled,data/train_soundscapes_upsampled/BC2026_Train_0004_S08_20250607_070007_29_34.ogg,2
BC2026_Train_0004_S08_20250607_070007.ogg,31,36,47158son03;47158son17;47158son18,upsampled,data/train_soundscapes_upsampled/BC2026_Train_0004_S08_20250607_070007_31_36.ogg,2
BC2026_Train_0004_S08_20250607_070007.ogg,33,38,47158son03;47158son17;47158son18,upsampled,data/train_soundscapes_upsampled/BC2026_Train_0004_S08_20250607_070007_33_38.ogg,2
BC2026_Train_0004_S08_20250607_070007.ogg,32,37,47158son03;47158son17;47158son18,upsampled,data/train_soundscapes_upsampled/BC2026_Train_0004_S08_20250607_070007_32_37.ogg,2
BC2026_Train_0004_S08_20250607_070007.ogg,34,39,47158son03;47158son17;47158son18,upsampled,data/train_soundscapes_upsampled/BC2026_Train_0004_S08_20250607_070007_34_39.ogg,2
BC2026_Train_0004_S08_20250607_070007.ogg,38,43,47158son03;47158son17;47158son18,upsampled,data/train_soundscapes_upsampled/BC2026_Train_0004_S08_20250607_070007_38_43.ogg,2
BC2026_Train_0004_S08_20250607_070007.ogg,37,42,47158son03;47158son17;47158son18,upsampled,data/train_soundscapes_upsampled/BC2026_Train_0004_S08_20250607_070007_37_42.ogg,2
BC2026_Train_0004_S08_20250607_070007.ogg,36,41,47158son03;47158son17;47158son18,upsampled,data/train_soundscapes_upsampled/BC2026_Train_0004_S08_20250607_070007_36_41.ogg,2
BC2026_Train_0004_S08_20250607_070007.ogg,43,48,47158son03;47158son17;47158son18,upsampled,data/train_soundscapes_upsampled/BC2026_Train_0004_S08_20250607_070007_43_48.ogg,2
BC2026_Train_0004_S08_20250607_070007.ogg,41,46,47158son03;47158son17;47158son18,upsampled,data/train_soundscapes_upsampled/BC2026_Train_0004_S08_20250607_070007_41_46.ogg,2
BC2026_Train_0004_S08_20250607_070007.ogg,39,44,47158son03;47158son17;47158son18,upsampled,data/train_soundscapes_upsampled/BC2026_Train_0004_S08_20250607_070007_39_44.ogg,2
BC2026_Train_0004_S08_20250607_070007.ogg,42,47,47158son03;47158son17;47158son18,upsampled,data/train_soundscapes_upsampled/BC2026_Train_0004_S08_20250607_070007_42_47.ogg,2
BC2026_Train_0004_S08_20250607_070007.ogg,47,52,47158son03;47158son18,upsampled,data/train_soundscapes_upsampled/BC2026_Train_0004_S08_20250607_070007_47_52.ogg,2
BC2026_Train_0004_S08_20250607_070007.ogg,48,53,47158son03;47158son18,upsampled,data/train_soundscapes_upsampled/BC2026_Train_0004_S08_20250607_070007_48_53.ogg,2
BC2026_Train_0004_S08_20250607_070007.ogg,44,49,47158son03;47158son17;47158son18,upsampled,data/train_soundscapes_upsampled/BC2026_Train_0004_S08_20250607_070007_44_49.ogg,2
BC2026_Train_0004_S08_20250607_070007.ogg,46,51,47158son03;47158son18,upsampled,data/train_soundscapes_upsampled/BC2026_Train_0004_S08_20250607_070007_46_51.ogg,2
BC2026_Train_0004_S08_20250607_070007.ogg,51,56,47158son03;47158son17;47158son18,upsampled,data/train_soundscapes_upsampled/BC2026_Train_0004_S08_20250607_070007_51_56.ogg,2
BC2026_Train_0004_S08_20250607_070007.ogg,49,54,47158son03;47158son18,upsampled,data/train_soundscapes_upsampled/BC2026_Train_0004_S08_20250607_070007_49_54.ogg,2
BC2026_Train_0004_S08_20250607_070007.ogg,52,57,47158son03;47158son17;47158son18,upsampled,data/train_soundscapes_upsampled/BC2026_Train_0004_S08_20250607_070007_52_57.ogg,2
BC2026_Train_0004_S08_20250607_070007.ogg,53,58,47158son03;47158son17;47158son18,upsampled,data/train_soundscapes_upsampled/BC2026_Train_0004_S08_20250607_070007_53_58.ogg,2
BC2026_Train_0004_S08_20250607_070007.ogg,54,59,47158son03;47158son17;47158son18,upsampled,data/train_soundscapes_upsampled/BC2026_Train_0004_S08_20250607_070007_54_59.ogg,2
BC2026_Train_0005_S08_20250607_070007.ogg,1,6,47158son15;47158son16;47158son17;47158son25,upsampled,data/train_soundscapes_upsampled/BC2026_Train_0005_S08_20250607_070007_1_6.ogg,1
BC2026_Train_0005_S08_20250607_070007.ogg,3,8,47158son15;47158son16;47158son17;47158son25,upsampled,data/train_soundscapes_upsampled/BC2026_Train_0005_S08_20250607_070007_3_8.ogg,1
BC2026_Train_0005_S08_20250607_070007.ogg,2,7,47158son15;47158son16;47158son17;47158son25,upsampled,data/train_soundscapes_upsampled/BC2026_Train_0005_S08_20250607_070007_2_7.ogg,1
BC2026_Train_0005_S08_20250607_070007.ogg,4,9,47158son15;47158son16;47158son17;47158son25,upsampled,data/train_soundscapes_upsampled/BC2026_Train_0005_S08_20250607_070007_4_9.ogg,1
BC2026_Train_0005_S08_20250607_070007.ogg,7,12,47158son15;47158son16;47158son17;47158son25,upsampled,data/train_soundscapes_upsampled/BC2026_Train_0005_S08_20250607_070007_7_12.ogg,1
BC2026_Train_0005_S08_20250607_070007.ogg,6,11,47158son15;47158son16;47158son17;47158son25,upsampled,data/train_soundscapes_upsampled/BC2026_Train_0005_S08_20250607_070007_6_11.ogg,1
BC2026_Train_0005_S08_20250607_070007.ogg,8,13,47158son15;47158son16;47158son17;47158son25,upsampled,data/train_soundscapes_upsampled/BC2026_Train_0005_S08_20250607_070007_8_13.ogg,1
BC2026_Train_0005_S08_20250607_070007.ogg,12,17,116570;47158son15;47158son16;47158son17;47158son25,upsampled,data/train_soundscapes_upsampled/BC2026_Train_0005_S08_20250607_070007_12_17.ogg,1
BC2026_Train_0005_S08_20250607_070007.ogg,9,14,47158son15;47158son16;47158son17;47158son25,upsampled,data/train_soundscapes_upsampled/BC2026_Train_0005_S08_20250607_070007_9_14.ogg,1
BC2026_Train_0005_S08_20250607_070007.ogg,13,18,116570;47158son15;47158son16;47158son17;47158son25,upsampled,data/train_soundscapes_upsampled/BC2026_Train_0005_S08_20250607_070007_13_18.ogg,1
BC2026_Train_0005_S08_20250607_070007.ogg,11,16,116570;47158son15;47158son16;47158son17;47158son25,upsampled,data/train_soundscapes_upsampled/BC2026_Train_0005_S08_20250607_070007_11_16.ogg,1
BC2026_Train_0005_S08_20250607_070007.ogg,14,19,116570;47158son15;47158son16;47158son17;47158son25,upsampled,data/train_soundscapes_upsampled/BC2026_Train_0005_S08_20250607_070007_14_19.ogg,1
BC2026_Train_0005_S08_20250607_070007.ogg,17,22,116570;47158son15;47158son16;47158son17;47158son25,upsampled,data/train_soundscapes_upsampled/BC2026_Train_0005_S08_20250607_070007_17_22.ogg,1
BC2026_Train_0005_S08_20250607_070007.ogg,18,23,116570;47158son15;47158son16;47158son17;47158son25,upsampled,data/train_soundscapes_upsampled/BC2026_Train_0005_S08_20250607_070007_18_23.ogg,1
BC2026_Train_0005_S08_20250607_070007.ogg,16,21,116570;47158son15;47158son16;47158son17;47158son25,upsampled,data/train_soundscapes_upsampled/BC2026_Train_0005_S08_20250607_070007_16_21.ogg,1
BC2026_Train_0005_S08_20250607_070007.ogg,22,27,116570;47158son15;47158son16;47158son17;47158son25,upsampled,data/train_soundscapes_upsampled/BC2026_Train_0005_S08_20250607_070007_22_27.ogg,1
BC2026_Train_0005_S08_20250607_070007.ogg,23,28,116570;47158son15;47158son16;47158son17;47158son25,upsampled,data/train_soundscapes_upsampled/BC2026_Train_0005_S08_20250607_070007_23_28.ogg,1
BC2026_Train_0005_S08_20250607_070007.ogg,19,24,116570;47158son15;47158son16;47158son17;47158son25,upsampled,data/train_soundscapes_upsampled/BC2026_Train_0005_S08_20250607_070007_19_24.ogg,1
BC2026_Train_0005_S08_20250607_070007.ogg,21,26,116570;47158son15;47158son16;47158son17;47158son25,upsampled,data/train_soundscapes_upsampled/BC2026_Train_0005_S08_20250607_070007_21_26.ogg,1
BC2026_Train_0005_S08_20250607_070007.ogg,24,29,116570;47158son15;47158son16;47158son17;47158son25,upsampled,data/train_soundscapes_upsampled/BC2026_Train_0005_S08_20250607_070007_24_29.ogg,1
BC2026_Train_0005_S08_20250607_070007.ogg,26,31,116570;47158son15;47158son16;47158son17;47158son25,upsampled,data/train_soundscapes_upsampled/BC2026_Train_0005_S08_20250607_070007_26_31.ogg,1
BC2026_Train_0005_S08_20250607_070007.ogg,27,32,116570;47158son15;47158son16;47158son17;47158son25,upsampled,data/train_soundscapes_upsampled/BC2026_Train_0005_S08_20250607_070007_27_32.ogg,1
BC2026_Train_0005_S08_20250607_070007.ogg,28,33,116570;47158son15;47158son16;47158son17;47158son25,upsampled,data/train_soundscapes_upsampled/BC2026_Train_0005_S08_20250607_070007_28_33.ogg,1
BC2026_Train_0005_S08_20250607_070007.ogg,29,34,116570;47158son15;47158son16;47158son17;47158son25,upsampled,data/train_soundscapes_upsampled/BC2026_Train_0005_S08_20250607_070007_29_34.ogg,1
BC2026_Train_0005_S08_20250607_070007.ogg,32,37,47158son15;47158son16;47158son17;47158son25,upsampled,data/train_soundscapes_upsampled/BC2026_Train_0005_S08_20250607_070007_32_37.ogg,1
BC2026_Train_0005_S08_20250607_070007.ogg,33,38,47158son15;47158son16;47158son17;47158son25,upsampled,data/train_soundscapes_upsampled/BC2026_Train_0005_S08_20250607_070007_33_38.ogg,1
BC2026_Train_0005_S08_20250607_070007.ogg,31,36,47158son15;47158son16;47158son17;47158son25,upsampled,data/train_soundscapes_upsampled/BC2026_Train_0005_S08_20250607_070007_31_36.ogg,1
BC2026_Train_0005_S08_20250607_070007.ogg,38,43,47158son15;47158son16;47158son17;47158son25,upsampled,data/train_soundscapes_upsampled/BC2026_Train_0005_S08_20250607_070007_38_43.ogg,1
BC2026_Train_0005_S08_20250607_070007.ogg,34,39,47158son15;47158son16;47158son17;47158son25,upsampled,data/train_soundscapes_upsampled/BC2026_Train_0005_S08_20250607_070007_34_39.ogg,1
BC2026_Train_0005_S08_20250607_070007.ogg,36,41,47158son15;47158son16;47158son17;47158son25,upsampled,data/train_soundscapes_upsampled/BC2026_Train_0005_S08_20250607_070007_36_41.ogg,1
BC2026_Train_0005_S08_20250607_070007.ogg,37,42,47158son15;47158son16;47158son17;47158son25,upsampled,data/train_soundscapes_upsampled/BC2026_Train_0005_S08_20250607_070007_37_42.ogg,1
BC2026_Train_0005_S08_20250607_070007.ogg,43,48,47158son15;47158son16;47158son17;47158son25;chacha1,upsampled,data/train_soundscapes_upsampled/BC2026_Train_0005_S08_20250607_070007_43_48.ogg,1
BC2026_Train_0005_S08_20250607_070007.ogg,41,46,47158son15;47158son16;47158son17;47158son25;chacha1,upsampled,data/train_soundscapes_upsampled/BC2026_Train_0005_S08_20250607_070007_41_46.ogg,1
BC2026_Train_0005_S08_20250607_070007.ogg,39,44,47158son15;47158son16;47158son17;47158son25,upsampled,data/train_soundscapes_upsampled/BC2026_Train_0005_S08_20250607_070007_39_44.ogg,1
BC2026_Train_0005_S08_20250607_070007.ogg,42,47,47158son15;47158son16;47158son17;47158son25;chacha1,upsampled,data/train_soundscapes_upsampled/BC2026_Train_0005_S08_20250607_070007_42_47.ogg,1
BC2026_Train_0005_S08_20250607_070007.ogg,44,49,47158son15;47158son16;47158son17;47158son25;chacha1,upsampled,data/train_soundscapes_upsampled/BC2026_Train_0005_S08_20250607_070007_44_49.ogg,1
BC2026_Train_0005_S08_20250607_070007.ogg,48,53,47158son15;47158son16;47158son17;47158son25;chacha1,upsampled,data/train_soundscapes_upsampled/BC2026_Train_0005_S08_20250607_070007_48_53.ogg,1
BC2026_Train_0005_S08_20250607_070007.ogg,47,52,47158son15;47158son16;47158son17;47158son25;chacha1,upsampled,data/train_soundscapes_upsampled/BC2026_Train_0005_S08_20250607_070007_47_52.ogg,1
BC2026_Train_0005_S08_20250607_070007.ogg,46,51,47158son15;47158son16;47158son17;47158son25;chacha1,upsampled,data/train_soundscapes_upsampled/BC2026_Train_0005_S08_20250607_070007_46_51.ogg,1
BC2026_Train_0005_S08_20250607_070007.ogg,52,57,47158son15;47158son16;47158son17;47158son25;chacha1,upsampled,data/train_soundscapes_upsampled/BC2026_Train_0005_S08_20250607_070007_52_57.ogg,1
BC2026_Train_0005_S08_20250607_070007.ogg,53,58,47158son15;47158son16;47158son17;47158son25;chacha1,upsampled,data/train_soundscapes_upsampled/BC2026_Train_0005_S08_20250607_070007_53_58.ogg,1
BC2026_Train_0005_S08_20250607_070007.ogg,51,56,47158son15;47158son16;47158son17;47158son25;chacha1,upsampled,data/train_soundscapes_upsampled/BC2026_Train_0005_S08_20250607_070007_51_56.ogg,1
BC2026_Train_0005_S08_20250607_070007.ogg,49,54,47158son15;47158son16;47158son17;47158son25;chacha1,upsampled,data/train_soundscapes_upsampled/BC2026_Train_0005_S08_20250607_070007_49_54.ogg,1
BC2026_Train_0005_S08_20250607_070007.ogg,54,59,47158son15;47158son16;47158son17;47158son25;chacha1,upsampled,data/train_soundscapes_upsampled/BC2026_Train_0005_S08_20250607_070007_54_59.ogg,1
BC2026_Train_0006_S09_20250828_000000.ogg,4,9,516975,upsampled,data/train_soundscapes_upsampled/BC2026_Train_0006_S09_20250828_000000_4_9.ogg,1
BC2026_Train_0006_S09_20250828_000000.ogg,8,13,516975,upsampled,data/train_soundscapes_upsampled/BC2026_Train_0006_S09_20250828_000000_8_13.ogg,1
BC2026_Train_0006_S09_20250828_000000.ogg,2,7,516975,upsampled,data/train_soundscapes_upsampled/BC2026_Train_0006_S09_20250828_000000_2_7.ogg,1
BC2026_Train_0006_S09_20250828_000000.ogg,3,8,516975,upsampled,data/train_soundscapes_upsampled/BC2026_Train_0006_S09_20250828_000000_3_8.ogg,1
BC2026_Train_0006_S09_20250828_000000.ogg,13,18,516975,upsampled,data/train_soundscapes_upsampled/BC2026_Train_0006_S09_20250828_000000_13_18.ogg,1
BC2026_Train_0006_S09_20250828_000000.ogg,7,12,516975,upsampled,data/train_soundscapes_upsampled/BC2026_Train_0006_S09_20250828_000000_7_12.ogg,1
BC2026_Train_0006_S09_20250828_000000.ogg,9,14,516975,upsampled,data/train_soundscapes_upsampled/BC2026_Train_0006_S09_20250828_000000_9_14.ogg,1
BC2026_Train_0006_S09_20250828_000000.ogg,11,16,516975,upsampled,data/train_soundscapes_upsampled/BC2026_Train_0006_S09_20250828_000000_11_16.ogg,1
BC2026_Train_0007_S09_20250829_000000.ogg,3,8,grekis;thlwre1,upsampled,data/train_soundscapes_upsampled/BC2026_Train_0007_S09_20250829_000000_3_8.ogg,2
BC2026_Train_0007_S09_20250829_000000.ogg,2,7,grekis;thlwre1,upsampled,data/train_soundscapes_upsampled/BC2026_Train_0007_S09_20250829_000000_2_7.ogg,2
BC2026_Train_0007_S09_20250829_000000.ogg,1,6,grekis;thlwre1,upsampled,data/train_soundscapes_upsampled/BC2026_Train_0007_S09_20250829_000000_1_6.ogg,2
BC2026_Train_0007_S09_20250829_000000.ogg,8,13,516975;thlwre1,upsampled,data/train_soundscapes_upsampled/BC2026_Train_0007_S09_20250829_000000_8_13.ogg,2
BC2026_Train_0007_S09_20250829_000000.ogg,4,9,grekis;thlwre1,upsampled,data/train_soundscapes_upsampled/BC2026_Train_0007_S09_20250829_000000_4_9.ogg,2
BC2026_Train_0007_S09_20250829_000000.ogg,6,11,516975;thlwre1,upsampled,data/train_soundscapes_upsampled/BC2026_Train_0007_S09_20250829_000000_6_11.ogg,2
BC2026_Train_0007_S09_20250829_000000.ogg,7,12,516975;thlwre1,upsampled,data/train_soundscapes_upsampled/BC2026_Train_0007_S09_20250829_000000_7_12.ogg,2
BC2026_Train_0007_S09_20250829_000000.ogg,11,16,516975;thlwre1,upsampled,data/train_soundscapes_upsampled/BC2026_Train_0007_S09_20250829_000000_11_16.ogg,2
BC2026_Train_0007_S09_20250829_000000.ogg,12,17,516975;thlwre1,upsampled,data/train_soundscapes_upsampled/BC2026_Train_0007_S09_20250829_000000_12_17.ogg,2
BC2026_Train_0007_S09_20250829_000000.ogg,13,18,516975;thlwre1,upsampled,data/train_soundscapes_upsampled/BC2026_Train_0007_S09_20250829_000000_13_18.ogg,2
BC2026_Train_0007_S09_20250829_000000.ogg,9,14,516975;thlwre1,upsampled,data/train_soundscapes_upsampled/BC2026_Train_0007_S09_20250829_000000_9_14.ogg,2
BC2026_Train_0007_S09_20250829_000000.ogg,16,21,516975,upsampled,data/train_soundscapes_upsampled/BC2026_Train_0007_S09_20250829_000000_16_21.ogg,2
BC2026_Train_0007_S09_20250829_000000.ogg,14,19,516975;thlwre1,upsampled,data/train_soundscapes_upsampled/BC2026_Train_0007_S09_20250829_000000_14_19.ogg,2
BC2026_Train_0007_S09_20250829_000000.ogg,18,23,516975,upsampled,data/train_soundscapes_upsampled/BC2026_Train_0007_S09_20250829_000000_18_23.ogg,2
BC2026_Train_0007_S09_20250829_000000.ogg,17,22,516975,upsampled,data/train_soundscapes_upsampled/BC2026_Train_0007_S09_20250829_000000_17_22.ogg,2
BC2026_Train_0007_S09_20250829_000000.ogg,32,37,chacha1,upsampled,data/train_soundscapes_upsampled/BC2026_Train_0007_S09_20250829_000000_32_37.ogg,2
BC2026_Train_0007_S09_20250829_000000.ogg,33,38,chacha1,upsampled,data/train_soundscapes_upsampled/BC2026_Train_0007_S09_20250829_000000_33_38.ogg,2
BC2026_Train_0007_S09_20250829_000000.ogg,39,44,chacha1,upsampled,data/train_soundscapes_upsampled/BC2026_Train_0007_S09_20250829_000000_39_44.ogg,2
BC2026_Train_0007_S09_20250829_000000.ogg,43,48,chacha1,upsampled,data/train_soundscapes_upsampled/BC2026_Train_0007_S09_20250829_000000_43_48.ogg,2
BC2026_Train_0007_S09_20250829_000000.ogg,51,56,grekis;plcjay1,upsampled,data/train_soundscapes_upsampled/BC2026_Train_0007_S09_20250829_000000_51_56.ogg,2
BC2026_Train_0007_S09_20250829_000000.ogg,52,57,grekis;plcjay1,upsampled,data/train_soundscapes_upsampled/BC2026_Train_0007_S09_20250829_000000_52_57.ogg,2
BC2026_Train_0007_S09_20250829_000000.ogg,53,58,grekis;plcjay1,upsampled,data/train_soundscapes_upsampled/BC2026_Train_0007_S09_20250829_000000_53_58.ogg,2
BC2026_Train_0007_S09_20250829_000000.ogg,54,59,grekis;plcjay1,upsampled,data/train_soundscapes_upsampled/BC2026_Train_0007_S09_20250829_000000_54_59.ogg,2
BC2026_Train_0008_S09_20250831_000000.ogg,7,12,516975,upsampled,data/train_soundscapes_upsampled/BC2026_Train_0008_S09_20250831_000000_7_12.ogg,1
BC2026_Train_0008_S09_20250831_000000.ogg,12,17,516975,upsampled,data/train_soundscapes_upsampled/BC2026_Train_0008_S09_20250831_000000_12_17.ogg,1
BC2026_Train_0008_S09_20250831_000000.ogg,11,16,516975,upsampled,data/train_soundscapes_upsampled/BC2026_Train_0008_S09_20250831_000000_11_16.ogg,1
BC2026_Train_0008_S09_20250831_000000.ogg,8,13,516975,upsampled,data/train_soundscapes_upsampled/BC2026_Train_0008_S09_20250831_000000_8_13.ogg,1
BC2026_Train_0008_S09_20250831_000000.ogg,17,22,516975,upsampled,data/train_soundscapes_upsampled/BC2026_Train_0008_S09_20250831_000000_17_22.ogg,1
BC2026_Train_0008_S09_20250831_000000.ogg,18,23,516975,upsampled,data/train_soundscapes_upsampled/BC2026_Train_0008_S09_20250831_000000_18_23.ogg,1
BC2026_Train_0008_S09_20250831_000000.ogg,13,18,516975,upsampled,data/train_soundscapes_upsampled/BC2026_Train_0008_S09_20250831_000000_13_18.ogg,1
BC2026_Train_0008_S09_20250831_000000.ogg,16,21,516975,upsampled,data/train_soundscapes_upsampled/BC2026_Train_0008_S09_20250831_000000_16_21.ogg,1
BC2026_Train_0008_S09_20250831_000000.ogg,21,26,516975,upsampled,data/train_soundscapes_upsampled/BC2026_Train_0008_S09_20250831_000000_21_26.ogg,1
BC2026_Train_0008_S09_20250831_000000.ogg,23,28,516975,upsampled,data/train_soundscapes_upsampled/BC2026_Train_0008_S09_20250831_000000_23_28.ogg,1
BC2026_Train_0008_S09_20250831_000000.ogg,19,24,516975,upsampled,data/train_soundscapes_upsampled/BC2026_Train_0008_S09_20250831_000000_19_24.ogg,1
BC2026_Train_0008_S09_20250831_000000.ogg,22,27,516975,upsampled,data/train_soundscapes_upsampled/BC2026_Train_0008_S09_20250831_000000_22_27.ogg,1
BC2026_Train_0008_S09_20250831_000000.ogg,41,46,516975,upsampled,data/train_soundscapes_upsampled/BC2026_Train_0008_S09_20250831_000000_41_46.ogg,1
BC2026_Train_0008_S09_20250831_000000.ogg,37,42,516975,upsampled,data/train_soundscapes_upsampled/BC2026_Train_0008_S09_20250831_000000_37_42.ogg,1
BC2026_Train_0008_S09_20250831_000000.ogg,39,44,516975,upsampled,data/train_soundscapes_upsampled/BC2026_Train_0008_S09_20250831_000000_39_44.ogg,1
BC2026_Train_0008_S09_20250831_000000.ogg,43,48,516975,upsampled,data/train_soundscapes_upsampled/BC2026_Train_0008_S09_20250831_000000_43_48.ogg,1
BC2026_Train_0008_S09_20250831_000000.ogg,48,53,516975,upsampled,data/train_soundscapes_upsampled/BC2026_Train_0008_S09_20250831_000000_48_53.ogg,1
BC2026_Train_0008_S09_20250831_000000.ogg,44,49,516975,upsampled,data/train_soundscapes_upsampled/BC2026_Train_0008_S09_20250831_000000_44_49.ogg,1
BC2026_Train_0008_S09_20250831_000000.ogg,47,52,516975,upsampled,data/train_soundscapes_upsampled/BC2026_Train_0008_S09_20250831_000000_47_52.ogg,1
BC2026_Train_0008_S09_20250831_000000.ogg,46,51,516975,upsampled,data/train_soundscapes_upsampled/BC2026_Train_0008_S09_20250831_000000_46_51.ogg,1
BC2026_Train_0009_S09_20250828_000000.ogg,1,6,516975,upsampled,data/train_soundscapes_upsampled/BC2026_Train_0009_S09_20250828_000000_1_6.ogg,0
BC2026_Train_0009_S09_20250828_000000.ogg,3,8,516975,upsampled,data/train_soundscapes_upsampled/BC2026_Train_0009_S09_20250828_000000_3_8.ogg,0
BC2026_Train_0009_S09_20250828_000000.ogg,2,7,516975,upsampled,data/train_soundscapes_upsampled/BC2026_Train_0009_S09_20250828_000000_2_7.ogg,0
BC2026_Train_0009_S09_20250828_000000.ogg,28,33,516975,upsampled,data/train_soundscapes_upsampled/BC2026_Train_0009_S09_20250828_000000_28_33.ogg,0
BC2026_Train_0009_S09_20250828_000000.ogg,23,28,516975,upsampled,data/train_soundscapes_upsampled/BC2026_Train_0009_S09_20250828_000000_23_28.ogg,0
BC2026_Train_0009_S09_20250828_000000.ogg,24,29,516975,upsampled,data/train_soundscapes_upsampled/BC2026_Train_0009_S09_20250828_000000_24_29.ogg,0
BC2026_Train_0009_S09_20250828_000000.ogg,27,32,516975,upsampled,data/train_soundscapes_upsampled/BC2026_Train_0009_S09_20250828_000000_27_32.ogg,0
BC2026_Train_0010_S09_20250828_000000.ogg,1,6,516975,upsampled,data/train_soundscapes_upsampled/BC2026_Train_0010_S09_20250828_000000_1_6.ogg,0
BC2026_Train_0010_S09_20250828_000000.ogg,3,8,516975,upsampled,data/train_soundscapes_upsampled/BC2026_Train_0010_S09_20250828_000000_3_8.ogg,0
BC2026_Train_0010_S09_20250828_000000.ogg,2,7,516975,upsampled,data/train_soundscapes_upsampled/BC2026_Train_0010_S09_20250828_000000_2_7.ogg,0
BC2026_Train_0010_S09_20250828_000000.ogg,6,11,516975,upsampled,data/train_soundscapes_upsampled/BC2026_Train_0010_S09_20250828_000000_6_11.ogg,0
BC2026_Train_0010_S09_20250828_000000.ogg,8,13,516975,upsampled,data/train_soundscapes_upsampled/BC2026_Train_0010_S09_20250828_000000_8_13.ogg,0
BC2026_Train_0010_S09_20250828_000000.ogg,4,9,516975,upsampled,data/train_soundscapes_upsampled/BC2026_Train_0010_S09_20250828_000000_4_9.ogg,0
BC2026_Train_0010_S09_20250828_000000.ogg,7,12,516975,upsampled,data/train_soundscapes_upsampled/BC2026_Train_0010_S09_20250828_000000_7_12.ogg,0
BC2026_Train_0011_S03_20211114_200000.ogg,3,8,1491113;22967;22973;517063,upsampled,data/train_soundscapes_upsampled/BC2026_Train_0011_S03_20211114_200000_3_8.ogg,1
BC2026_Train_0011_S03_20211114_200000.ogg,1,6,1491113;22967;22973;517063,upsampled,data/train_soundscapes_upsampled/BC2026_Train_0011_S03_20211114_200000_1_6.ogg,1
BC2026_Train_0011_S03_20211114_200000.ogg,4,9,1491113;22967;22973;517063,upsampled,data/train_soundscapes_upsampled/BC2026_Train_0011_S03_20211114_200000_4_9.ogg,1
BC2026_Train_0011_S03_20211114_200000.ogg,8,13,1491113;22967;22973;517063,upsampled,data/train_soundscapes_upsampled/BC2026_Train_0011_S03_20211114_200000_8_13.ogg,1
BC2026_Train_0011_S03_20211114_200000.ogg,7,12,1491113;22967;22973;517063,upsampled,data/train_soundscapes_upsampled/BC2026_Train_0011_S03_20211114_200000_7_12.ogg,1
BC2026_Train_0011_S03_20211114_200000.ogg,11,16,1491113;22967;22973;517063,upsampled,data/train_soundscapes_upsampled/BC2026_Train_0011_S03_20211114_200000_11_16.ogg,1
BC2026_Train_0011_S03_20211114_200000.ogg,16,21,1491113;22967;22973;517063,upsampled,data/train_soundscapes_upsampled/BC2026_Train_0011_S03_20211114_200000_16_21.ogg,1
BC2026_Train_0011_S03_20211114_200000.ogg,17,22,1491113;22967;22973;517063,upsampled,data/train_soundscapes_upsampled/BC2026_Train_0011_S03_20211114_200000_17_22.ogg,1
BC2026_Train_0011_S03_20211114_200000.ogg,21,26,1491113;22967;22973;517063,upsampled,data/train_soundscapes_upsampled/BC2026_Train_0011_S03_20211114_200000_21_26.ogg,1
BC2026_Train_0011_S03_20211114_200000.ogg,18,23,1491113;22967;22973;517063,upsampled,data/train_soundscapes_upsampled/BC2026_Train_0011_S03_20211114_200000_18_23.ogg,1
BC2026_Train_0011_S03_20211114_200000.ogg,26,31,1491113;22967;22973;517063,upsampled,data/train_soundscapes_upsampled/BC2026_Train_0011_S03_20211114_200000_26_31.ogg,1
BC2026_Train_0011_S03_20211114_200000.ogg,23,28,1491113;22967;22973;517063,upsampled,data/train_soundscapes_upsampled/BC2026_Train_0011_S03_20211114_200000_23_28.ogg,1
BC2026_Train_0011_S03_20211114_200000.ogg,32,37,1491113;22967;22973;517063,upsampled,data/train_soundscapes_upsampled/BC2026_Train_0011_S03_20211114_200000_32_37.ogg,1
BC2026_Train_0011_S03_20211114_200000.ogg,28,33,1491113;22967;22973;517063,upsampled,data/train_soundscapes_upsampled/BC2026_Train_0011_S03_20211114_200000_28_33.ogg,1
BC2026_Train_0011_S03_20211114_200000.ogg,38,43,1491113;22967;22973;517063,upsampled,data/train_soundscapes_upsampled/BC2026_Train_0011_S03_20211114_200000_38_43.ogg,1
BC2026_Train_0011_S03_20211114_200000.ogg,37,42,1491113;22967;22973;517063,upsampled,data/train_soundscapes_upsampled/BC2026_Train_0011_S03_20211114_200000_37_42.ogg,1
BC2026_Train_0011_S03_20211114_200000.ogg,41,46,1491113;22967;22973;517063,upsampled,data/train_soundscapes_upsampled/BC2026_Train_0011_S03_20211114_200000_41_46.ogg,1
BC2026_Train_0011_S03_20211114_200000.ogg,42,47,1491113;22967;22973;517063,upsampled,data/train_soundscapes_upsampled/BC2026_Train_0011_S03_20211114_200000_42_47.ogg,1
BC2026_Train_0011_S03_20211114_200000.ogg,47,52,1491113;22967;22973;517063,upsampled,data/train_soundscapes_upsampled/BC2026_Train_0011_S03_20211114_200000_47_52.ogg,1
BC2026_Train_0011_S03_20211114_200000.ogg,46,51,1491113;22967;22973;517063,upsampled,data/train_soundscapes_upsampled/BC2026_Train_0011_S03_20211114_200000_46_51.ogg,1
BC2026_Train_0011_S03_20211114_200000.ogg,53,58,1491113;22967;22973;517063,upsampled,data/train_soundscapes_upsampled/BC2026_Train_0011_S03_20211114_200000_53_58.ogg,1
BC2026_Train_0011_S03_20211114_200000.ogg,49,54,1491113;22967;22973;517063,upsampled,data/train_soundscapes_upsampled/BC2026_Train_0011_S03_20211114_200000_49_54.ogg,1
BC2026_Train_0011_S03_20211114_200000.ogg,52,57,1491113;22967;22973;517063,upsampled,data/train_soundscapes_upsampled/BC2026_Train_0011_S03_20211114_200000_52_57.ogg,1
BC2026_Train_0011_S03_20211114_200000.ogg,54,59,1491113;22967;22973;517063,upsampled,data/train_soundscapes_upsampled/BC2026_Train_0011_S03_20211114_200000_54_59.ogg,1
BC2026_Train_0012_S03_20220211_233000.ogg,8,13,1491113;517063,upsampled,data/train_soundscapes_upsampled/BC2026_Train_0012_S03_20220211_233000_8_13.ogg,0
BC2026_Train_0012_S03_20220211_233000.ogg,3,8,1491113;517063,upsampled,data/train_soundscapes_upsampled/BC2026_Train_0012_S03_20220211_233000_3_8.ogg,0
BC2026_Train_0012_S03_20220211_233000.ogg,9,14,1491113;517063,upsampled,data/train_soundscapes_upsampled/BC2026_Train_0012_S03_20220211_233000_9_14.ogg,0
BC2026_Train_0012_S03_20220211_233000.ogg,12,17,1491113;517063,upsampled,data/train_soundscapes_upsampled/BC2026_Train_0012_S03_20220211_233000_12_17.ogg,0
BC2026_Train_0013_S13_20220217_233000.ogg,1,6,1491113;517063,upsampled,data/train_soundscapes_upsampled/BC2026_Train_0013_S13_20220217_233000_1_6.ogg,2
BC2026_Train_0013_S13_20220217_233000.ogg,3,8,1491113;517063,upsampled,data/train_soundscapes_upsampled/BC2026_Train_0013_S13_20220217_233000_3_8.ogg,2
BC2026_Train_0013_S13_20220217_233000.ogg,2,7,1491113;517063,upsampled,data/train_soundscapes_upsampled/BC2026_Train_0013_S13_20220217_233000_2_7.ogg,2
BC2026_Train_0013_S13_20220217_233000.ogg,4,9,1491113;517063,upsampled,data/train_soundscapes_upsampled/BC2026_Train_0013_S13_20220217_233000_4_9.ogg,2
BC2026_Train_0013_S13_20220217_233000.ogg,11,16,1491113;517063,upsampled,data/train_soundscapes_upsampled/BC2026_Train_0013_S13_20220217_233000_11_16.ogg,2
BC2026_Train_0013_S13_20220217_233000.ogg,8,13,1491113;517063,upsampled,data/train_soundscapes_upsampled/BC2026_Train_0013_S13_20220217_233000_8_13.ogg,2
BC2026_Train_0013_S13_20220217_233000.ogg,16,21,1491113,upsampled,data/train_soundscapes_upsampled/BC2026_Train_0013_S13_20220217_233000_16_21.ogg,2
BC2026_Train_0013_S13_20220217_233000.ogg,14,19,1491113;517063,upsampled,data/train_soundscapes_upsampled/BC2026_Train_0013_S13_20220217_233000_14_19.ogg,2
BC2026_Train_0013_S13_20220217_233000.ogg,18,23,1491113,upsampled,data/train_soundscapes_upsampled/BC2026_Train_0013_S13_20220217_233000_18_23.ogg,2
BC2026_Train_0013_S13_20220217_233000.ogg,22,27,1491113;517063,upsampled,data/train_soundscapes_upsampled/BC2026_Train_0013_S13_20220217_233000_22_27.ogg,2
BC2026_Train_0013_S13_20220217_233000.ogg,28,33,1491113;517063,upsampled,data/train_soundscapes_upsampled/BC2026_Train_0013_S13_20220217_233000_28_33.ogg,2
BC2026_Train_0013_S13_20220217_233000.ogg,26,31,1491113;517063,upsampled,data/train_soundscapes_upsampled/BC2026_Train_0013_S13_20220217_233000_26_31.ogg,2
BC2026_Train_0013_S13_20220217_233000.ogg,29,34,1491113;517063,upsampled,data/train_soundscapes_upsampled/BC2026_Train_0013_S13_20220217_233000_29_34.ogg,2
BC2026_Train_0013_S13_20220217_233000.ogg,31,36,1491113;517063,upsampled,data/train_soundscapes_upsampled/BC2026_Train_0013_S13_20220217_233000_31_36.ogg,2
BC2026_Train_0013_S13_20220217_233000.ogg,34,39,1491113;517063,upsampled,data/train_soundscapes_upsampled/BC2026_Train_0013_S13_20220217_233000_34_39.ogg,2
BC2026_Train_0013_S13_20220217_233000.ogg,36,41,1491113;517063,upsampled,data/train_soundscapes_upsampled/BC2026_Train_0013_S13_20220217_233000_36_41.ogg,2
BC2026_Train_0013_S13_20220217_233000.ogg,41,46,1491113,upsampled,data/train_soundscapes_upsampled/BC2026_Train_0013_S13_20220217_233000_41_46.ogg,2
BC2026_Train_0013_S13_20220217_233000.ogg,37,42,1491113;517063,upsampled,data/train_soundscapes_upsampled/BC2026_Train_0013_S13_20220217_233000_37_42.ogg,2
BC2026_Train_0013_S13_20220217_233000.ogg,48,53,1491113,upsampled,data/train_soundscapes_upsampled/BC2026_Train_0013_S13_20220217_233000_48_53.ogg,2
BC2026_Train_0013_S13_20220217_233000.ogg,42,47,1491113,upsampled,data/train_soundscapes_upsampled/BC2026_Train_0013_S13_20220217_233000_42_47.ogg,2
BC2026_Train_0013_S13_20220217_233000.ogg,52,57,1491113,upsampled,data/train_soundscapes_upsampled/BC2026_Train_0013_S13_20220217_233000_52_57.ogg,2
BC2026_Train_0013_S13_20220217_233000.ogg,53,58,1491113,upsampled,data/train_soundscapes_upsampled/BC2026_Train_0013_S13_20220217_233000_53_58.ogg,2
BC2026_Train_0013_S13_20220217_233000.ogg,54,59,1491113,upsampled,data/train_soundscapes_upsampled/BC2026_Train_0013_S13_20220217_233000_54_59.ogg,2
BC2026_Train_0014_S13_20220228_214500.ogg,2,7,22961;23158;65377;65380,upsampled,data/train_soundscapes_upsampled/BC2026_Train_0014_S13_20220228_214500_2_7.ogg,0
BC2026_Train_0014_S13_20220228_214500.ogg,1,6,22961;23158;65377;65380,upsampled,data/train_soundscapes_upsampled/BC2026_Train_0014_S13_20220228_214500_1_6.ogg,0
BC2026_Train_0014_S13_20220228_214500.ogg,3,8,22961;23158;65377;65380,upsampled,data/train_soundscapes_upsampled/BC2026_Train_0014_S13_20220228_214500_3_8.ogg,0
BC2026_Train_0014_S13_20220228_214500.ogg,7,12,22961;23158;65377;65380,upsampled,data/train_soundscapes_upsampled/BC2026_Train_0014_S13_20220228_214500_7_12.ogg,0
BC2026_Train_0014_S13_20220228_214500.ogg,4,9,22961;23158;65377;65380,upsampled,data/train_soundscapes_upsampled/BC2026_Train_0014_S13_20220228_214500_4_9.ogg,0
BC2026_Train_0014_S13_20220228_214500.ogg,6,11,22961;23158;65377;65380,upsampled,data/train_soundscapes_upsampled/BC2026_Train_0014_S13_20220228_214500_6_11.ogg,0
BC2026_Train_0014_S13_20220228_214500.ogg,8,13,22961;23158;65377;65380,upsampled,data/train_soundscapes_upsampled/BC2026_Train_0014_S13_20220228_214500_8_13.ogg,0
BC2026_Train_0014_S13_20220228_214500.ogg,13,18,22961;65377;65380,upsampled,data/train_soundscapes_upsampled/BC2026_Train_0014_S13_20220228_214500_13_18.ogg,0
BC2026_Train_0014_S13_20220228_214500.ogg,9,14,22961;23158;65377;65380,upsampled,data/train_soundscapes_upsampled/BC2026_Train_0014_S13_20220228_214500_9_14.ogg,0
BC2026_Train_0014_S13_20220228_214500.ogg,11,16,22961;65377;65380,upsampled,data/train_soundscapes_upsampled/BC2026_Train_0014_S13_20220228_214500_11_16.ogg,0
BC2026_Train_0014_S13_20220228_214500.ogg,12,17,22961;65377;65380,upsampled,data/train_soundscapes_upsampled/BC2026_Train_0014_S13_20220228_214500_12_17.ogg,0
BC2026_Train_0014_S13_20220228_214500.ogg,18,23,22961;23158;65377;65380,upsampled,data/train_soundscapes_upsampled/BC2026_Train_0014_S13_20220228_214500_18_23.ogg,0
BC2026_Train_0014_S13_20220228_214500.ogg,14,19,22961;65377;65380,upsampled,data/train_soundscapes_upsampled/BC2026_Train_0014_S13_20220228_214500_14_19.ogg,0
BC2026_Train_0014_S13_20220228_214500.ogg,17,22,22961;23158;65377;65380,upsampled,data/train_soundscapes_upsampled/BC2026_Train_0014_S13_20220228_214500_17_22.ogg,0
BC2026_Train_0014_S13_20220228_214500.ogg,16,21,22961;23158;65377;65380,upsampled,data/train_soundscapes_upsampled/BC2026_Train_0014_S13_20220228_214500_16_21.ogg,0
BC2026_Train_0014_S13_20220228_214500.ogg,22,27,22961;23158;65377;65380,upsampled,data/train_soundscapes_upsampled/BC2026_Train_0014_S13_20220228_214500_22_27.ogg,0
BC2026_Train_0014_S13_20220228_214500.ogg,21,26,22961;23158;65377;65380,upsampled,data/train_soundscapes_upsampled/BC2026_Train_0014_S13_20220228_214500_21_26.ogg,0
BC2026_Train_0014_S13_20220228_214500.ogg,19,24,22961;23158;65377;65380,upsampled,data/train_soundscapes_upsampled/BC2026_Train_0014_S13_20220228_214500_19_24.ogg,0
BC2026_Train_0014_S13_20220228_214500.ogg,23,28,22961;23158;65377;65380,upsampled,data/train_soundscapes_upsampled/BC2026_Train_0014_S13_20220228_214500_23_28.ogg,0
BC2026_Train_0014_S13_20220228_214500.ogg,26,31,22961;65377;65380,upsampled,data/train_soundscapes_upsampled/BC2026_Train_0014_S13_20220228_214500_26_31.ogg,0
BC2026_Train_0014_S13_20220228_214500.ogg,28,33,22961;65377;65380,upsampled,data/train_soundscapes_upsampled/BC2026_Train_0014_S13_20220228_214500_28_33.ogg,0
BC2026_Train_0014_S13_20220228_214500.ogg,24,29,22961;23158;65377;65380,upsampled,data/train_soundscapes_upsampled/BC2026_Train_0014_S13_20220228_214500_24_29.ogg,0
BC2026_Train_0014_S13_20220228_214500.ogg,27,32,22961;65377;65380,upsampled,data/train_soundscapes_upsampled/BC2026_Train_0014_S13_20220228_214500_27_32.ogg,0
BC2026_Train_0014_S13_20220228_214500.ogg,33,38,22961;23158;65377;65380,upsampled,data/train_soundscapes_upsampled/BC2026_Train_0014_S13_20220228_214500_33_38.ogg,0
BC2026_Train_0014_S13_20220228_214500.ogg,31,36,22961;23158;65377;65380,upsampled,data/train_soundscapes_upsampled/BC2026_Train_0014_S13_20220228_214500_31_36.ogg,0
BC2026_Train_0014_S13_20220228_214500.ogg,32,37,22961;23158;65377;65380,upsampled,data/train_soundscapes_upsampled/BC2026_Train_0014_S13_20220228_214500_32_37.ogg,0
BC2026_Train_0014_S13_20220228_214500.ogg,29,34,22961;65377;65380,upsampled,data/train_soundscapes_upsampled/BC2026_Train_0014_S13_20220228_214500_29_34.ogg,0
BC2026_Train_0014_S13_20220228_214500.ogg,36,41,22961;23158;517063;65377;65380,upsampled,data/train_soundscapes_upsampled/BC2026_Train_0014_S13_20220228_214500_36_41.ogg,0
BC2026_Train_0014_S13_20220228_214500.ogg,38,43,22961;23158;517063;65377;65380,upsampled,data/train_soundscapes_upsampled/BC2026_Train_0014_S13_20220228_214500_38_43.ogg,0
BC2026_Train_0014_S13_20220228_214500.ogg,34,39,22961;23158;65377;65380,upsampled,data/train_soundscapes_upsampled/BC2026_Train_0014_S13_20220228_214500_34_39.ogg,0
BC2026_Train_0014_S13_20220228_214500.ogg,37,42,22961;23158;517063;65377;65380,upsampled,data/train_soundscapes_upsampled/BC2026_Train_0014_S13_20220228_214500_37_42.ogg,0
BC2026_Train_0014_S13_20220228_214500.ogg,39,44,22961;23158;517063;65377;65380,upsampled,data/train_soundscapes_upsampled/BC2026_Train_0014_S13_20220228_214500_39_44.ogg,0
BC2026_Train_0014_S13_20220228_214500.ogg,41,46,22961;23158;517063;65377;65380,upsampled,data/train_soundscapes_upsampled/BC2026_Train_0014_S13_20220228_214500_41_46.ogg,0
BC2026_Train_0014_S13_20220228_214500.ogg,42,47,22961;23158;517063;65377;65380,upsampled,data/train_soundscapes_upsampled/BC2026_Train_0014_S13_20220228_214500_42_47.ogg,0
BC2026_Train_0014_S13_20220228_214500.ogg,43,48,22961;23158;517063;65377;65380,upsampled,data/train_soundscapes_upsampled/BC2026_Train_0014_S13_20220228_214500_43_48.ogg,0
BC2026_Train_0014_S13_20220228_214500.ogg,46,51,22961;23158;65377;65380,upsampled,data/train_soundscapes_upsampled/BC2026_Train_0014_S13_20220228_214500_46_51.ogg,0
BC2026_Train_0014_S13_20220228_214500.ogg,44,49,22961;23158;517063;65377;65380,upsampled,data/train_soundscapes_upsampled/BC2026_Train_0014_S13_20220228_214500_44_49.ogg,0
BC2026_Train_0014_S13_20220228_214500.ogg,48,53,22961;23158;65377;65380,upsampled,data/train_soundscapes_upsampled/BC2026_Train_0014_S13_20220228_214500_48_53.ogg,0
BC2026_Train_0014_S13_20220228_214500.ogg,47,52,22961;23158;65377;65380,upsampled,data/train_soundscapes_upsampled/BC2026_Train_0014_S13_20220228_214500_47_52.ogg,0
BC2026_Train_0014_S13_20220228_214500.ogg,49,54,22961;23158;65377;65380,upsampled,data/train_soundscapes_upsampled/BC2026_Train_0014_S13_20220228_214500_49_54.ogg,0
BC2026_Train_0014_S13_20220228_214500.ogg,53,58,22961;23158;517063;65377;65380,upsampled,data/train_soundscapes_upsampled/BC2026_Train_0014_S13_20220228_214500_53_58.ogg,0
BC2026_Train_0014_S13_20220228_214500.ogg,52,57,22961;23158;517063;65377;65380,upsampled,data/train_soundscapes_upsampled/BC2026_Train_0014_S13_20220228_214500_52_57.ogg,0
BC2026_Train_0014_S13_20220228_214500.ogg,51,56,22961;23158;517063;65377;65380,upsampled,data/train_soundscapes_upsampled/BC2026_Train_0014_S13_20220228_214500_51_56.ogg,0
BC2026_Train_0014_S13_20220228_214500.ogg,54,59,22961;23158;517063;65377;65380,upsampled,data/train_soundscapes_upsampled/BC2026_Train_0014_S13_20220228_214500_54_59.ogg,0
BC2026_Train_0016_S18_20220204_221500.ogg,2,7,22967;24279;517063,upsampled,data/train_soundscapes_upsampled/BC2026_Train_0016_S18_20220204_221500_2_7.ogg,1
BC2026_Train_0016_S18_20220204_221500.ogg,8,13,22967;24279;517063,upsampled,data/train_soundscapes_upsampled/BC2026_Train_0016_S18_20220204_221500_8_13.ogg,1
BC2026_Train_0016_S18_20220204_221500.ogg,9,14,22967;24279;517063,upsampled,data/train_soundscapes_upsampled/BC2026_Train_0016_S18_20220204_221500_9_14.ogg,1
BC2026_Train_0016_S18_20220204_221500.ogg,18,23,22967;517063,upsampled,data/train_soundscapes_upsampled/BC2026_Train_0016_S18_20220204_221500_18_23.ogg,1
BC2026_Train_0016_S18_20220204_221500.ogg,19,24,22967;517063,upsampled,data/train_soundscapes_upsampled/BC2026_Train_0016_S18_20220204_221500_19_24.ogg,1
BC2026_Train_0016_S18_20220204_221500.ogg,22,27,22967,upsampled,data/train_soundscapes_upsampled/BC2026_Train_0016_S18_20220204_221500_22_27.ogg,1
BC2026_Train_0016_S18_20220204_221500.ogg,29,34,22967,upsampled,data/train_soundscapes_upsampled/BC2026_Train_0016_S18_20220204_221500_29_34.ogg,1
BC2026_Train_0016_S18_20220204_221500.ogg,33,38,22967,upsampled,data/train_soundscapes_upsampled/BC2026_Train_0016_S18_20220204_221500_33_38.ogg,1
BC2026_Train_0016_S18_20220204_221500.ogg,39,44,22967,upsampled,data/train_soundscapes_upsampled/BC2026_Train_0016_S18_20220204_221500_39_44.ogg,1
BC2026_Train_0016_S18_20220204_221500.ogg,48,53,22967,upsampled,data/train_soundscapes_upsampled/BC2026_Train_0016_S18_20220204_221500_48_53.ogg,1
BC2026_Train_0016_S18_20220204_221500.ogg,51,56,22967,upsampled,data/train_soundscapes_upsampled/BC2026_Train_0016_S18_20220204_221500_51_56.ogg,1
BC2026_Train_0016_S18_20220204_221500.ogg,52,57,22967,upsampled,data/train_soundscapes_upsampled/BC2026_Train_0016_S18_20220204_221500_52_57.ogg,1
BC2026_Train_0017_S22_20211026_233000.ogg,2,7,22967;22973;47144;517063;555146;compau;litnig1;nacnig1,upsampled,data/train_soundscapes_upsampled/BC2026_Train_0017_S22_20211026_233000_2_7.ogg,1
BC2026_Train_0017_S22_20211026_233000.ogg,3,8,22967;22973;47144;517063;555146;compau;litnig1;nacnig1,upsampled,data/train_soundscapes_upsampled/BC2026_Train_0017_S22_20211026_233000_3_8.ogg,1
BC2026_Train_0017_S22_20211026_233000.ogg,1,6,22967;22973;47144;517063;555146;compau;litnig1;nacnig1,upsampled,data/train_soundscapes_upsampled/BC2026_Train_0017_S22_20211026_233000_1_6.ogg,1
BC2026_Train_0017_S22_20211026_233000.ogg,6,11,22967;22973;47144;517063;555146;compau;litnig1;nacnig1,upsampled,data/train_soundscapes_upsampled/BC2026_Train_0017_S22_20211026_233000_6_11.ogg,1
BC2026_Train_0017_S22_20211026_233000.ogg,4,9,22967;22973;47144;517063;555146;compau;litnig1;nacnig1,upsampled,data/train_soundscapes_upsampled/BC2026_Train_0017_S22_20211026_233000_4_9.ogg,1
BC2026_Train_0017_S22_20211026_233000.ogg,7,12,22967;22973;47144;517063;555146;compau;litnig1;nacnig1,upsampled,data/train_soundscapes_upsampled/BC2026_Train_0017_S22_20211026_233000_7_12.ogg,1
BC2026_Train_0017_S22_20211026_233000.ogg,8,13,22967;22973;47144;517063;555146;compau;litnig1;nacnig1,upsampled,data/train_soundscapes_upsampled/BC2026_Train_0017_S22_20211026_233000_8_13.ogg,1
BC2026_Train_0017_S22_20211026_233000.ogg,11,16,22967;22973;47144;compau;litnig1;nacnig1,upsampled,data/train_soundscapes_upsampled/BC2026_Train_0017_S22_20211026_233000_11_16.ogg,1
BC2026_Train_0017_S22_20211026_233000.ogg,13,18,22967;22973;47144;compau;litnig1;nacnig1,upsampled,data/train_soundscapes_upsampled/BC2026_Train_0017_S22_20211026_233000_13_18.ogg,1
BC2026_Train_0017_S22_20211026_233000.ogg,9,14,22967;22973;47144;517063;555146;compau;litnig1;nacnig1,upsampled,data/train_soundscapes_upsampled/BC2026_Train_0017_S22_20211026_233000_9_14.ogg,1
BC2026_Train_0017_S22_20211026_233000.ogg,12,17,22967;22973;47144;compau;litnig1;nacnig1,upsampled,data/train_soundscapes_upsampled/BC2026_Train_0017_S22_20211026_233000_12_17.ogg,1
BC2026_Train_0017_S22_20211026_233000.ogg,17,22,22967;22973;47144;74113;compau;litnig1;nacnig1,upsampled,data/train_soundscapes_upsampled/BC2026_Train_0017_S22_20211026_233000_17_22.ogg,1
BC2026_Train_0017_S22_20211026_233000.ogg,18,23,22967;22973;47144;74113;compau;litnig1;nacnig1,upsampled,data/train_soundscapes_upsampled/BC2026_Train_0017_S22_20211026_233000_18_23.ogg,1
BC2026_Train_0017_S22_20211026_233000.ogg,14,19,22967;22973;47144;compau;litnig1;nacnig1,upsampled,data/train_soundscapes_upsampled/BC2026_Train_0017_S22_20211026_233000_14_19.ogg,1
BC2026_Train_0017_S22_20211026_233000.ogg,16,21,22967;22973;47144;74113;compau;litnig1;nacnig1,upsampled,data/train_soundscapes_upsampled/BC2026_Train_0017_S22_20211026_233000_16_21.ogg,1
BC2026_Train_0017_S22_20211026_233000.ogg,23,28,22967;22973;47144;74113;compau;litnig1;nacnig1,upsampled,data/train_soundscapes_upsampled/BC2026_Train_0017_S22_20211026_233000_23_28.ogg,1
BC2026_Train_0017_S22_20211026_233000.ogg,19,24,22967;22973;47144;74113;compau;litnig1;nacnig1,upsampled,data/train_soundscapes_upsampled/BC2026_Train_0017_S22_20211026_233000_19_24.ogg,1
BC2026_Train_0017_S22_20211026_233000.ogg,21,26,22967;22973;47144;74113;compau;litnig1;nacnig1,upsampled,data/train_soundscapes_upsampled/BC2026_Train_0017_S22_20211026_233000_21_26.ogg,1
BC2026_Train_0017_S22_20211026_233000.ogg,22,27,22967;22973;47144;74113;compau;litnig1;nacnig1,upsampled,data/train_soundscapes_upsampled/BC2026_Train_0017_S22_20211026_233000_22_27.ogg,1
BC2026_Train_0017_S22_20211026_233000.ogg,28,33,22967;22973;compau;litnig1;nacnig1,upsampled,data/train_soundscapes_upsampled/BC2026_Train_0017_S22_20211026_233000_28_33.ogg,1
BC2026_Train_0017_S22_20211026_233000.ogg,26,31,22967;22973;compau;litnig1;nacnig1,upsampled,data/train_soundscapes_upsampled/BC2026_Train_0017_S22_20211026_233000_26_31.ogg,1
BC2026_Train_0017_S22_20211026_233000.ogg,24,29,22967;22973;47144;74113;compau;litnig1;nacnig1,upsampled,data/train_soundscapes_upsampled/BC2026_Train_0017_S22_20211026_233000_24_29.ogg,1
BC2026_Train_0017_S22_20211026_233000.ogg,27,32,22967;22973;compau;litnig1;nacnig1,upsampled,data/train_soundscapes_upsampled/BC2026_Train_0017_S22_20211026_233000_27_32.ogg,1
BC2026_Train_0017_S22_20211026_233000.ogg,31,36,22967;22973;compau;litnig1;nacnig1,upsampled,data/train_soundscapes_upsampled/BC2026_Train_0017_S22_20211026_233000_31_36.ogg,1
BC2026_Train_0017_S22_20211026_233000.ogg,32,37,22967;22973;compau;litnig1;nacnig1,upsampled,data/train_soundscapes_upsampled/BC2026_Train_0017_S22_20211026_233000_32_37.ogg,1
BC2026_Train_0017_S22_20211026_233000.ogg,33,38,22967;22973;compau;litnig1;nacnig1,upsampled,data/train_soundscapes_upsampled/BC2026_Train_0017_S22_20211026_233000_33_38.ogg,1
BC2026_Train_0017_S22_20211026_233000.ogg,29,34,22967;22973;compau;litnig1;nacnig1,upsampled,data/train_soundscapes_upsampled/BC2026_Train_0017_S22_20211026_233000_29_34.ogg,1
BC2026_Train_0017_S22_20211026_233000.ogg,34,39,22967;22973;compau;litnig1;nacnig1,upsampled,data/train_soundscapes_upsampled/BC2026_Train_0017_S22_20211026_233000_34_39.ogg,1
BC2026_Train_0017_S22_20211026_233000.ogg,38,43,22967;22973;555146;compau;litnig1;nacnig1,upsampled,data/train_soundscapes_upsampled/BC2026_Train_0017_S22_20211026_233000_38_43.ogg,1
BC2026_Train_0017_S22_20211026_233000.ogg,36,41,22967;22973;555146;compau;litnig1;nacnig1,upsampled,data/train_soundscapes_upsampled/BC2026_Train_0017_S22_20211026_233000_36_41.ogg,1
BC2026_Train_0017_S22_20211026_233000.ogg,37,42,22967;22973;555146;compau;litnig1;nacnig1,upsampled,data/train_soundscapes_upsampled/BC2026_Train_0017_S22_20211026_233000_37_42.ogg,1
BC2026_Train_0017_S22_20211026_233000.ogg,43,48,22967;22973;555146;compau;litnig1;nacnig1;strher2,upsampled,data/train_soundscapes_upsampled/BC2026_Train_0017_S22_20211026_233000_43_48.ogg,1
BC2026_Train_0017_S22_20211026_233000.ogg,42,47,22967;22973;555146;compau;litnig1;nacnig1;strher2,upsampled,data/train_soundscapes_upsampled/BC2026_Train_0017_S22_20211026_233000_42_47.ogg,1
BC2026_Train_0017_S22_20211026_233000.ogg,41,46,22967;22973;555146;compau;litnig1;nacnig1;strher2,upsampled,data/train_soundscapes_upsampled/BC2026_Train_0017_S22_20211026_233000_41_46.ogg,1
BC2026_Train_0017_S22_20211026_233000.ogg,39,44,22967;22973;555146;compau;litnig1;nacnig1,upsampled,data/train_soundscapes_upsampled/BC2026_Train_0017_S22_20211026_233000_39_44.ogg,1
BC2026_Train_0017_S22_20211026_233000.ogg,48,53,22967;22973;555146;compau;litnig1;nacnig1;strher2,upsampled,data/train_soundscapes_upsampled/BC2026_Train_0017_S22_20211026_233000_48_53.ogg,1
BC2026_Train_0017_S22_20211026_233000.ogg,44,49,22967;22973;555146;compau;litnig1;nacnig1;strher2,upsampled,data/train_soundscapes_upsampled/BC2026_Train_0017_S22_20211026_233000_44_49.ogg,1
BC2026_Train_0017_S22_20211026_233000.ogg,46,51,22967;22973;555146;compau;litnig1;nacnig1;strher2,upsampled,data/train_soundscapes_upsampled/BC2026_Train_0017_S22_20211026_233000_46_51.ogg,1
BC2026_Train_0017_S22_20211026_233000.ogg,47,52,22967;22973;555146;compau;litnig1;nacnig1;strher2,upsampled,data/train_soundscapes_upsampled/BC2026_Train_0017_S22_20211026_233000_47_52.ogg,1
BC2026_Train_0017_S22_20211026_233000.ogg,49,54,22967;22973;555146;compau;litnig1;nacnig1;strher2,upsampled,data/train_soundscapes_upsampled/BC2026_Train_0017_S22_20211026_233000_49_54.ogg,1
BC2026_Train_0017_S22_20211026_233000.ogg,52,57,22967;22973;517063;74113;compau;litnig1;nacnig1;strher2,upsampled,data/train_soundscapes_upsampled/BC2026_Train_0017_S22_20211026_233000_52_57.ogg,1
BC2026_Train_0017_S22_20211026_233000.ogg,53,58,22967;22973;517063;74113;compau;litnig1;nacnig1;strher2,upsampled,data/train_soundscapes_upsampled/BC2026_Train_0017_S22_20211026_233000_53_58.ogg,1
BC2026_Train_0017_S22_20211026_233000.ogg,51,56,22967;22973;517063;74113;compau;litnig1;nacnig1;strher2,upsampled,data/train_soundscapes_upsampled/BC2026_Train_0017_S22_20211026_233000_51_56.ogg,1
BC2026_Train_0017_S22_20211026_233000.ogg,54,59,22967;22973;517063;74113;compau;litnig1;nacnig1;strher2,upsampled,data/train_soundscapes_upsampled/BC2026_Train_0017_S22_20211026_233000_54_59.ogg,1
BC2026_Train_0018_S22_20211028_234500.ogg,2,7,22967;22973;517063;chacha1;litnig1;trsowl,upsampled,data/train_soundscapes_upsampled/BC2026_Train_0018_S22_20211028_234500_2_7.ogg,0
BC2026_Train_0018_S22_20211028_234500.ogg,3,8,22967;22973;517063;chacha1;litnig1;trsowl,upsampled,data/train_soundscapes_upsampled/BC2026_Train_0018_S22_20211028_234500_3_8.ogg,0
BC2026_Train_0018_S22_20211028_234500.ogg,1,6,22967;22973;517063;chacha1;litnig1;trsowl,upsampled,data/train_soundscapes_upsampled/BC2026_Train_0018_S22_20211028_234500_1_6.ogg,0
BC2026_Train_0018_S22_20211028_234500.ogg,8,13,22967;22973;chacha1;litnig1;trsowl,upsampled,data/train_soundscapes_upsampled/BC2026_Train_0018_S22_20211028_234500_8_13.ogg,0
BC2026_Train_0018_S22_20211028_234500.ogg,4,9,22967;22973;517063;chacha1;litnig1;trsowl,upsampled,data/train_soundscapes_upsampled/BC2026_Train_0018_S22_20211028_234500_4_9.ogg,0
BC2026_Train_0018_S22_20211028_234500.ogg,7,12,22967;22973;chacha1;litnig1;trsowl,upsampled,data/train_soundscapes_upsampled/BC2026_Train_0018_S22_20211028_234500_7_12.ogg,0
BC2026_Train_0018_S22_20211028_234500.ogg,6,11,22967;22973;chacha1;litnig1;trsowl,upsampled,data/train_soundscapes_upsampled/BC2026_Train_0018_S22_20211028_234500_6_11.ogg,0
BC2026_Train_0018_S22_20211028_234500.ogg,12,17,22967;22973;517063;litnig1;trsowl,upsampled,data/train_soundscapes_upsampled/BC2026_Train_0018_S22_20211028_234500_12_17.ogg,0
BC2026_Train_0018_S22_20211028_234500.ogg,11,16,22967;22973;517063;litnig1;trsowl,upsampled,data/train_soundscapes_upsampled/BC2026_Train_0018_S22_20211028_234500_11_16.ogg,0
BC2026_Train_0018_S22_20211028_234500.ogg,9,14,22967;22973;chacha1;litnig1;trsowl,upsampled,data/train_soundscapes_upsampled/BC2026_Train_0018_S22_20211028_234500_9_14.ogg,0
BC2026_Train_0018_S22_20211028_234500.ogg,13,18,22967;22973;517063;litnig1;trsowl,upsampled,data/train_soundscapes_upsampled/BC2026_Train_0018_S22_20211028_234500_13_18.ogg,0
BC2026_Train_0018_S22_20211028_234500.ogg,17,22,22967;22973;517063;chacha1;litnig1;trsowl,upsampled,data/train_soundscapes_upsampled/BC2026_Train_0018_S22_20211028_234500_17_22.ogg,0
BC2026_Train_0018_S22_20211028_234500.ogg,16,21,22967;22973;517063;chacha1;litnig1;trsowl,upsampled,data/train_soundscapes_upsampled/BC2026_Train_0018_S22_20211028_234500_16_21.ogg,0
BC2026_Train_0018_S22_20211028_234500.ogg,14,19,22967;22973;517063;litnig1;trsowl,upsampled,data/train_soundscapes_upsampled/BC2026_Train_0018_S22_20211028_234500_14_19.ogg,0
BC2026_Train_0018_S22_20211028_234500.ogg,18,23,22967;22973;517063;chacha1;litnig1;trsowl,upsampled,data/train_soundscapes_upsampled/BC2026_Train_0018_S22_20211028_234500_18_23.ogg,0
BC2026_Train_0018_S22_20211028_234500.ogg,21,26,22967;22973;517063;chacha1;litnig1,upsampled,data/train_soundscapes_upsampled/BC2026_Train_0018_S22_20211028_234500_21_26.ogg,0
BC2026_Train_0018_S22_20211028_234500.ogg,19,24,22967;22973;517063;chacha1;litnig1;trsowl,upsampled,data/train_soundscapes_upsampled/BC2026_Train_0018_S22_20211028_234500_19_24.ogg,0
BC2026_Train_0018_S22_20211028_234500.ogg,23,28,22967;22973;517063;chacha1;litnig1,upsampled,data/train_soundscapes_upsampled/BC2026_Train_0018_S22_20211028_234500_23_28.ogg,0
BC2026_Train_0018_S22_20211028_234500.ogg,22,27,22967;22973;517063;chacha1;litnig1,upsampled,data/train_soundscapes_upsampled/BC2026_Train_0018_S22_20211028_234500_22_27.ogg,0
BC2026_Train_0018_S22_20211028_234500.ogg,24,29,22967;22973;517063;chacha1;litnig1,upsampled,data/train_soundscapes_upsampled/BC2026_Train_0018_S22_20211028_234500_24_29.ogg,0
BC2026_Train_0018_S22_20211028_234500.ogg,26,31,22967;22973;517063;litnig1;trsowl,upsampled,data/train_soundscapes_upsampled/BC2026_Train_0018_S22_20211028_234500_26_31.ogg,0
BC2026_Train_0018_S22_20211028_234500.ogg,27,32,22967;22973;517063;litnig1;trsowl,upsampled,data/train_soundscapes_upsampled/BC2026_Train_0018_S22_20211028_234500_27_32.ogg,0
BC2026_Train_0018_S22_20211028_234500.ogg,28,33,22967;22973;517063;litnig1;trsowl,upsampled,data/train_soundscapes_upsampled/BC2026_Train_0018_S22_20211028_234500_28_33.ogg,0
BC2026_Train_0018_S22_20211028_234500.ogg,33,38,22967;22973;517063;trsowl,upsampled,data/train_soundscapes_upsampled/BC2026_Train_0018_S22_20211028_234500_33_38.ogg,0
BC2026_Train_0018_S22_20211028_234500.ogg,31,36,22967;22973;517063;trsowl,upsampled,data/train_soundscapes_upsampled/BC2026_Train_0018_S22_20211028_234500_31_36.ogg,0
BC2026_Train_0018_S22_20211028_234500.ogg,32,37,22967;22973;517063;trsowl,upsampled,data/train_soundscapes_upsampled/BC2026_Train_0018_S22_20211028_234500_32_37.ogg,0
BC2026_Train_0018_S22_20211028_234500.ogg,29,34,22967;22973;517063;litnig1;trsowl,upsampled,data/train_soundscapes_upsampled/BC2026_Train_0018_S22_20211028_234500_29_34.ogg,0
BC2026_Train_0018_S22_20211028_234500.ogg,34,39,22967;22973;517063;trsowl,upsampled,data/train_soundscapes_upsampled/BC2026_Train_0018_S22_20211028_234500_34_39.ogg,0
BC2026_Train_0018_S22_20211028_234500.ogg,38,43,22967;22973;517063;litnig1;trsowl,upsampled,data/train_soundscapes_upsampled/BC2026_Train_0018_S22_20211028_234500_38_43.ogg,0
BC2026_Train_0018_S22_20211028_234500.ogg,36,41,22967;22973;517063;litnig1;trsowl,upsampled,data/train_soundscapes_upsampled/BC2026_Train_0018_S22_20211028_234500_36_41.ogg,0
BC2026_Train_0018_S22_20211028_234500.ogg,37,42,22967;22973;517063;litnig1;trsowl,upsampled,data/train_soundscapes_upsampled/BC2026_Train_0018_S22_20211028_234500_37_42.ogg,0
BC2026_Train_0018_S22_20211028_234500.ogg,41,46,22967;22973;litnig1;trsowl,upsampled,data/train_soundscapes_upsampled/BC2026_Train_0018_S22_20211028_234500_41_46.ogg,0
BC2026_Train_0018_S22_20211028_234500.ogg,39,44,22967;22973;517063;litnig1;trsowl,upsampled,data/train_soundscapes_upsampled/BC2026_Train_0018_S22_20211028_234500_39_44.ogg,0
BC2026_Train_0018_S22_20211028_234500.ogg,43,48,22967;22973;litnig1;trsowl,upsampled,data/train_soundscapes_upsampled/BC2026_Train_0018_S22_20211028_234500_43_48.ogg,0
BC2026_Train_0018_S22_20211028_234500.ogg,42,47,22967;22973;litnig1;trsowl,upsampled,data/train_soundscapes_upsampled/BC2026_Train_0018_S22_20211028_234500_42_47.ogg,0
BC2026_Train_0018_S22_20211028_234500.ogg,48,53,22967;22973;litnig1;trsowl,upsampled,data/train_soundscapes_upsampled/BC2026_Train_0018_S22_20211028_234500_48_53.ogg,0
BC2026_Train_0018_S22_20211028_234500.ogg,46,51,22967;22973;litnig1;trsowl,upsampled,data/train_soundscapes_upsampled/BC2026_Train_0018_S22_20211028_234500_46_51.ogg,0
BC2026_Train_0018_S22_20211028_234500.ogg,47,52,22967;22973;litnig1;trsowl,upsampled,data/train_soundscapes_upsampled/BC2026_Train_0018_S22_20211028_234500_47_52.ogg,0
BC2026_Train_0018_S22_20211028_234500.ogg,44,49,22967;22973;litnig1;trsowl,upsampled,data/train_soundscapes_upsampled/BC2026_Train_0018_S22_20211028_234500_44_49.ogg,0
BC2026_Train_0018_S22_20211028_234500.ogg,49,54,22967;22973;litnig1;trsowl,upsampled,data/train_soundscapes_upsampled/BC2026_Train_0018_S22_20211028_234500_49_54.ogg,0
BC2026_Train_0018_S22_20211028_234500.ogg,51,56,22967;22973;517063;litnig1;trsowl,upsampled,data/train_soundscapes_upsampled/BC2026_Train_0018_S22_20211028_234500_51_56.ogg,0
BC2026_Train_0018_S22_20211028_234500.ogg,52,57,22967;22973;517063;litnig1;trsowl,upsampled,data/train_soundscapes_upsampled/BC2026_Train_0018_S22_20211028_234500_52_57.ogg,0
BC2026_Train_0018_S22_20211028_234500.ogg,53,58,22967;22973;517063;litnig1;trsowl,upsampled,data/train_soundscapes_upsampled/BC2026_Train_0018_S22_20211028_234500_53_58.ogg,0
BC2026_Train_0018_S22_20211028_234500.ogg,54,59,22967;22973;517063;litnig1;trsowl,upsampled,data/train_soundscapes_upsampled/BC2026_Train_0018_S22_20211028_234500_54_59.ogg,0
BC2026_Train_0019_S22_20211104_200000.ogg,22,27,22973;65380;bunibi1,upsampled,data/train_soundscapes_upsampled/BC2026_Train_0019_S22_20211104_200000_22_27.ogg,0
BC2026_Train_0019_S22_20211104_200000.ogg,23,28,22973;65380;bunibi1,upsampled,data/train_soundscapes_upsampled/BC2026_Train_0019_S22_20211104_200000_23_28.ogg,0
BC2026_Train_0019_S22_20211104_200000.ogg,28,33,22973;65380;bunibi1,upsampled,data/train_soundscapes_upsampled/BC2026_Train_0019_S22_20211104_200000_28_33.ogg,0
BC2026_Train_0019_S22_20211104_200000.ogg,27,32,22973;65380;bunibi1,upsampled,data/train_soundscapes_upsampled/BC2026_Train_0019_S22_20211104_200000_27_32.ogg,0
BC2026_Train_0019_S22_20211104_200000.ogg,26,31,22973;65380;bunibi1,upsampled,data/train_soundscapes_upsampled/BC2026_Train_0019_S22_20211104_200000_26_31.ogg,0
BC2026_Train_0019_S22_20211104_200000.ogg,31,36,22973;47144;65380;bunibi1,upsampled,data/train_soundscapes_upsampled/BC2026_Train_0019_S22_20211104_200000_31_36.ogg,0
BC2026_Train_0019_S22_20211104_200000.ogg,29,34,22973;65380;bunibi1,upsampled,data/train_soundscapes_upsampled/BC2026_Train_0019_S22_20211104_200000_29_34.ogg,0
BC2026_Train_0019_S22_20211104_200000.ogg,32,37,22973;47144;65380;bunibi1,upsampled,data/train_soundscapes_upsampled/BC2026_Train_0019_S22_20211104_200000_32_37.ogg,0
BC2026_Train_0019_S22_20211104_200000.ogg,33,38,22973;47144;65380;bunibi1,upsampled,data/train_soundscapes_upsampled/BC2026_Train_0019_S22_20211104_200000_33_38.ogg,0
BC2026_Train_0019_S22_20211104_200000.ogg,36,41,22973;47144;65380,upsampled,data/train_soundscapes_upsampled/BC2026_Train_0019_S22_20211104_200000_36_41.ogg,0
BC2026_Train_0019_S22_20211104_200000.ogg,38,43,22973;47144;65380,upsampled,data/train_soundscapes_upsampled/BC2026_Train_0019_S22_20211104_200000_38_43.ogg,0
BC2026_Train_0019_S22_20211104_200000.ogg,37,42,22973;47144;65380,upsampled,data/train_soundscapes_upsampled/BC2026_Train_0019_S22_20211104_200000_37_42.ogg,0
BC2026_Train_0019_S22_20211104_200000.ogg,34,39,22973;47144;65380;bunibi1,upsampled,data/train_soundscapes_upsampled/BC2026_Train_0019_S22_20211104_200000_34_39.ogg,0
BC2026_Train_0019_S22_20211104_200000.ogg,39,44,22973;47144;65380,upsampled,data/train_soundscapes_upsampled/BC2026_Train_0019_S22_20211104_200000_39_44.ogg,0
BC2026_Train_0019_S22_20211104_200000.ogg,41,46,22973;47144;65380,upsampled,data/train_soundscapes_upsampled/BC2026_Train_0019_S22_20211104_200000_41_46.ogg,0
BC2026_Train_0019_S22_20211104_200000.ogg,42,47,22973;47144;65380,upsampled,data/train_soundscapes_upsampled/BC2026_Train_0019_S22_20211104_200000_42_47.ogg,0
BC2026_Train_0019_S22_20211104_200000.ogg,43,48,22973;47144;65380,upsampled,data/train_soundscapes_upsampled/BC2026_Train_0019_S22_20211104_200000_43_48.ogg,0
BC2026_Train_0020_S22_20211104_231500.ogg,3,8,22973;517063;65380;trsowl;undtin1,upsampled,data/train_soundscapes_upsampled/BC2026_Train_0020_S22_20211104_231500_3_8.ogg,1
BC2026_Train_0020_S22_20211104_231500.ogg,1,6,22973;517063;65380;trsowl;undtin1,upsampled,data/train_soundscapes_upsampled/BC2026_Train_0020_S22_20211104_231500_1_6.ogg,1
BC2026_Train_0020_S22_20211104_231500.ogg,2,7,22973;517063;65380;trsowl;undtin1,upsampled,data/train_soundscapes_upsampled/BC2026_Train_0020_S22_20211104_231500_2_7.ogg,1
BC2026_Train_0020_S22_20211104_231500.ogg,4,9,22973;517063;65380;trsowl;undtin1,upsampled,data/train_soundscapes_upsampled/BC2026_Train_0020_S22_20211104_231500_4_9.ogg,1
BC2026_Train_0020_S22_20211104_231500.ogg,8,13,22973;517063;65380;trsowl;undtin1,upsampled,data/train_soundscapes_upsampled/BC2026_Train_0020_S22_20211104_231500_8_13.ogg,1
BC2026_Train_0020_S22_20211104_231500.ogg,6,11,22973;517063;65380;trsowl;undtin1,upsampled,data/train_soundscapes_upsampled/BC2026_Train_0020_S22_20211104_231500_6_11.ogg,1
BC2026_Train_0020_S22_20211104_231500.ogg,7,12,22973;517063;65380;trsowl;undtin1,upsampled,data/train_soundscapes_upsampled/BC2026_Train_0020_S22_20211104_231500_7_12.ogg,1
BC2026_Train_0020_S22_20211104_231500.ogg,13,18,517063;65380;trsowl;undtin1,upsampled,data/train_soundscapes_upsampled/BC2026_Train_0020_S22_20211104_231500_13_18.ogg,1
BC2026_Train_0020_S22_20211104_231500.ogg,11,16,517063;65380;trsowl;undtin1,upsampled,data/train_soundscapes_upsampled/BC2026_Train_0020_S22_20211104_231500_11_16.ogg,1
BC2026_Train_0020_S22_20211104_231500.ogg,12,17,517063;65380;trsowl;undtin1,upsampled,data/train_soundscapes_upsampled/BC2026_Train_0020_S22_20211104_231500_12_17.ogg,1
BC2026_Train_0020_S22_20211104_231500.ogg,9,14,22973;517063;65380;trsowl;undtin1,upsampled,data/train_soundscapes_upsampled/BC2026_Train_0020_S22_20211104_231500_9_14.ogg,1
BC2026_Train_0020_S22_20211104_231500.ogg,19,24,517063;65380;trsowl,upsampled,data/train_soundscapes_upsampled/BC2026_Train_0020_S22_20211104_231500_19_24.ogg,1
BC2026_Train_0020_S22_20211104_231500.ogg,21,26,22973;517063;65380;trsowl;undtin1,upsampled,data/train_soundscapes_upsampled/BC2026_Train_0020_S22_20211104_231500_21_26.ogg,1
BC2026_Train_0020_S22_20211104_231500.ogg,22,27,22973;517063;65380;trsowl;undtin1,upsampled,data/train_soundscapes_upsampled/BC2026_Train_0020_S22_20211104_231500_22_27.ogg,1
BC2026_Train_0020_S22_20211104_231500.ogg,18,23,517063;65380;trsowl,upsampled,data/train_soundscapes_upsampled/BC2026_Train_0020_S22_20211104_231500_18_23.ogg,1
BC2026_Train_0020_S22_20211104_231500.ogg,23,28,22973;517063;65380;trsowl;undtin1,upsampled,data/train_soundscapes_upsampled/BC2026_Train_0020_S22_20211104_231500_23_28.ogg,1
BC2026_Train_0020_S22_20211104_231500.ogg,24,29,22973;517063;65380;trsowl;undtin1,upsampled,data/train_soundscapes_upsampled/BC2026_Train_0020_S22_20211104_231500_24_29.ogg,1
BC2026_Train_0020_S22_20211104_231500.ogg,28,33,22973;517063;trsowl;undtin1,upsampled,data/train_soundscapes_upsampled/BC2026_Train_0020_S22_20211104_231500_28_33.ogg,1
BC2026_Train_0020_S22_20211104_231500.ogg,27,32,22973;517063;trsowl;undtin1,upsampled,data/train_soundscapes_upsampled/BC2026_Train_0020_S22_20211104_231500_27_32.ogg,1
BC2026_Train_0020_S22_20211104_231500.ogg,37,42,22973;65380;compau;trsowl,upsampled,data/train_soundscapes_upsampled/BC2026_Train_0020_S22_20211104_231500_37_42.ogg,1
BC2026_Train_0020_S22_20211104_231500.ogg,36,41,22973;65380;compau;trsowl,upsampled,data/train_soundscapes_upsampled/BC2026_Train_0020_S22_20211104_231500_36_41.ogg,1
BC2026_Train_0020_S22_20211104_231500.ogg,32,37,22973;517063;65380;trsowl,upsampled,data/train_soundscapes_upsampled/BC2026_Train_0020_S22_20211104_231500_32_37.ogg,1
BC2026_Train_0020_S22_20211104_231500.ogg,34,39,22973;517063;65380;trsowl,upsampled,data/train_soundscapes_upsampled/BC2026_Train_0020_S22_20211104_231500_34_39.ogg,1
BC2026_Train_0020_S22_20211104_231500.ogg,43,48,22973;65380;compau;undtin1,upsampled,data/train_soundscapes_upsampled/BC2026_Train_0020_S22_20211104_231500_43_48.ogg,1
BC2026_Train_0020_S22_20211104_231500.ogg,38,43,22973;65380;compau;trsowl,upsampled,data/train_soundscapes_upsampled/BC2026_Train_0020_S22_20211104_231500_38_43.ogg,1
BC2026_Train_0020_S22_20211104_231500.ogg,42,47,22973;65380;compau;undtin1,upsampled,data/train_soundscapes_upsampled/BC2026_Train_0020_S22_20211104_231500_42_47.ogg,1
BC2026_Train_0020_S22_20211104_231500.ogg,39,44,22973;65380;compau;trsowl,upsampled,data/train_soundscapes_upsampled/BC2026_Train_0020_S22_20211104_231500_39_44.ogg,1
BC2026_Train_0020_S22_20211104_231500.ogg,47,52,22973;517063;65380;compau;trsowl;undtin1,upsampled,data/train_soundscapes_upsampled/BC2026_Train_0020_S22_20211104_231500_47_52.ogg,1
BC2026_Train_0020_S22_20211104_231500.ogg,46,51,22973;517063;65380;compau;trsowl;undtin1,upsampled,data/train_soundscapes_upsampled/BC2026_Train_0020_S22_20211104_231500_46_51.ogg,1
BC2026_Train_0020_S22_20211104_231500.ogg,44,49,22973;65380;compau;undtin1,upsampled,data/train_soundscapes_upsampled/BC2026_Train_0020_S22_20211104_231500_44_49.ogg,1
BC2026_Train_0020_S22_20211104_231500.ogg,48,53,22973;517063;65380;compau;trsowl;undtin1,upsampled,data/train_soundscapes_upsampled/BC2026_Train_0020_S22_20211104_231500_48_53.ogg,1
BC2026_Train_0020_S22_20211104_231500.ogg,53,58,22973;517063;65380;compau;trsowl,upsampled,data/train_soundscapes_upsampled/BC2026_Train_0020_S22_20211104_231500_53_58.ogg,1
BC2026_Train_0020_S22_20211104_231500.ogg,51,56,22973;517063;65380;compau;trsowl,upsampled,data/train_soundscapes_upsampled/BC2026_Train_0020_S22_20211104_231500_51_56.ogg,1
BC2026_Train_0020_S22_20211104_231500.ogg,49,54,22973;517063;65380;compau;trsowl;undtin1,upsampled,data/train_soundscapes_upsampled/BC2026_Train_0020_S22_20211104_231500_49_54.ogg,1
BC2026_Train_0020_S22_20211104_231500.ogg,52,57,22973;517063;65380;compau;trsowl,upsampled,data/train_soundscapes_upsampled/BC2026_Train_0020_S22_20211104_231500_52_57.ogg,1
BC2026_Train_0020_S22_20211104_231500.ogg,54,59,22973;517063;65380;compau;trsowl,upsampled,data/train_soundscapes_upsampled/BC2026_Train_0020_S22_20211104_231500_54_59.ogg,1
BC2026_Train_0022_S22_20211114_014500.ogg,3,8,compau;litnig1;undtin1,upsampled,data/train_soundscapes_upsampled/BC2026_Train_0022_S22_20211114_014500_3_8.ogg,2
BC2026_Train_0022_S22_20211114_014500.ogg,1,6,compau;litnig1;undtin1,upsampled,data/train_soundscapes_upsampled/BC2026_Train_0022_S22_20211114_014500_1_6.ogg,2
BC2026_Train_0022_S22_20211114_014500.ogg,2,7,compau;litnig1;undtin1,upsampled,data/train_soundscapes_upsampled/BC2026_Train_0022_S22_20211114_014500_2_7.ogg,2
BC2026_Train_0022_S22_20211114_014500.ogg,4,9,compau;litnig1;undtin1,upsampled,data/train_soundscapes_upsampled/BC2026_Train_0022_S22_20211114_014500_4_9.ogg,2
BC2026_Train_0022_S22_20211114_014500.ogg,8,13,compau;litnig1,upsampled,data/train_soundscapes_upsampled/BC2026_Train_0022_S22_20211114_014500_8_13.ogg,2
BC2026_Train_0022_S22_20211114_014500.ogg,7,12,compau;litnig1,upsampled,data/train_soundscapes_upsampled/BC2026_Train_0022_S22_20211114_014500_7_12.ogg,2
BC2026_Train_0022_S22_20211114_014500.ogg,6,11,compau;litnig1,upsampled,data/train_soundscapes_upsampled/BC2026_Train_0022_S22_20211114_014500_6_11.ogg,2
BC2026_Train_0022_S22_20211114_014500.ogg,11,16,compau;litnig1,upsampled,data/train_soundscapes_upsampled/BC2026_Train_0022_S22_20211114_014500_11_16.ogg,2
BC2026_Train_0022_S22_20211114_014500.ogg,12,17,compau;litnig1,upsampled,data/train_soundscapes_upsampled/BC2026_Train_0022_S22_20211114_014500_12_17.ogg,2
BC2026_Train_0022_S22_20211114_014500.ogg,9,14,compau;litnig1,upsampled,data/train_soundscapes_upsampled/BC2026_Train_0022_S22_20211114_014500_9_14.ogg,2
BC2026_Train_0022_S22_20211114_014500.ogg,13,18,compau;litnig1,upsampled,data/train_soundscapes_upsampled/BC2026_Train_0022_S22_20211114_014500_13_18.ogg,2
BC2026_Train_0022_S22_20211114_014500.ogg,18,23,compau;litnig1;undtin1,upsampled,data/train_soundscapes_upsampled/BC2026_Train_0022_S22_20211114_014500_18_23.ogg,2
BC2026_Train_0022_S22_20211114_014500.ogg,14,19,compau;litnig1,upsampled,data/train_soundscapes_upsampled/BC2026_Train_0022_S22_20211114_014500_14_19.ogg,2
BC2026_Train_0022_S22_20211114_014500.ogg,17,22,compau;litnig1;undtin1,upsampled,data/train_soundscapes_upsampled/BC2026_Train_0022_S22_20211114_014500_17_22.ogg,2
BC2026_Train_0022_S22_20211114_014500.ogg,16,21,compau;litnig1;undtin1,upsampled,data/train_soundscapes_upsampled/BC2026_Train_0022_S22_20211114_014500_16_21.ogg,2
BC2026_Train_0022_S22_20211114_014500.ogg,21,26,517063;compau;litnig1;undtin1,upsampled,data/train_soundscapes_upsampled/BC2026_Train_0022_S22_20211114_014500_21_26.ogg,2
BC2026_Train_0022_S22_20211114_014500.ogg,22,27,517063;compau;litnig1;undtin1,upsampled,data/train_soundscapes_upsampled/BC2026_Train_0022_S22_20211114_014500_22_27.ogg,2
BC2026_Train_0022_S22_20211114_014500.ogg,23,28,517063;compau;litnig1;undtin1,upsampled,data/train_soundscapes_upsampled/BC2026_Train_0022_S22_20211114_014500_23_28.ogg,2
BC2026_Train_0022_S22_20211114_014500.ogg,19,24,compau;litnig1;undtin1,upsampled,data/train_soundscapes_upsampled/BC2026_Train_0022_S22_20211114_014500_19_24.ogg,2
BC2026_Train_0022_S22_20211114_014500.ogg,26,31,517063;litnig1;undtin1,upsampled,data/train_soundscapes_upsampled/BC2026_Train_0022_S22_20211114_014500_26_31.ogg,2
BC2026_Train_0022_S22_20211114_014500.ogg,24,29,517063;compau;litnig1;undtin1,upsampled,data/train_soundscapes_upsampled/BC2026_Train_0022_S22_20211114_014500_24_29.ogg,2
BC2026_Train_0022_S22_20211114_014500.ogg,27,32,517063;litnig1;undtin1,upsampled,data/train_soundscapes_upsampled/BC2026_Train_0022_S22_20211114_014500_27_32.ogg,2
BC2026_Train_0022_S22_20211114_014500.ogg,28,33,517063;litnig1;undtin1,upsampled,data/train_soundscapes_upsampled/BC2026_Train_0022_S22_20211114_014500_28_33.ogg,2
BC2026_Train_0022_S22_20211114_014500.ogg,31,36,517063;litnig1;undtin1,upsampled,data/train_soundscapes_upsampled/BC2026_Train_0022_S22_20211114_014500_31_36.ogg,2
BC2026_Train_0022_S22_20211114_014500.ogg,29,34,517063;litnig1;undtin1,upsampled,data/train_soundscapes_upsampled/BC2026_Train_0022_S22_20211114_014500_29_34.ogg,2
BC2026_Train_0022_S22_20211114_014500.ogg,32,37,517063;litnig1;undtin1,upsampled,data/train_soundscapes_upsampled/BC2026_Train_0022_S22_20211114_014500_32_37.ogg,2
BC2026_Train_0022_S22_20211114_014500.ogg,33,38,517063;litnig1;undtin1,upsampled,data/train_soundscapes_upsampled/BC2026_Train_0022_S22_20211114_014500_33_38.ogg,2
BC2026_Train_0022_S22_20211114_014500.ogg,38,43,517063;litnig1;undtin1,upsampled,data/train_soundscapes_upsampled/BC2026_Train_0022_S22_20211114_014500_38_43.ogg,2
BC2026_Train_0022_S22_20211114_014500.ogg,34,39,517063;litnig1;undtin1,upsampled,data/train_soundscapes_upsampled/BC2026_Train_0022_S22_20211114_014500_34_39.ogg,2
BC2026_Train_0022_S22_20211114_014500.ogg,36,41,517063;litnig1;undtin1,upsampled,data/train_soundscapes_upsampled/BC2026_Train_0022_S22_20211114_014500_36_41.ogg,2
BC2026_Train_0022_S22_20211114_014500.ogg,37,42,517063;litnig1;undtin1,upsampled,data/train_soundscapes_upsampled/BC2026_Train_0022_S22_20211114_014500_37_42.ogg,2
BC2026_Train_0022_S22_20211114_014500.ogg,41,46,517063;litnig1;undtin1,upsampled,data/train_soundscapes_upsampled/BC2026_Train_0022_S22_20211114_014500_41_46.ogg,2
BC2026_Train_0022_S22_20211114_014500.ogg,43,48,517063;litnig1;undtin1,upsampled,data/train_soundscapes_upsampled/BC2026_Train_0022_S22_20211114_014500_43_48.ogg,2
BC2026_Train_0022_S22_20211114_014500.ogg,39,44,517063;litnig1;undtin1,upsampled,data/train_soundscapes_upsampled/BC2026_Train_0022_S22_20211114_014500_39_44.ogg,2
BC2026_Train_0022_S22_20211114_014500.ogg,42,47,517063;litnig1;undtin1,upsampled,data/train_soundscapes_upsampled/BC2026_Train_0022_S22_20211114_014500_42_47.ogg,2
BC2026_Train_0022_S22_20211114_014500.ogg,48,53,517063;litnig1;undtin1,upsampled,data/train_soundscapes_upsampled/BC2026_Train_0022_S22_20211114_014500_48_53.ogg,2
BC2026_Train_0022_S22_20211114_014500.ogg,44,49,517063;litnig1;undtin1,upsampled,data/train_soundscapes_upsampled/BC2026_Train_0022_S22_20211114_014500_44_49.ogg,2
BC2026_Train_0022_S22_20211114_014500.ogg,47,52,517063;litnig1;undtin1,upsampled,data/train_soundscapes_upsampled/BC2026_Train_0022_S22_20211114_014500_47_52.ogg,2
BC2026_Train_0022_S22_20211114_014500.ogg,46,51,517063;litnig1;undtin1,upsampled,data/train_soundscapes_upsampled/BC2026_Train_0022_S22_20211114_014500_46_51.ogg,2
BC2026_Train_0022_S22_20211114_014500.ogg,52,57,517063;litnig1;undtin1,upsampled,data/train_soundscapes_upsampled/BC2026_Train_0022_S22_20211114_014500_52_57.ogg,2
BC2026_Train_0022_S22_20211114_014500.ogg,53,58,517063;litnig1;undtin1,upsampled,data/train_soundscapes_upsampled/BC2026_Train_0022_S22_20211114_014500_53_58.ogg,2
BC2026_Train_0022_S22_20211114_014500.ogg,49,54,517063;litnig1;undtin1,upsampled,data/train_soundscapes_upsampled/BC2026_Train_0022_S22_20211114_014500_49_54.ogg,2
BC2026_Train_0022_S22_20211114_014500.ogg,51,56,517063;litnig1;undtin1,upsampled,data/train_soundscapes_upsampled/BC2026_Train_0022_S22_20211114_014500_51_56.ogg,2
BC2026_Train_0022_S22_20211114_014500.ogg,54,59,517063;litnig1;undtin1,upsampled,data/train_soundscapes_upsampled/BC2026_Train_0022_S22_20211114_014500_54_59.ogg,2
BC2026_Train_0023_S22_20211121_230000.ogg,3,8,1491113;22967;22973;compau;undtin1,upsampled,data/train_soundscapes_upsampled/BC2026_Train_0023_S22_20211121_230000_3_8.ogg,0
BC2026_Train_0023_S22_20211121_230000.ogg,1,6,1491113;22967;22973;compau;undtin1,upsampled,data/train_soundscapes_upsampled/BC2026_Train_0023_S22_20211121_230000_1_6.ogg,0
BC2026_Train_0023_S22_20211121_230000.ogg,2,7,1491113;22967;22973;compau;undtin1,upsampled,data/train_soundscapes_upsampled/BC2026_Train_0023_S22_20211121_230000_2_7.ogg,0
BC2026_Train_0023_S22_20211121_230000.ogg,6,11,1491113;22967;22973;compau;undtin1,upsampled,data/train_soundscapes_upsampled/BC2026_Train_0023_S22_20211121_230000_6_11.ogg,0
BC2026_Train_0023_S22_20211121_230000.ogg,4,9,1491113;22967;22973;compau;undtin1,upsampled,data/train_soundscapes_upsampled/BC2026_Train_0023_S22_20211121_230000_4_9.ogg,0
BC2026_Train_0023_S22_20211121_230000.ogg,8,13,1491113;22967;22973;compau;undtin1,upsampled,data/train_soundscapes_upsampled/BC2026_Train_0023_S22_20211121_230000_8_13.ogg,0
BC2026_Train_0023_S22_20211121_230000.ogg,7,12,1491113;22967;22973;compau;undtin1,upsampled,data/train_soundscapes_upsampled/BC2026_Train_0023_S22_20211121_230000_7_12.ogg,0
BC2026_Train_0023_S22_20211121_230000.ogg,9,14,1491113;22967;22973;compau;undtin1,upsampled,data/train_soundscapes_upsampled/BC2026_Train_0023_S22_20211121_230000_9_14.ogg,0
BC2026_Train_0023_S22_20211121_230000.ogg,13,18,1491113;22967;22973;517063;compau;undtin1,upsampled,data/train_soundscapes_upsampled/BC2026_Train_0023_S22_20211121_230000_13_18.ogg,0
BC2026_Train_0023_S22_20211121_230000.ogg,11,16,1491113;22967;22973;517063;compau;undtin1,upsampled,data/train_soundscapes_upsampled/BC2026_Train_0023_S22_20211121_230000_11_16.ogg,0
BC2026_Train_0023_S22_20211121_230000.ogg,12,17,1491113;22967;22973;517063;compau;undtin1,upsampled,data/train_soundscapes_upsampled/BC2026_Train_0023_S22_20211121_230000_12_17.ogg,0
BC2026_Train_0023_S22_20211121_230000.ogg,17,22,1491113;22967;22973;517063;555146;compau;undtin1,upsampled,data/train_soundscapes_upsampled/BC2026_Train_0023_S22_20211121_230000_17_22.ogg,0
BC2026_Train_0023_S22_20211121_230000.ogg,14,19,1491113;22967;22973;517063;compau;undtin1,upsampled,data/train_soundscapes_upsampled/BC2026_Train_0023_S22_20211121_230000_14_19.ogg,0
BC2026_Train_0023_S22_20211121_230000.ogg,18,23,1491113;22967;22973;517063;555146;compau;undtin1,upsampled,data/train_soundscapes_upsampled/BC2026_Train_0023_S22_20211121_230000_18_23.ogg,0
BC2026_Train_0023_S22_20211121_230000.ogg,16,21,1491113;22967;22973;517063;555146;compau;undtin1,upsampled,data/train_soundscapes_upsampled/BC2026_Train_0023_S22_20211121_230000_16_21.ogg,0
BC2026_Train_0023_S22_20211121_230000.ogg,19,24,1491113;22967;22973;517063;555146;compau;undtin1,upsampled,data/train_soundscapes_upsampled/BC2026_Train_0023_S22_20211121_230000_19_24.ogg,0
BC2026_Train_0023_S22_20211121_230000.ogg,23,28,1491113;22967;22973;517063;555146;65380;compau;undtin1,upsampled,data/train_soundscapes_upsampled/BC2026_Train_0023_S22_20211121_230000_23_28.ogg,0
BC2026_Train_0023_S22_20211121_230000.ogg,21,26,1491113;22967;22973;517063;555146;65380;compau;undtin1,upsampled,data/train_soundscapes_upsampled/BC2026_Train_0023_S22_20211121_230000_21_26.ogg,0
BC2026_Train_0023_S22_20211121_230000.ogg,22,27,1491113;22967;22973;517063;555146;65380;compau;undtin1,upsampled,data/train_soundscapes_upsampled/BC2026_Train_0023_S22_20211121_230000_22_27.ogg,0
BC2026_Train_0023_S22_20211121_230000.ogg,26,31,1491113;22967;22973;517063;65380;compau,upsampled,data/train_soundscapes_upsampled/BC2026_Train_0023_S22_20211121_230000_26_31.ogg,0
BC2026_Train_0023_S22_20211121_230000.ogg,24,29,1491113;22967;22973;517063;555146;65380;compau;undtin1,upsampled,data/train_soundscapes_upsampled/BC2026_Train_0023_S22_20211121_230000_24_29.ogg,0
BC2026_Train_0023_S22_20211121_230000.ogg,28,33,1491113;22967;22973;517063;65380;compau,upsampled,data/train_soundscapes_upsampled/BC2026_Train_0023_S22_20211121_230000_28_33.ogg,0
BC2026_Train_0023_S22_20211121_230000.ogg,27,32,1491113;22967;22973;517063;65380;compau,upsampled,data/train_soundscapes_upsampled/BC2026_Train_0023_S22_20211121_230000_27_32.ogg,0
BC2026_Train_0023_S22_20211121_230000.ogg,29,34,1491113;22967;22973;517063;65380;compau,upsampled,data/train_soundscapes_upsampled/BC2026_Train_0023_S22_20211121_230000_29_34.ogg,0
BC2026_Train_0023_S22_20211121_230000.ogg,32,37,1491113;22967;22973;65380;compau,upsampled,data/train_soundscapes_upsampled/BC2026_Train_0023_S22_20211121_230000_32_37.ogg,0
BC2026_Train_0023_S22_20211121_230000.ogg,33,38,1491113;22967;22973;65380;compau,upsampled,data/train_soundscapes_upsampled/BC2026_Train_0023_S22_20211121_230000_33_38.ogg,0
BC2026_Train_0023_S22_20211121_230000.ogg,31,36,1491113;22967;22973;65380;compau,upsampled,data/train_soundscapes_upsampled/BC2026_Train_0023_S22_20211121_230000_31_36.ogg,0
BC2026_Train_0023_S22_20211121_230000.ogg,37,42,1491113;22967;22973;65380;compau;undtin1,upsampled,data/train_soundscapes_upsampled/BC2026_Train_0023_S22_20211121_230000_37_42.ogg,0
BC2026_Train_0023_S22_20211121_230000.ogg,36,41,1491113;22967;22973;65380;compau;undtin1,upsampled,data/train_soundscapes_upsampled/BC2026_Train_0023_S22_20211121_230000_36_41.ogg,0
BC2026_Train_0023_S22_20211121_230000.ogg,34,39,1491113;22967;22973;65380;compau,upsampled,data/train_soundscapes_upsampled/BC2026_Train_0023_S22_20211121_230000_34_39.ogg,0
BC2026_Train_0023_S22_20211121_230000.ogg,38,43,1491113;22967;22973;65380;compau;undtin1,upsampled,data/train_soundscapes_upsampled/BC2026_Train_0023_S22_20211121_230000_38_43.ogg,0
BC2026_Train_0023_S22_20211121_230000.ogg,42,47,1491113;22967;22973;65380;compau;undtin1,upsampled,data/train_soundscapes_upsampled/BC2026_Train_0023_S22_20211121_230000_42_47.ogg,0
BC2026_Train_0023_S22_20211121_230000.ogg,39,44,1491113;22967;22973;65380;compau;undtin1,upsampled,data/train_soundscapes_upsampled/BC2026_Train_0023_S22_20211121_230000_39_44.ogg,0
BC2026_Train_0023_S22_20211121_230000.ogg,41,46,1491113;22967;22973;65380;compau;undtin1,upsampled,data/train_soundscapes_upsampled/BC2026_Train_0023_S22_20211121_230000_41_46.ogg,0
BC2026_Train_0023_S22_20211121_230000.ogg,43,48,1491113;22967;22973;65380;compau;undtin1,upsampled,data/train_soundscapes_upsampled/BC2026_Train_0023_S22_20211121_230000_43_48.ogg,0
BC2026_Train_0023_S22_20211121_230000.ogg,48,53,1491113;22967;22973;65380;compau,upsampled,data/train_soundscapes_upsampled/BC2026_Train_0023_S22_20211121_230000_48_53.ogg,0
BC2026_Train_0023_S22_20211121_230000.ogg,46,51,1491113;22967;22973;65380;compau,upsampled,data/train_soundscapes_upsampled/BC2026_Train_0023_S22_20211121_230000_46_51.ogg,0
BC2026_Train_0023_S22_20211121_230000.ogg,44,49,1491113;22967;22973;65380;compau;undtin1,upsampled,data/train_soundscapes_upsampled/BC2026_Train_0023_S22_20211121_230000_44_49.ogg,0
BC2026_Train_0023_S22_20211121_230000.ogg,47,52,1491113;22967;22973;65380;compau,upsampled,data/train_soundscapes_upsampled/BC2026_Train_0023_S22_20211121_230000_47_52.ogg,0
BC2026_Train_0023_S22_20211121_230000.ogg,52,57,1491113;22967;22973;65380;compau,upsampled,data/train_soundscapes_upsampled/BC2026_Train_0023_S22_20211121_230000_52_57.ogg,0
BC2026_Train_0023_S22_20211121_230000.ogg,53,58,1491113;22967;22973;65380;compau,upsampled,data/train_soundscapes_upsampled/BC2026_Train_0023_S22_20211121_230000_53_58.ogg,0
BC2026_Train_0023_S22_20211121_230000.ogg,49,54,1491113;22967;22973;65380;compau,upsampled,data/train_soundscapes_upsampled/BC2026_Train_0023_S22_20211121_230000_49_54.ogg,0
BC2026_Train_0023_S22_20211121_230000.ogg,51,56,1491113;22967;22973;65380;compau,upsampled,data/train_soundscapes_upsampled/BC2026_Train_0023_S22_20211121_230000_51_56.ogg,0
BC2026_Train_0023_S22_20211121_230000.ogg,54,59,1491113;22967;22973;65380;compau,upsampled,data/train_soundscapes_upsampled/BC2026_Train_0023_S22_20211121_230000_54_59.ogg,0
BC2026_Train_0024_S22_20211123_004500.ogg,3,8,22967;47144;undtin1,upsampled,data/train_soundscapes_upsampled/BC2026_Train_0024_S22_20211123_004500_3_8.ogg,1
BC2026_Train_0024_S22_20211123_004500.ogg,2,7,22967;47144;undtin1,upsampled,data/train_soundscapes_upsampled/BC2026_Train_0024_S22_20211123_004500_2_7.ogg,1
BC2026_Train_0024_S22_20211123_004500.ogg,1,6,22967;47144;undtin1,upsampled,data/train_soundscapes_upsampled/BC2026_Train_0024_S22_20211123_004500_1_6.ogg,1
BC2026_Train_0024_S22_20211123_004500.ogg,8,13,22967;47144;compau;undtin1,upsampled,data/train_soundscapes_upsampled/BC2026_Train_0024_S22_20211123_004500_8_13.ogg,1
BC2026_Train_0024_S22_20211123_004500.ogg,6,11,22967;47144;compau;undtin1,upsampled,data/train_soundscapes_upsampled/BC2026_Train_0024_S22_20211123_004500_6_11.ogg,1
BC2026_Train_0024_S22_20211123_004500.ogg,4,9,22967;47144;undtin1,upsampled,data/train_soundscapes_upsampled/BC2026_Train_0024_S22_20211123_004500_4_9.ogg,1
BC2026_Train_0024_S22_20211123_004500.ogg,7,12,22967;47144;compau;undtin1,upsampled,data/train_soundscapes_upsampled/BC2026_Train_0024_S22_20211123_004500_7_12.ogg,1
BC2026_Train_0024_S22_20211123_004500.ogg,9,14,22967;47144;compau;undtin1,upsampled,data/train_soundscapes_upsampled/BC2026_Train_0024_S22_20211123_004500_9_14.ogg,1
BC2026_Train_0024_S22_20211123_004500.ogg,11,16,22967;47144;compau;undtin1,upsampled,data/train_soundscapes_upsampled/BC2026_Train_0024_S22_20211123_004500_11_16.ogg,1
BC2026_Train_0024_S22_20211123_004500.ogg,12,17,22967;47144;compau;undtin1,upsampled,data/train_soundscapes_upsampled/BC2026_Train_0024_S22_20211123_004500_12_17.ogg,1
BC2026_Train_0024_S22_20211123_004500.ogg,13,18,22967;47144;compau;undtin1,upsampled,data/train_soundscapes_upsampled/BC2026_Train_0024_S22_20211123_004500_13_18.ogg,1
BC2026_Train_0024_S22_20211123_004500.ogg,14,19,22967;47144;compau;undtin1,upsampled,data/train_soundscapes_upsampled/BC2026_Train_0024_S22_20211123_004500_14_19.ogg,1
BC2026_Train_0024_S22_20211123_004500.ogg,18,23,22967;compau;undtin1,upsampled,data/train_soundscapes_upsampled/BC2026_Train_0024_S22_20211123_004500_18_23.ogg,1
BC2026_Train_0024_S22_20211123_004500.ogg,16,21,22967;compau;undtin1,upsampled,data/train_soundscapes_upsampled/BC2026_Train_0024_S22_20211123_004500_16_21.ogg,1
BC2026_Train_0024_S22_20211123_004500.ogg,17,22,22967;compau;undtin1,upsampled,data/train_soundscapes_upsampled/BC2026_Train_0024_S22_20211123_004500_17_22.ogg,1
BC2026_Train_0024_S22_20211123_004500.ogg,21,26,22967;47144;compau;compot1;undtin1,upsampled,data/train_soundscapes_upsampled/BC2026_Train_0024_S22_20211123_004500_21_26.ogg,1
BC2026_Train_0024_S22_20211123_004500.ogg,19,24,22967;compau;undtin1,upsampled,data/train_soundscapes_upsampled/BC2026_Train_0024_S22_20211123_004500_19_24.ogg,1
BC2026_Train_0024_S22_20211123_004500.ogg,23,28,22967;47144;compau;compot1;undtin1,upsampled,data/train_soundscapes_upsampled/BC2026_Train_0024_S22_20211123_004500_23_28.ogg,1
BC2026_Train_0024_S22_20211123_004500.ogg,22,27,22967;47144;compau;compot1;undtin1,upsampled,data/train_soundscapes_upsampled/BC2026_Train_0024_S22_20211123_004500_22_27.ogg,1
BC2026_Train_0024_S22_20211123_004500.ogg,28,33,22967;24279;47144;compau;compot1;undtin1,upsampled,data/train_soundscapes_upsampled/BC2026_Train_0024_S22_20211123_004500_28_33.ogg,1
BC2026_Train_0024_S22_20211123_004500.ogg,26,31,22967;24279;47144;compau;compot1;undtin1,upsampled,data/train_soundscapes_upsampled/BC2026_Train_0024_S22_20211123_004500_26_31.ogg,1
BC2026_Train_0024_S22_20211123_004500.ogg,27,32,22967;24279;47144;compau;compot1;undtin1,upsampled,data/train_soundscapes_upsampled/BC2026_Train_0024_S22_20211123_004500_27_32.ogg,1
BC2026_Train_0024_S22_20211123_004500.ogg,24,29,22967;47144;compau;compot1;undtin1,upsampled,data/train_soundscapes_upsampled/BC2026_Train_0024_S22_20211123_004500_24_29.ogg,1
BC2026_Train_0024_S22_20211123_004500.ogg,32,37,1491113;22967;24279;47144;compau;compot1,upsampled,data/train_soundscapes_upsampled/BC2026_Train_0024_S22_20211123_004500_32_37.ogg,1
BC2026_Train_0024_S22_20211123_004500.ogg,33,38,1491113;22967;24279;47144;compau;compot1,upsampled,data/train_soundscapes_upsampled/BC2026_Train_0024_S22_20211123_004500_33_38.ogg,1
BC2026_Train_0024_S22_20211123_004500.ogg,29,34,22967;24279;47144;compau;compot1;undtin1,upsampled,data/train_soundscapes_upsampled/BC2026_Train_0024_S22_20211123_004500_29_34.ogg,1
BC2026_Train_0024_S22_20211123_004500.ogg,31,36,1491113;22967;24279;47144;compau;compot1,upsampled,data/train_soundscapes_upsampled/BC2026_Train_0024_S22_20211123_004500_31_36.ogg,1
BC2026_Train_0024_S22_20211123_004500.ogg,34,39,1491113;22967;24279;47144;compau;compot1,upsampled,data/train_soundscapes_upsampled/BC2026_Train_0024_S22_20211123_004500_34_39.ogg,1
BC2026_Train_0024_S22_20211123_004500.ogg,38,43,1491113;22967;24279;47144;compau;undtin1,upsampled,data/train_soundscapes_upsampled/BC2026_Train_0024_S22_20211123_004500_38_43.ogg,1
BC2026_Train_0024_S22_20211123_004500.ogg,37,42,1491113;22967;24279;47144;compau;undtin1,upsampled,data/train_soundscapes_upsampled/BC2026_Train_0024_S22_20211123_004500_37_42.ogg,1
BC2026_Train_0024_S22_20211123_004500.ogg,36,41,1491113;22967;24279;47144;compau;undtin1,upsampled,data/train_soundscapes_upsampled/BC2026_Train_0024_S22_20211123_004500_36_41.ogg,1
BC2026_Train_0024_S22_20211123_004500.ogg,43,48,1491113;22967;24279;47144;517063;compau;undtin1,upsampled,data/train_soundscapes_upsampled/BC2026_Train_0024_S22_20211123_004500_43_48.ogg,1
BC2026_Train_0024_S22_20211123_004500.ogg,39,44,1491113;22967;24279;47144;compau;undtin1,upsampled,data/train_soundscapes_upsampled/BC2026_Train_0024_S22_20211123_004500_39_44.ogg,1
BC2026_Train_0024_S22_20211123_004500.ogg,41,46,1491113;22967;24279;47144;517063;compau;undtin1,upsampled,data/train_soundscapes_upsampled/BC2026_Train_0024_S22_20211123_004500_41_46.ogg,1
BC2026_Train_0024_S22_20211123_004500.ogg,42,47,1491113;22967;24279;47144;517063;compau;undtin1,upsampled,data/train_soundscapes_upsampled/BC2026_Train_0024_S22_20211123_004500_42_47.ogg,1
BC2026_Train_0024_S22_20211123_004500.ogg,44,49,1491113;22967;24279;47144;517063;compau;undtin1,upsampled,data/train_soundscapes_upsampled/BC2026_Train_0024_S22_20211123_004500_44_49.ogg,1
BC2026_Train_0024_S22_20211123_004500.ogg,47,52,1491113;22967;24279;47144;517063;compau,upsampled,data/train_soundscapes_upsampled/BC2026_Train_0024_S22_20211123_004500_47_52.ogg,1
BC2026_Train_0024_S22_20211123_004500.ogg,48,53,1491113;22967;24279;47144;517063;compau,upsampled,data/train_soundscapes_upsampled/BC2026_Train_0024_S22_20211123_004500_48_53.ogg,1
BC2026_Train_0024_S22_20211123_004500.ogg,49,54,1491113;22967;24279;47144;517063;compau,upsampled,data/train_soundscapes_upsampled/BC2026_Train_0024_S22_20211123_004500_49_54.ogg,1
BC2026_Train_0024_S22_20211123_004500.ogg,51,56,1491113;22967;47144;517063;compau;compot1,upsampled,data/train_soundscapes_upsampled/BC2026_Train_0024_S22_20211123_004500_51_56.ogg,1
BC2026_Train_0024_S22_20211123_004500.ogg,53,58,1491113;22967;47144;517063;compau;compot1,upsampled,data/train_soundscapes_upsampled/BC2026_Train_0024_S22_20211123_004500_53_58.ogg,1
BC2026_Train_0024_S22_20211123_004500.ogg,52,57,1491113;22967;47144;517063;compau;compot1,upsampled,data/train_soundscapes_upsampled/BC2026_Train_0024_S22_20211123_004500_52_57.ogg,1
BC2026_Train_0024_S22_20211123_004500.ogg,54,59,1491113;22967;47144;517063;compau;compot1,upsampled,data/train_soundscapes_upsampled/BC2026_Train_0024_S22_20211123_004500_54_59.ogg,1
BC2026_Train_0025_S22_20211127_024500.ogg,1,6,22967;22973;517063;65380;redjun,upsampled,data/train_soundscapes_upsampled/BC2026_Train_0025_S22_20211127_024500_1_6.ogg,0
BC2026_Train_0025_S22_20211127_024500.ogg,2,7,22967;22973;517063;65380;redjun,upsampled,data/train_soundscapes_upsampled/BC2026_Train_0025_S22_20211127_024500_2_7.ogg,0
BC2026_Train_0025_S22_20211127_024500.ogg,3,8,22967;22973;517063;65380;redjun,upsampled,data/train_soundscapes_upsampled/BC2026_Train_0025_S22_20211127_024500_3_8.ogg,0
BC2026_Train_0025_S22_20211127_024500.ogg,6,11,22967;517063;65380;redjun,upsampled,data/train_soundscapes_upsampled/BC2026_Train_0025_S22_20211127_024500_6_11.ogg,0
BC2026_Train_0025_S22_20211127_024500.ogg,13,18,22967;22973;517063;65380;redjun;undtin1,upsampled,data/train_soundscapes_upsampled/BC2026_Train_0025_S22_20211127_024500_13_18.ogg,0
BC2026_Train_0025_S22_20211127_024500.ogg,7,12,22967;517063;65380;redjun,upsampled,data/train_soundscapes_upsampled/BC2026_Train_0025_S22_20211127_024500_7_12.ogg,0
BC2026_Train_0025_S22_20211127_024500.ogg,11,16,22967;22973;517063;65380;redjun;undtin1,upsampled,data/train_soundscapes_upsampled/BC2026_Train_0025_S22_20211127_024500_11_16.ogg,0
BC2026_Train_0025_S22_20211127_024500.ogg,9,14,22967;517063;65380;redjun,upsampled,data/train_soundscapes_upsampled/BC2026_Train_0025_S22_20211127_024500_9_14.ogg,0
BC2026_Train_0025_S22_20211127_024500.ogg,12,17,22967;22973;517063;65380;redjun;undtin1,upsampled,data/train_soundscapes_upsampled/BC2026_Train_0025_S22_20211127_024500_12_17.ogg,0
BC2026_Train_0025_S22_20211127_024500.ogg,14,19,22967;22973;517063;65380;redjun;undtin1,upsampled,data/train_soundscapes_upsampled/BC2026_Train_0025_S22_20211127_024500_14_19.ogg,0
BC2026_Train_0025_S22_20211127_024500.ogg,18,23,22967;22973;517063;65380;redjun;undtin1,upsampled,data/train_soundscapes_upsampled/BC2026_Train_0025_S22_20211127_024500_18_23.ogg,0
BC2026_Train_0025_S22_20211127_024500.ogg,17,22,22967;22973;517063;65380;redjun;undtin1,upsampled,data/train_soundscapes_upsampled/BC2026_Train_0025_S22_20211127_024500_17_22.ogg,0
BC2026_Train_0025_S22_20211127_024500.ogg,22,27,22967;517063;65380;redjun;undtin1,upsampled,data/train_soundscapes_upsampled/BC2026_Train_0025_S22_20211127_024500_22_27.ogg,0
BC2026_Train_0025_S22_20211127_024500.ogg,23,28,22967;517063;65380;redjun;undtin1,upsampled,data/train_soundscapes_upsampled/BC2026_Train_0025_S22_20211127_024500_23_28.ogg,0
BC2026_Train_0025_S22_20211127_024500.ogg,19,24,22967;22973;517063;65380;redjun;undtin1,upsampled,data/train_soundscapes_upsampled/BC2026_Train_0025_S22_20211127_024500_19_24.ogg,0
BC2026_Train_0025_S22_20211127_024500.ogg,21,26,22967;517063;65380;redjun;undtin1,upsampled,data/train_soundscapes_upsampled/BC2026_Train_0025_S22_20211127_024500_21_26.ogg,0
BC2026_Train_0025_S22_20211127_024500.ogg,27,32,22967;22973;517063;65380,upsampled,data/train_soundscapes_upsampled/BC2026_Train_0025_S22_20211127_024500_27_32.ogg,0
BC2026_Train_0025_S22_20211127_024500.ogg,31,36,22967;22973;517063;65380;undtin1,upsampled,data/train_soundscapes_upsampled/BC2026_Train_0025_S22_20211127_024500_31_36.ogg,0
BC2026_Train_0025_S22_20211127_024500.ogg,36,41,22967;22973;517063;65380;redjun;undtin1,upsampled,data/train_soundscapes_upsampled/BC2026_Train_0025_S22_20211127_024500_36_41.ogg,0
BC2026_Train_0025_S22_20211127_024500.ogg,38,43,22967;22973;517063;65380;redjun;undtin1,upsampled,data/train_soundscapes_upsampled/BC2026_Train_0025_S22_20211127_024500_38_43.ogg,0
BC2026_Train_0025_S22_20211127_024500.ogg,32,37,22967;22973;517063;65380;undtin1,upsampled,data/train_soundscapes_upsampled/BC2026_Train_0025_S22_20211127_024500_32_37.ogg,0
BC2026_Train_0025_S22_20211127_024500.ogg,33,38,22967;22973;517063;65380;undtin1,upsampled,data/train_soundscapes_upsampled/BC2026_Train_0025_S22_20211127_024500_33_38.ogg,0
BC2026_Train_0025_S22_20211127_024500.ogg,43,48,22967;22973;517063;65380;redjun,upsampled,data/train_soundscapes_upsampled/BC2026_Train_0025_S22_20211127_024500_43_48.ogg,0
BC2026_Train_0025_S22_20211127_024500.ogg,39,44,22967;22973;517063;65380;redjun;undtin1,upsampled,data/train_soundscapes_upsampled/BC2026_Train_0025_S22_20211127_024500_39_44.ogg,0
BC2026_Train_0025_S22_20211127_024500.ogg,42,47,22967;22973;517063;65380;redjun,upsampled,data/train_soundscapes_upsampled/BC2026_Train_0025_S22_20211127_024500_42_47.ogg,0
BC2026_Train_0025_S22_20211127_024500.ogg,37,42,22967;22973;517063;65380;redjun;undtin1,upsampled,data/train_soundscapes_upsampled/BC2026_Train_0025_S22_20211127_024500_37_42.ogg,0
BC2026_Train_0025_S22_20211127_024500.ogg,48,53,22967;22973;517063;65380;redjun;undtin1,upsampled,data/train_soundscapes_upsampled/BC2026_Train_0025_S22_20211127_024500_48_53.ogg,0
BC2026_Train_0025_S22_20211127_024500.ogg,52,57,22967;22973;517063;65380;redjun;undtin1,upsampled,data/train_soundscapes_upsampled/BC2026_Train_0025_S22_20211127_024500_52_57.ogg,0
BC2026_Train_0025_S22_20211127_024500.ogg,47,52,22967;22973;517063;65380;redjun;undtin1,upsampled,data/train_soundscapes_upsampled/BC2026_Train_0025_S22_20211127_024500_47_52.ogg,0
BC2026_Train_0025_S22_20211127_024500.ogg,49,54,22967;22973;517063;65380;redjun;undtin1,upsampled,data/train_soundscapes_upsampled/BC2026_Train_0025_S22_20211127_024500_49_54.ogg,0
BC2026_Train_0025_S22_20211127_024500.ogg,53,58,22967;22973;517063;65380;redjun;undtin1,upsampled,data/train_soundscapes_upsampled/BC2026_Train_0025_S22_20211127_024500_53_58.ogg,0
BC2026_Train_0025_S22_20211127_024500.ogg,54,59,22967;22973;517063;65380;redjun;undtin1,upsampled,data/train_soundscapes_upsampled/BC2026_Train_0025_S22_20211127_024500_54_59.ogg,0
BC2026_Train_0026_S22_20211128_004500.ogg,17,22,517063;compau,upsampled,data/train_soundscapes_upsampled/BC2026_Train_0026_S22_20211128_004500_17_22.ogg,2
BC2026_Train_0026_S22_20211128_004500.ogg,14,19,compau,upsampled,data/train_soundscapes_upsampled/BC2026_Train_0026_S22_20211128_004500_14_19.ogg,2
BC2026_Train_0026_S22_20211128_004500.ogg,18,23,517063;compau,upsampled,data/train_soundscapes_upsampled/BC2026_Train_0026_S22_20211128_004500_18_23.ogg,2
BC2026_Train_0026_S22_20211128_004500.ogg,12,17,compau,upsampled,data/train_soundscapes_upsampled/BC2026_Train_0026_S22_20211128_004500_12_17.ogg,2
BC2026_Train_0027_S22_20211129_014500.ogg,3,8,1491113;22967;22973;24279;517063;65380;trsowl,upsampled,data/train_soundscapes_upsampled/BC2026_Train_0027_S22_20211129_014500_3_8.ogg,0
BC2026_Train_0027_S22_20211129_014500.ogg,1,6,1491113;22967;22973;24279;517063;65380;trsowl,upsampled,data/train_soundscapes_upsampled/BC2026_Train_0027_S22_20211129_014500_1_6.ogg,0
BC2026_Train_0027_S22_20211129_014500.ogg,2,7,1491113;22967;22973;24279;517063;65380;trsowl,upsampled,data/train_soundscapes_upsampled/BC2026_Train_0027_S22_20211129_014500_2_7.ogg,0
BC2026_Train_0027_S22_20211129_014500.ogg,4,9,1491113;22967;22973;24279;517063;65380;trsowl,upsampled,data/train_soundscapes_upsampled/BC2026_Train_0027_S22_20211129_014500_4_9.ogg,0
BC2026_Train_0027_S22_20211129_014500.ogg,6,11,1491113;22967;22973;24279;517063;65380;67252;trsowl,upsampled,data/train_soundscapes_upsampled/BC2026_Train_0027_S22_20211129_014500_6_11.ogg,0
BC2026_Train_0027_S22_20211129_014500.ogg,8,13,1491113;22967;22973;24279;517063;65380;67252;trsowl,upsampled,data/train_soundscapes_upsampled/BC2026_Train_0027_S22_20211129_014500_8_13.ogg,0
BC2026_Train_0027_S22_20211129_014500.ogg,7,12,1491113;22967;22973;24279;517063;65380;67252;trsowl,upsampled,data/train_soundscapes_upsampled/BC2026_Train_0027_S22_20211129_014500_7_12.ogg,0
BC2026_Train_0027_S22_20211129_014500.ogg,9,14,1491113;22967;22973;24279;517063;65380;67252;trsowl,upsampled,data/train_soundscapes_upsampled/BC2026_Train_0027_S22_20211129_014500_9_14.ogg,0
BC2026_Train_0027_S22_20211129_014500.ogg,11,16,1491113;22967;22973;24279;517063;65380;67252;trsowl,upsampled,data/train_soundscapes_upsampled/BC2026_Train_0027_S22_20211129_014500_11_16.ogg,0
BC2026_Train_0027_S22_20211129_014500.ogg,12,17,1491113;22967;22973;24279;517063;65380;67252;trsowl,upsampled,data/train_soundscapes_upsampled/BC2026_Train_0027_S22_20211129_014500_12_17.ogg,0
BC2026_Train_0027_S22_20211129_014500.ogg,13,18,1491113;22967;22973;24279;517063;65380;67252;trsowl,upsampled,data/train_soundscapes_upsampled/BC2026_Train_0027_S22_20211129_014500_13_18.ogg,0
BC2026_Train_0027_S22_20211129_014500.ogg,14,19,1491113;22967;22973;24279;517063;65380;67252;trsowl,upsampled,data/train_soundscapes_upsampled/BC2026_Train_0027_S22_20211129_014500_14_19.ogg,0
BC2026_Train_0027_S22_20211129_014500.ogg,17,22,1491113;22967;22973;24279;517063;65380;67252;trsowl,upsampled,data/train_soundscapes_upsampled/BC2026_Train_0027_S22_20211129_014500_17_22.ogg,0
BC2026_Train_0027_S22_20211129_014500.ogg,16,21,1491113;22967;22973;24279;517063;65380;67252;trsowl,upsampled,data/train_soundscapes_upsampled/BC2026_Train_0027_S22_20211129_014500_16_21.ogg,0
BC2026_Train_0027_S22_20211129_014500.ogg,18,23,1491113;22967;22973;24279;517063;65380;67252;trsowl,upsampled,data/train_soundscapes_upsampled/BC2026_Train_0027_S22_20211129_014500_18_23.ogg,0
BC2026_Train_0027_S22_20211129_014500.ogg,22,27,1491113;22967;22973;517063;65380;trsowl,upsampled,data/train_soundscapes_upsampled/BC2026_Train_0027_S22_20211129_014500_22_27.ogg,0
BC2026_Train_0027_S22_20211129_014500.ogg,19,24,1491113;22967;22973;24279;517063;65380;67252;trsowl,upsampled,data/train_soundscapes_upsampled/BC2026_Train_0027_S22_20211129_014500_19_24.ogg,0
BC2026_Train_0027_S22_20211129_014500.ogg,21,26,1491113;22967;22973;517063;65380;trsowl,upsampled,data/train_soundscapes_upsampled/BC2026_Train_0027_S22_20211129_014500_21_26.ogg,0
BC2026_Train_0027_S22_20211129_014500.ogg,23,28,1491113;22967;22973;517063;65380;trsowl,upsampled,data/train_soundscapes_upsampled/BC2026_Train_0027_S22_20211129_014500_23_28.ogg,0
BC2026_Train_0027_S22_20211129_014500.ogg,26,31,1491113;22967;22973;517063;65380;trsowl,upsampled,data/train_soundscapes_upsampled/BC2026_Train_0027_S22_20211129_014500_26_31.ogg,0
BC2026_Train_0027_S22_20211129_014500.ogg,28,33,1491113;22967;22973;517063;65380;trsowl,upsampled,data/train_soundscapes_upsampled/BC2026_Train_0027_S22_20211129_014500_28_33.ogg,0
BC2026_Train_0027_S22_20211129_014500.ogg,24,29,1491113;22967;22973;517063;65380;trsowl,upsampled,data/train_soundscapes_upsampled/BC2026_Train_0027_S22_20211129_014500_24_29.ogg,0
BC2026_Train_0027_S22_20211129_014500.ogg,27,32,1491113;22967;22973;517063;65380;trsowl,upsampled,data/train_soundscapes_upsampled/BC2026_Train_0027_S22_20211129_014500_27_32.ogg,0
BC2026_Train_0027_S22_20211129_014500.ogg,33,38,1491113;22967;22973;517063;65380;trsowl,upsampled,data/train_soundscapes_upsampled/BC2026_Train_0027_S22_20211129_014500_33_38.ogg,0
BC2026_Train_0027_S22_20211129_014500.ogg,29,34,1491113;22967;22973;517063;65380;trsowl,upsampled,data/train_soundscapes_upsampled/BC2026_Train_0027_S22_20211129_014500_29_34.ogg,0
BC2026_Train_0027_S22_20211129_014500.ogg,37,42,1491113;22967;22973;517063;65380;trsowl,upsampled,data/train_soundscapes_upsampled/BC2026_Train_0027_S22_20211129_014500_37_42.ogg,0
BC2026_Train_0027_S22_20211129_014500.ogg,32,37,1491113;22967;22973;517063;65380;trsowl,upsampled,data/train_soundscapes_upsampled/BC2026_Train_0027_S22_20211129_014500_32_37.ogg,0
BC2026_Train_0027_S22_20211129_014500.ogg,38,43,1491113;22967;22973;517063;65380;trsowl,upsampled,data/train_soundscapes_upsampled/BC2026_Train_0027_S22_20211129_014500_38_43.ogg,0
BC2026_Train_0027_S22_20211129_014500.ogg,34,39,1491113;22967;22973;517063;65380;trsowl,upsampled,data/train_soundscapes_upsampled/BC2026_Train_0027_S22_20211129_014500_34_39.ogg,0
BC2026_Train_0027_S22_20211129_014500.ogg,41,46,1491113;22967;22973;517063;65380;trsowl,upsampled,data/train_soundscapes_upsampled/BC2026_Train_0027_S22_20211129_014500_41_46.ogg,0
BC2026_Train_0027_S22_20211129_014500.ogg,42,47,1491113;22967;22973;517063;65380;trsowl,upsampled,data/train_soundscapes_upsampled/BC2026_Train_0027_S22_20211129_014500_42_47.ogg,0
BC2026_Train_0027_S22_20211129_014500.ogg,43,48,1491113;22967;22973;517063;65380;trsowl,upsampled,data/train_soundscapes_upsampled/BC2026_Train_0027_S22_20211129_014500_43_48.ogg,0
BC2026_Train_0027_S22_20211129_014500.ogg,39,44,1491113;22967;22973;517063;65380;trsowl,upsampled,data/train_soundscapes_upsampled/BC2026_Train_0027_S22_20211129_014500_39_44.ogg,0
BC2026_Train_0027_S22_20211129_014500.ogg,47,52,1491113;22967;22973;517063;65380;trsowl,upsampled,data/train_soundscapes_upsampled/BC2026_Train_0027_S22_20211129_014500_47_52.ogg,0
BC2026_Train_0027_S22_20211129_014500.ogg,44,49,1491113;22967;22973;517063;65380;trsowl,upsampled,data/train_soundscapes_upsampled/BC2026_Train_0027_S22_20211129_014500_44_49.ogg,0
BC2026_Train_0027_S22_20211129_014500.ogg,48,53,1491113;22967;22973;517063;65380;trsowl,upsampled,data/train_soundscapes_upsampled/BC2026_Train_0027_S22_20211129_014500_48_53.ogg,0
BC2026_Train_0027_S22_20211129_014500.ogg,46,51,1491113;22967;22973;517063;65380;trsowl,upsampled,data/train_soundscapes_upsampled/BC2026_Train_0027_S22_20211129_014500_46_51.ogg,0
BC2026_Train_0027_S22_20211129_014500.ogg,53,58,1491113;22967;22973;517063;65380;trsowl,upsampled,data/train_soundscapes_upsampled/BC2026_Train_0027_S22_20211129_014500_53_58.ogg,0
BC2026_Train_0027_S22_20211129_014500.ogg,52,57,1491113;22967;22973;517063;65380;trsowl,upsampled,data/train_soundscapes_upsampled/BC2026_Train_0027_S22_20211129_014500_52_57.ogg,0
BC2026_Train_0027_S22_20211129_014500.ogg,54,59,1491113;22967;22973;517063;65380;trsowl,upsampled,data/train_soundscapes_upsampled/BC2026_Train_0027_S22_20211129_014500_54_59.ogg,0
BC2026_Train_0028_S22_20211129_190000.ogg,3,8,1491113;22967;22973;23158,upsampled,data/train_soundscapes_upsampled/BC2026_Train_0028_S22_20211129_190000_3_8.ogg,2
BC2026_Train_0028_S22_20211129_190000.ogg,2,7,1491113;22967;22973;23158,upsampled,data/train_soundscapes_upsampled/BC2026_Train_0028_S22_20211129_190000_2_7.ogg,2
BC2026_Train_0028_S22_20211129_190000.ogg,6,11,1491113;22967;22973;23158,upsampled,data/train_soundscapes_upsampled/BC2026_Train_0028_S22_20211129_190000_6_11.ogg,2
BC2026_Train_0028_S22_20211129_190000.ogg,7,12,1491113;22967;22973;23158,upsampled,data/train_soundscapes_upsampled/BC2026_Train_0028_S22_20211129_190000_7_12.ogg,2
BC2026_Train_0028_S22_20211129_190000.ogg,12,17,1491113;22967;22973;23158,upsampled,data/train_soundscapes_upsampled/BC2026_Train_0028_S22_20211129_190000_12_17.ogg,2
BC2026_Train_0028_S22_20211129_190000.ogg,8,13,1491113;22967;22973;23158,upsampled,data/train_soundscapes_upsampled/BC2026_Train_0028_S22_20211129_190000_8_13.ogg,2
BC2026_Train_0028_S22_20211129_190000.ogg,16,21,1491113;22967;22973;23158,upsampled,data/train_soundscapes_upsampled/BC2026_Train_0028_S22_20211129_190000_16_21.ogg,2
BC2026_Train_0028_S22_20211129_190000.ogg,18,23,1491113;22967;22973;23158,upsampled,data/train_soundscapes_upsampled/BC2026_Train_0028_S22_20211129_190000_18_23.ogg,2
BC2026_Train_0028_S22_20211129_190000.ogg,22,27,1491113;22967;22973;23158,upsampled,data/train_soundscapes_upsampled/BC2026_Train_0028_S22_20211129_190000_22_27.ogg,2
BC2026_Train_0028_S22_20211129_190000.ogg,21,26,1491113;22967;22973;23158,upsampled,data/train_soundscapes_upsampled/BC2026_Train_0028_S22_20211129_190000_21_26.ogg,2
BC2026_Train_0028_S22_20211129_190000.ogg,24,29,1491113;22967;22973;23158,upsampled,data/train_soundscapes_upsampled/BC2026_Train_0028_S22_20211129_190000_24_29.ogg,2
BC2026_Train_0028_S22_20211129_190000.ogg,23,28,1491113;22967;22973;23158,upsampled,data/train_soundscapes_upsampled/BC2026_Train_0028_S22_20211129_190000_23_28.ogg,2
BC2026_Train_0028_S22_20211129_190000.ogg,27,32,1491113;22967;22973;23158,upsampled,data/train_soundscapes_upsampled/BC2026_Train_0028_S22_20211129_190000_27_32.ogg,2
BC2026_Train_0028_S22_20211129_190000.ogg,31,36,1491113;22967;22973;23158,upsampled,data/train_soundscapes_upsampled/BC2026_Train_0028_S22_20211129_190000_31_36.ogg,2
BC2026_Train_0028_S22_20211129_190000.ogg,37,42,1491113;22967;22973;23158,upsampled,data/train_soundscapes_upsampled/BC2026_Train_0028_S22_20211129_190000_37_42.ogg,2
BC2026_Train_0028_S22_20211129_190000.ogg,32,37,1491113;22967;22973;23158,upsampled,data/train_soundscapes_upsampled/BC2026_Train_0028_S22_20211129_190000_32_37.ogg,2
BC2026_Train_0028_S22_20211129_190000.ogg,39,44,1491113;22967;22973;23158,upsampled,data/train_soundscapes_upsampled/BC2026_Train_0028_S22_20211129_190000_39_44.ogg,2
BC2026_Train_0028_S22_20211129_190000.ogg,38,43,1491113;22967;22973;23158,upsampled,data/train_soundscapes_upsampled/BC2026_Train_0028_S22_20211129_190000_38_43.ogg,2
BC2026_Train_0028_S22_20211129_190000.ogg,44,49,1491113;22967;22973;23158,upsampled,data/train_soundscapes_upsampled/BC2026_Train_0028_S22_20211129_190000_44_49.ogg,2
BC2026_Train_0028_S22_20211129_190000.ogg,48,53,1491113;22967;22973;23158,upsampled,data/train_soundscapes_upsampled/BC2026_Train_0028_S22_20211129_190000_48_53.ogg,2
BC2026_Train_0028_S22_20211129_190000.ogg,49,54,1491113;22967;22973;23158,upsampled,data/train_soundscapes_upsampled/BC2026_Train_0028_S22_20211129_190000_49_54.ogg,2
BC2026_Train_0028_S22_20211129_190000.ogg,52,57,1491113;22967;22973;23158,upsampled,data/train_soundscapes_upsampled/BC2026_Train_0028_S22_20211129_190000_52_57.ogg,2
BC2026_Train_0028_S22_20211129_190000.ogg,53,58,1491113;22967;22973;23158,upsampled,data/train_soundscapes_upsampled/BC2026_Train_0028_S22_20211129_190000_53_58.ogg,2
BC2026_Train_0028_S22_20211129_190000.ogg,54,59,1491113;22967;22973;23158,upsampled,data/train_soundscapes_upsampled/BC2026_Train_0028_S22_20211129_190000_54_59.ogg,2
BC2026_Train_0029_S22_20211211_023000.ogg,3,8,517063;litnig1;trsowl;undtin1,upsampled,data/train_soundscapes_upsampled/BC2026_Train_0029_S22_20211211_023000_3_8.ogg,0
BC2026_Train_0029_S22_20211211_023000.ogg,1,6,517063;litnig1;trsowl;undtin1,upsampled,data/train_soundscapes_upsampled/BC2026_Train_0029_S22_20211211_023000_1_6.ogg,0
BC2026_Train_0029_S22_20211211_023000.ogg,2,7,517063;litnig1;trsowl;undtin1,upsampled,data/train_soundscapes_upsampled/BC2026_Train_0029_S22_20211211_023000_2_7.ogg,0
BC2026_Train_0029_S22_20211211_023000.ogg,6,11,517063;litnig1;trsowl;undtin1,upsampled,data/train_soundscapes_upsampled/BC2026_Train_0029_S22_20211211_023000_6_11.ogg,0
BC2026_Train_0029_S22_20211211_023000.ogg,4,9,517063;litnig1;trsowl;undtin1,upsampled,data/train_soundscapes_upsampled/BC2026_Train_0029_S22_20211211_023000_4_9.ogg,0
BC2026_Train_0029_S22_20211211_023000.ogg,7,12,517063;litnig1;trsowl;undtin1,upsampled,data/train_soundscapes_upsampled/BC2026_Train_0029_S22_20211211_023000_7_12.ogg,0
BC2026_Train_0029_S22_20211211_023000.ogg,8,13,517063;litnig1;trsowl;undtin1,upsampled,data/train_soundscapes_upsampled/BC2026_Train_0029_S22_20211211_023000_8_13.ogg,0
BC2026_Train_0029_S22_20211211_023000.ogg,12,17,517063;litnig1;undtin1,upsampled,data/train_soundscapes_upsampled/BC2026_Train_0029_S22_20211211_023000_12_17.ogg,0
BC2026_Train_0029_S22_20211211_023000.ogg,9,14,517063;litnig1;trsowl;undtin1,upsampled,data/train_soundscapes_upsampled/BC2026_Train_0029_S22_20211211_023000_9_14.ogg,0
BC2026_Train_0029_S22_20211211_023000.ogg,11,16,517063;litnig1;undtin1,upsampled,data/train_soundscapes_upsampled/BC2026_Train_0029_S22_20211211_023000_11_16.ogg,0
BC2026_Train_0029_S22_20211211_023000.ogg,13,18,517063;litnig1;undtin1,upsampled,data/train_soundscapes_upsampled/BC2026_Train_0029_S22_20211211_023000_13_18.ogg,0
BC2026_Train_0029_S22_20211211_023000.ogg,14,19,517063;litnig1;undtin1,upsampled,data/train_soundscapes_upsampled/BC2026_Train_0029_S22_20211211_023000_14_19.ogg,0
BC2026_Train_0029_S22_20211211_023000.ogg,17,22,517063;undtin1,upsampled,data/train_soundscapes_upsampled/BC2026_Train_0029_S22_20211211_023000_17_22.ogg,0
BC2026_Train_0029_S22_20211211_023000.ogg,18,23,517063;undtin1,upsampled,data/train_soundscapes_upsampled/BC2026_Train_0029_S22_20211211_023000_18_23.ogg,0
BC2026_Train_0029_S22_20211211_023000.ogg,16,21,517063;undtin1,upsampled,data/train_soundscapes_upsampled/BC2026_Train_0029_S22_20211211_023000_16_21.ogg,0
BC2026_Train_0029_S22_20211211_023000.ogg,31,36,517063;trsowl;undtin1,upsampled,data/train_soundscapes_upsampled/BC2026_Train_0029_S22_20211211_023000_31_36.ogg,0
BC2026_Train_0029_S22_20211211_023000.ogg,32,37,517063;trsowl;undtin1,upsampled,data/train_soundscapes_upsampled/BC2026_Train_0029_S22_20211211_023000_32_37.ogg,0
BC2026_Train_0029_S22_20211211_023000.ogg,27,32,517063;trsowl;undtin1,upsampled,data/train_soundscapes_upsampled/BC2026_Train_0029_S22_20211211_023000_27_32.ogg,0
BC2026_Train_0029_S22_20211211_023000.ogg,28,33,517063;trsowl;undtin1,upsampled,data/train_soundscapes_upsampled/BC2026_Train_0029_S22_20211211_023000_28_33.ogg,0
BC2026_Train_0029_S22_20211211_023000.ogg,42,47,517063;litnig1,upsampled,data/train_soundscapes_upsampled/BC2026_Train_0029_S22_20211211_023000_42_47.ogg,0
BC2026_Train_0029_S22_20211211_023000.ogg,41,46,517063;litnig1,upsampled,data/train_soundscapes_upsampled/BC2026_Train_0029_S22_20211211_023000_41_46.ogg,0
BC2026_Train_0029_S22_20211211_023000.ogg,38,43,517063;litnig1,upsampled,data/train_soundscapes_upsampled/BC2026_Train_0029_S22_20211211_023000_38_43.ogg,0
BC2026_Train_0029_S22_20211211_023000.ogg,37,42,517063;litnig1,upsampled,data/train_soundscapes_upsampled/BC2026_Train_0029_S22_20211211_023000_37_42.ogg,0
BC2026_Train_0029_S22_20211211_023000.ogg,44,49,517063;litnig1,upsampled,data/train_soundscapes_upsampled/BC2026_Train_0029_S22_20211211_023000_44_49.ogg,0
BC2026_Train_0029_S22_20211211_023000.ogg,43,48,517063;litnig1,upsampled,data/train_soundscapes_upsampled/BC2026_Train_0029_S22_20211211_023000_43_48.ogg,0
BC2026_Train_0029_S22_20211211_023000.ogg,47,52,517063;litnig1;undtin1,upsampled,data/train_soundscapes_upsampled/BC2026_Train_0029_S22_20211211_023000_47_52.ogg,0
BC2026_Train_0029_S22_20211211_023000.ogg,48,53,517063;litnig1;undtin1,upsampled,data/train_soundscapes_upsampled/BC2026_Train_0029_S22_20211211_023000_48_53.ogg,0
BC2026_Train_0029_S22_20211211_023000.ogg,51,56,517063;litnig1;undtin1,upsampled,data/train_soundscapes_upsampled/BC2026_Train_0029_S22_20211211_023000_51_56.ogg,0
BC2026_Train_0029_S22_20211211_023000.ogg,52,57,517063;litnig1;undtin1,upsampled,data/train_soundscapes_upsampled/BC2026_Train_0029_S22_20211211_023000_52_57.ogg,0
BC2026_Train_0029_S22_20211211_023000.ogg,53,58,517063;litnig1;undtin1,upsampled,data/train_soundscapes_upsampled/BC2026_Train_0029_S22_20211211_023000_53_58.ogg,0
BC2026_Train_0029_S22_20211211_023000.ogg,49,54,517063;litnig1;undtin1,upsampled,data/train_soundscapes_upsampled/BC2026_Train_0029_S22_20211211_023000_49_54.ogg,0
BC2026_Train_0029_S22_20211211_023000.ogg,54,59,517063;litnig1;undtin1,upsampled,data/train_soundscapes_upsampled/BC2026_Train_0029_S22_20211211_023000_54_59.ogg,0
BC2026_Train_0030_S22_20211212_224500.ogg,3,8,22967;22973;517063,upsampled,data/train_soundscapes_upsampled/BC2026_Train_0030_S22_20211212_224500_3_8.ogg,0
BC2026_Train_0030_S22_20211212_224500.ogg,4,9,22967;22973;517063,upsampled,data/train_soundscapes_upsampled/BC2026_Train_0030_S22_20211212_224500_4_9.ogg,0
BC2026_Train_0030_S22_20211212_224500.ogg,9,14,22967;22973;517063,upsampled,data/train_soundscapes_upsampled/BC2026_Train_0030_S22_20211212_224500_9_14.ogg,0
BC2026_Train_0030_S22_20211212_224500.ogg,17,22,22967;22973;24321;517063,upsampled,data/train_soundscapes_upsampled/BC2026_Train_0030_S22_20211212_224500_17_22.ogg,0
BC2026_Train_0030_S22_20211212_224500.ogg,22,27,22967;22973;24321;517063,upsampled,data/train_soundscapes_upsampled/BC2026_Train_0030_S22_20211212_224500_22_27.ogg,0
BC2026_Train_0030_S22_20211212_224500.ogg,23,28,22967;22973;24321;517063,upsampled,data/train_soundscapes_upsampled/BC2026_Train_0030_S22_20211212_224500_23_28.ogg,0
BC2026_Train_0030_S22_20211212_224500.ogg,28,33,22967;22973;24321;517063,upsampled,data/train_soundscapes_upsampled/BC2026_Train_0030_S22_20211212_224500_28_33.ogg,0
BC2026_Train_0030_S22_20211212_224500.ogg,37,42,22967;22973;24321;517063,upsampled,data/train_soundscapes_upsampled/BC2026_Train_0030_S22_20211212_224500_37_42.ogg,0
BC2026_Train_0030_S22_20211212_224500.ogg,43,48,22967;22973;24321;517063,upsampled,data/train_soundscapes_upsampled/BC2026_Train_0030_S22_20211212_224500_43_48.ogg,0
BC2026_Train_0030_S22_20211212_224500.ogg,46,51,22967;22973;24321;517063,upsampled,data/train_soundscapes_upsampled/BC2026_Train_0030_S22_20211212_224500_46_51.ogg,0
BC2026_Train_0030_S22_20211212_224500.ogg,48,53,22967;22973;24321;517063,upsampled,data/train_soundscapes_upsampled/BC2026_Train_0030_S22_20211212_224500_48_53.ogg,0
BC2026_Train_0030_S22_20211212_224500.ogg,54,59,22967;22973;517063,upsampled,data/train_soundscapes_upsampled/BC2026_Train_0030_S22_20211212_224500_54_59.ogg,0
BC2026_Train_0031_S22_20211214_204500.ogg,2,7,23158;24321;25092;65380;66971,upsampled,data/train_soundscapes_upsampled/BC2026_Train_0031_S22_20211214_204500_2_7.ogg,2
BC2026_Train_0031_S22_20211214_204500.ogg,3,8,23158;24321;25092;65380;66971,upsampled,data/train_soundscapes_upsampled/BC2026_Train_0031_S22_20211214_204500_3_8.ogg,2
BC2026_Train_0031_S22_20211214_204500.ogg,1,6,23158;24321;25092;65380;66971,upsampled,data/train_soundscapes_upsampled/BC2026_Train_0031_S22_20211214_204500_1_6.ogg,2
BC2026_Train_0031_S22_20211214_204500.ogg,4,9,23158;24321;25092;65380;66971,upsampled,data/train_soundscapes_upsampled/BC2026_Train_0031_S22_20211214_204500_4_9.ogg,2
BC2026_Train_0031_S22_20211214_204500.ogg,6,11,23158;24321;25092;65380;66971,upsampled,data/train_soundscapes_upsampled/BC2026_Train_0031_S22_20211214_204500_6_11.ogg,2
BC2026_Train_0031_S22_20211214_204500.ogg,7,12,23158;24321;25092;65380;66971,upsampled,data/train_soundscapes_upsampled/BC2026_Train_0031_S22_20211214_204500_7_12.ogg,2
BC2026_Train_0031_S22_20211214_204500.ogg,8,13,23158;24321;25092;65380;66971,upsampled,data/train_soundscapes_upsampled/BC2026_Train_0031_S22_20211214_204500_8_13.ogg,2
BC2026_Train_0031_S22_20211214_204500.ogg,9,14,23158;24321;25092;65380;66971,upsampled,data/train_soundscapes_upsampled/BC2026_Train_0031_S22_20211214_204500_9_14.ogg,2
BC2026_Train_0031_S22_20211214_204500.ogg,11,16,23158;24321;25092;65380;66971,upsampled,data/train_soundscapes_upsampled/BC2026_Train_0031_S22_20211214_204500_11_16.ogg,2
BC2026_Train_0031_S22_20211214_204500.ogg,13,18,23158;24321;25092;65380;66971,upsampled,data/train_soundscapes_upsampled/BC2026_Train_0031_S22_20211214_204500_13_18.ogg,2
BC2026_Train_0031_S22_20211214_204500.ogg,12,17,23158;24321;25092;65380;66971,upsampled,data/train_soundscapes_upsampled/BC2026_Train_0031_S22_20211214_204500_12_17.ogg,2
BC2026_Train_0031_S22_20211214_204500.ogg,16,21,23158;24321;25092;65380;66971,upsampled,data/train_soundscapes_upsampled/BC2026_Train_0031_S22_20211214_204500_16_21.ogg,2
BC2026_Train_0031_S22_20211214_204500.ogg,18,23,23158;24321;25092;65380;66971,upsampled,data/train_soundscapes_upsampled/BC2026_Train_0031_S22_20211214_204500_18_23.ogg,2
BC2026_Train_0031_S22_20211214_204500.ogg,14,19,23158;24321;25092;65380;66971,upsampled,data/train_soundscapes_upsampled/BC2026_Train_0031_S22_20211214_204500_14_19.ogg,2
BC2026_Train_0031_S22_20211214_204500.ogg,17,22,23158;24321;25092;65380;66971,upsampled,data/train_soundscapes_upsampled/BC2026_Train_0031_S22_20211214_204500_17_22.ogg,2
BC2026_Train_0031_S22_20211214_204500.ogg,21,26,23158;24321;25092;65380;66971,upsampled,data/train_soundscapes_upsampled/BC2026_Train_0031_S22_20211214_204500_21_26.ogg,2
BC2026_Train_0031_S22_20211214_204500.ogg,23,28,23158;24321;25092;65380;66971,upsampled,data/train_soundscapes_upsampled/BC2026_Train_0031_S22_20211214_204500_23_28.ogg,2
BC2026_Train_0031_S22_20211214_204500.ogg,19,24,23158;24321;25092;65380;66971,upsampled,data/train_soundscapes_upsampled/BC2026_Train_0031_S22_20211214_204500_19_24.ogg,2
BC2026_Train_0031_S22_20211214_204500.ogg,22,27,23158;24321;25092;65380;66971,upsampled,data/train_soundscapes_upsampled/BC2026_Train_0031_S22_20211214_204500_22_27.ogg,2
BC2026_Train_0031_S22_20211214_204500.ogg,26,31,23158;24321;25092;65380;66971,upsampled,data/train_soundscapes_upsampled/BC2026_Train_0031_S22_20211214_204500_26_31.ogg,2
BC2026_Train_0031_S22_20211214_204500.ogg,24,29,23158;24321;25092;65380;66971,upsampled,data/train_soundscapes_upsampled/BC2026_Train_0031_S22_20211214_204500_24_29.ogg,2
BC2026_Train_0031_S22_20211214_204500.ogg,27,32,23158;24321;25092;65380;66971,upsampled,data/train_soundscapes_upsampled/BC2026_Train_0031_S22_20211214_204500_27_32.ogg,2
BC2026_Train_0031_S22_20211214_204500.ogg,28,33,23158;24321;25092;65380;66971,upsampled,data/train_soundscapes_upsampled/BC2026_Train_0031_S22_20211214_204500_28_33.ogg,2
BC2026_Train_0031_S22_20211214_204500.ogg,29,34,23158;24321;25092;65380;66971,upsampled,data/train_soundscapes_upsampled/BC2026_Train_0031_S22_20211214_204500_29_34.ogg,2
BC2026_Train_0031_S22_20211214_204500.ogg,33,38,23158;24321;25092;65380;66971,upsampled,data/train_soundscapes_upsampled/BC2026_Train_0031_S22_20211214_204500_33_38.ogg,2
BC2026_Train_0031_S22_20211214_204500.ogg,32,37,23158;24321;25092;65380;66971,upsampled,data/train_soundscapes_upsampled/BC2026_Train_0031_S22_20211214_204500_32_37.ogg,2
BC2026_Train_0031_S22_20211214_204500.ogg,31,36,23158;24321;25092;65380;66971,upsampled,data/train_soundscapes_upsampled/BC2026_Train_0031_S22_20211214_204500_31_36.ogg,2
BC2026_Train_0031_S22_20211214_204500.ogg,36,41,23158;24321;25092;65380;66971,upsampled,data/train_soundscapes_upsampled/BC2026_Train_0031_S22_20211214_204500_36_41.ogg,2
BC2026_Train_0031_S22_20211214_204500.ogg,38,43,23158;24321;25092;65380;66971,upsampled,data/train_soundscapes_upsampled/BC2026_Train_0031_S22_20211214_204500_38_43.ogg,2
BC2026_Train_0031_S22_20211214_204500.ogg,37,42,23158;24321;25092;65380;66971,upsampled,data/train_soundscapes_upsampled/BC2026_Train_0031_S22_20211214_204500_37_42.ogg,2
BC2026_Train_0031_S22_20211214_204500.ogg,34,39,23158;24321;25092;65380;66971,upsampled,data/train_soundscapes_upsampled/BC2026_Train_0031_S22_20211214_204500_34_39.ogg,2
BC2026_Train_0031_S22_20211214_204500.ogg,39,44,23158;24321;25092;65380;66971,upsampled,data/train_soundscapes_upsampled/BC2026_Train_0031_S22_20211214_204500_39_44.ogg,2
BC2026_Train_0031_S22_20211214_204500.ogg,43,48,23158;24321;25092;65380;66971,upsampled,data/train_soundscapes_upsampled/BC2026_Train_0031_S22_20211214_204500_43_48.ogg,2
BC2026_Train_0031_S22_20211214_204500.ogg,41,46,23158;24321;25092;65380;66971,upsampled,data/train_soundscapes_upsampled/BC2026_Train_0031_S22_20211214_204500_41_46.ogg,2
BC2026_Train_0031_S22_20211214_204500.ogg,42,47,23158;24321;25092;65380;66971,upsampled,data/train_soundscapes_upsampled/BC2026_Train_0031_S22_20211214_204500_42_47.ogg,2
BC2026_Train_0031_S22_20211214_204500.ogg,44,49,23158;24321;25092;65380;66971,upsampled,data/train_soundscapes_upsampled/BC2026_Train_0031_S22_20211214_204500_44_49.ogg,2
BC2026_Train_0031_S22_20211214_204500.ogg,48,53,23158;24321;25092;65380;66971,upsampled,data/train_soundscapes_upsampled/BC2026_Train_0031_S22_20211214_204500_48_53.ogg,2
BC2026_Train_0031_S22_20211214_204500.ogg,46,51,23158;24321;25092;65380;66971,upsampled,data/train_soundscapes_upsampled/BC2026_Train_0031_S22_20211214_204500_46_51.ogg,2
BC2026_Train_0031_S22_20211214_204500.ogg,47,52,23158;24321;25092;65380;66971,upsampled,data/train_soundscapes_upsampled/BC2026_Train_0031_S22_20211214_204500_47_52.ogg,2
BC2026_Train_0031_S22_20211214_204500.ogg,51,56,23158;24321;25092;65380;66971,upsampled,data/train_soundscapes_upsampled/BC2026_Train_0031_S22_20211214_204500_51_56.ogg,2
BC2026_Train_0031_S22_20211214_204500.ogg,52,57,23158;24321;25092;65380;66971,upsampled,data/train_soundscapes_upsampled/BC2026_Train_0031_S22_20211214_204500_52_57.ogg,2
BC2026_Train_0031_S22_20211214_204500.ogg,53,58,23158;24321;25092;65380;66971,upsampled,data/train_soundscapes_upsampled/BC2026_Train_0031_S22_20211214_204500_53_58.ogg,2
BC2026_Train_0031_S22_20211214_204500.ogg,49,54,23158;24321;25092;65380;66971,upsampled,data/train_soundscapes_upsampled/BC2026_Train_0031_S22_20211214_204500_49_54.ogg,2
BC2026_Train_0031_S22_20211214_204500.ogg,54,59,23158;24321;25092;65380;66971,upsampled,data/train_soundscapes_upsampled/BC2026_Train_0031_S22_20211214_204500_54_59.ogg,2
BC2026_Train_0032_S22_20211215_221500.ogg,1,6,23158;24279;24321;555146;65380,upsampled,data/train_soundscapes_upsampled/BC2026_Train_0032_S22_20211215_221500_1_6.ogg,0
BC2026_Train_0032_S22_20211215_221500.ogg,7,12,23158;24279;24321;555146;65380,upsampled,data/train_soundscapes_upsampled/BC2026_Train_0032_S22_20211215_221500_7_12.ogg,0
BC2026_Train_0032_S22_20211215_221500.ogg,12,17,23158;24279;24321;555146;65380,upsampled,data/train_soundscapes_upsampled/BC2026_Train_0032_S22_20211215_221500_12_17.ogg,0
BC2026_Train_0032_S22_20211215_221500.ogg,18,23,23158;24279;24321;555146;65380,upsampled,data/train_soundscapes_upsampled/BC2026_Train_0032_S22_20211215_221500_18_23.ogg,0
BC2026_Train_0032_S22_20211215_221500.ogg,17,22,23158;24279;24321;555146;65380,upsampled,data/train_soundscapes_upsampled/BC2026_Train_0032_S22_20211215_221500_17_22.ogg,0
BC2026_Train_0032_S22_20211215_221500.ogg,23,28,23158;24279;24321;25092;555146;65380,upsampled,data/train_soundscapes_upsampled/BC2026_Train_0032_S22_20211215_221500_23_28.ogg,0
BC2026_Train_0032_S22_20211215_221500.ogg,22,27,23158;24279;24321;25092;555146;65380,upsampled,data/train_soundscapes_upsampled/BC2026_Train_0032_S22_20211215_221500_22_27.ogg,0
BC2026_Train_0032_S22_20211215_221500.ogg,24,29,23158;24279;24321;25092;555146;65380,upsampled,data/train_soundscapes_upsampled/BC2026_Train_0032_S22_20211215_221500_24_29.ogg,0
BC2026_Train_0032_S22_20211215_221500.ogg,26,31,23158;24279;24321;25092;555146;65380,upsampled,data/train_soundscapes_upsampled/BC2026_Train_0032_S22_20211215_221500_26_31.ogg,0
BC2026_Train_0032_S22_20211215_221500.ogg,33,38,23158;24279;24321;555146;65380,upsampled,data/train_soundscapes_upsampled/BC2026_Train_0032_S22_20211215_221500_33_38.ogg,0
BC2026_Train_0032_S22_20211215_221500.ogg,32,37,23158;24279;24321;555146;65380,upsampled,data/train_soundscapes_upsampled/BC2026_Train_0032_S22_20211215_221500_32_37.ogg,0
BC2026_Train_0032_S22_20211215_221500.ogg,38,43,23158;24279;24321;555146;65380,upsampled,data/train_soundscapes_upsampled/BC2026_Train_0032_S22_20211215_221500_38_43.ogg,0
BC2026_Train_0032_S22_20211215_221500.ogg,44,49,23158;24279;24321;555146;65380,upsampled,data/train_soundscapes_upsampled/BC2026_Train_0032_S22_20211215_221500_44_49.ogg,0
BC2026_Train_0032_S22_20211215_221500.ogg,53,58,23158;24279;24321;25092;555146;65380,upsampled,data/train_soundscapes_upsampled/BC2026_Train_0032_S22_20211215_221500_53_58.ogg,0
BC2026_Train_0032_S22_20211215_221500.ogg,52,57,23158;24279;24321;25092;555146;65380,upsampled,data/train_soundscapes_upsampled/BC2026_Train_0032_S22_20211215_221500_52_57.ogg,0
BC2026_Train_0032_S22_20211215_221500.ogg,54,59,23158;24279;24321;25092;555146;65380,upsampled,data/train_soundscapes_upsampled/BC2026_Train_0032_S22_20211215_221500_54_59.ogg,0
BC2026_Train_0033_S22_20211216_200000.ogg,3,8,23158;24321;555146;65380,upsampled,data/train_soundscapes_upsampled/BC2026_Train_0033_S22_20211216_200000_3_8.ogg,1
BC2026_Train_0033_S22_20211216_200000.ogg,8,13,23158;24321;555146;65380,upsampled,data/train_soundscapes_upsampled/BC2026_Train_0033_S22_20211216_200000_8_13.ogg,1
BC2026_Train_0033_S22_20211216_200000.ogg,9,14,23158;24321;555146;65380,upsampled,data/train_soundscapes_upsampled/BC2026_Train_0033_S22_20211216_200000_9_14.ogg,1
BC2026_Train_0033_S22_20211216_200000.ogg,16,21,23158;24321;555146;65380,upsampled,data/train_soundscapes_upsampled/BC2026_Train_0033_S22_20211216_200000_16_21.ogg,1
BC2026_Train_0033_S22_20211216_200000.ogg,21,26,23158;24321;555146;65380,upsampled,data/train_soundscapes_upsampled/BC2026_Train_0033_S22_20211216_200000_21_26.ogg,1
BC2026_Train_0033_S22_20211216_200000.ogg,28,33,23158;24321;555146;65380,upsampled,data/train_soundscapes_upsampled/BC2026_Train_0033_S22_20211216_200000_28_33.ogg,1
BC2026_Train_0033_S22_20211216_200000.ogg,32,37,23158;24321;555146;65380,upsampled,data/train_soundscapes_upsampled/BC2026_Train_0033_S22_20211216_200000_32_37.ogg,1
BC2026_Train_0033_S22_20211216_200000.ogg,33,38,23158;24321;555146;65380,upsampled,data/train_soundscapes_upsampled/BC2026_Train_0033_S22_20211216_200000_33_38.ogg,1
BC2026_Train_0033_S22_20211216_200000.ogg,41,46,23158;24321;65380,upsampled,data/train_soundscapes_upsampled/BC2026_Train_0033_S22_20211216_200000_41_46.ogg,1
BC2026_Train_0033_S22_20211216_200000.ogg,44,49,23158;24321;65380,upsampled,data/train_soundscapes_upsampled/BC2026_Train_0033_S22_20211216_200000_44_49.ogg,1
BC2026_Train_0033_S22_20211216_200000.ogg,51,56,23158;24321;517063;555146;65380,upsampled,data/train_soundscapes_upsampled/BC2026_Train_0033_S22_20211216_200000_51_56.ogg,1
BC2026_Train_0033_S22_20211216_200000.ogg,53,58,23158;24321;517063;555146;65380,upsampled,data/train_soundscapes_upsampled/BC2026_Train_0033_S22_20211216_200000_53_58.ogg,1
BC2026_Train_0034_S22_20211222_013000.ogg,3,8,23158;24279;24321;25092;517063;65380,upsampled,data/train_soundscapes_upsampled/BC2026_Train_0034_S22_20211222_013000_3_8.ogg,1
BC2026_Train_0034_S22_20211222_013000.ogg,1,6,23158;24279;24321;25092;517063;65380,upsampled,data/train_soundscapes_upsampled/BC2026_Train_0034_S22_20211222_013000_1_6.ogg,1
BC2026_Train_0034_S22_20211222_013000.ogg,2,7,23158;24279;24321;25092;517063;65380,upsampled,data/train_soundscapes_upsampled/BC2026_Train_0034_S22_20211222_013000_2_7.ogg,1
BC2026_Train_0034_S22_20211222_013000.ogg,8,13,23158;24279;25092;517063;65380,upsampled,data/train_soundscapes_upsampled/BC2026_Train_0034_S22_20211222_013000_8_13.ogg,1
BC2026_Train_0034_S22_20211222_013000.ogg,7,12,23158;24279;25092;517063;65380,upsampled,data/train_soundscapes_upsampled/BC2026_Train_0034_S22_20211222_013000_7_12.ogg,1
BC2026_Train_0034_S22_20211222_013000.ogg,6,11,23158;24279;25092;517063;65380,upsampled,data/train_soundscapes_upsampled/BC2026_Train_0034_S22_20211222_013000_6_11.ogg,1
BC2026_Train_0034_S22_20211222_013000.ogg,4,9,23158;24279;24321;25092;517063;65380,upsampled,data/train_soundscapes_upsampled/BC2026_Train_0034_S22_20211222_013000_4_9.ogg,1
BC2026_Train_0034_S22_20211222_013000.ogg,13,18,23158;24279;25092;517063;65380;66971,upsampled,data/train_soundscapes_upsampled/BC2026_Train_0034_S22_20211222_013000_13_18.ogg,1
BC2026_Train_0034_S22_20211222_013000.ogg,11,16,23158;24279;25092;517063;65380;66971,upsampled,data/train_soundscapes_upsampled/BC2026_Train_0034_S22_20211222_013000_11_16.ogg,1
BC2026_Train_0034_S22_20211222_013000.ogg,9,14,23158;24279;25092;517063;65380,upsampled,data/train_soundscapes_upsampled/BC2026_Train_0034_S22_20211222_013000_9_14.ogg,1
BC2026_Train_0034_S22_20211222_013000.ogg,12,17,23158;24279;25092;517063;65380;66971,upsampled,data/train_soundscapes_upsampled/BC2026_Train_0034_S22_20211222_013000_12_17.ogg,1
BC2026_Train_0034_S22_20211222_013000.ogg,18,23,23158;24279;517063;65380;66971,upsampled,data/train_soundscapes_upsampled/BC2026_Train_0034_S22_20211222_013000_18_23.ogg,1
BC2026_Train_0034_S22_20211222_013000.ogg,19,24,23158;24279;517063;65380;66971,upsampled,data/train_soundscapes_upsampled/BC2026_Train_0034_S22_20211222_013000_19_24.ogg,1
BC2026_Train_0034_S22_20211222_013000.ogg,23,28,23158;24279;25092;517063;65380;66971,upsampled,data/train_soundscapes_upsampled/BC2026_Train_0034_S22_20211222_013000_23_28.ogg,1
BC2026_Train_0034_S22_20211222_013000.ogg,26,31,23158;24279;25092;517063;65380,upsampled,data/train_soundscapes_upsampled/BC2026_Train_0034_S22_20211222_013000_26_31.ogg,1
BC2026_Train_0034_S22_20211222_013000.ogg,22,27,23158;24279;25092;517063;65380;66971,upsampled,data/train_soundscapes_upsampled/BC2026_Train_0034_S22_20211222_013000_22_27.ogg,1
BC2026_Train_0034_S22_20211222_013000.ogg,28,33,23158;24279;25092;517063;65380,upsampled,data/train_soundscapes_upsampled/BC2026_Train_0034_S22_20211222_013000_28_33.ogg,1
BC2026_Train_0034_S22_20211222_013000.ogg,32,37,23158;24279;25092;517063;65380,upsampled,data/train_soundscapes_upsampled/BC2026_Train_0034_S22_20211222_013000_32_37.ogg,1
BC2026_Train_0034_S22_20211222_013000.ogg,27,32,23158;24279;25092;517063;65380,upsampled,data/train_soundscapes_upsampled/BC2026_Train_0034_S22_20211222_013000_27_32.ogg,1
BC2026_Train_0034_S22_20211222_013000.ogg,31,36,23158;24279;25092;517063;65380,upsampled,data/train_soundscapes_upsampled/BC2026_Train_0034_S22_20211222_013000_31_36.ogg,1
BC2026_Train_0034_S22_20211222_013000.ogg,33,38,23158;24279;25092;517063;65380,upsampled,data/train_soundscapes_upsampled/BC2026_Train_0034_S22_20211222_013000_33_38.ogg,1
BC2026_Train_0034_S22_20211222_013000.ogg,38,43,23158;24279;25092;517063,upsampled,data/train_soundscapes_upsampled/BC2026_Train_0034_S22_20211222_013000_38_43.ogg,1
BC2026_Train_0034_S22_20211222_013000.ogg,36,41,23158;24279;25092;517063,upsampled,data/train_soundscapes_upsampled/BC2026_Train_0034_S22_20211222_013000_36_41.ogg,1
BC2026_Train_0034_S22_20211222_013000.ogg,37,42,23158;24279;25092;517063,upsampled,data/train_soundscapes_upsampled/BC2026_Train_0034_S22_20211222_013000_37_42.ogg,1
BC2026_Train_0034_S22_20211222_013000.ogg,34,39,23158;24279;25092;517063;65380,upsampled,data/train_soundscapes_upsampled/BC2026_Train_0034_S22_20211222_013000_34_39.ogg,1
BC2026_Train_0034_S22_20211222_013000.ogg,39,44,23158;24279;25092;517063,upsampled,data/train_soundscapes_upsampled/BC2026_Train_0034_S22_20211222_013000_39_44.ogg,1
BC2026_Train_0034_S22_20211222_013000.ogg,41,46,23158;24279;24321;25092;517063,upsampled,data/train_soundscapes_upsampled/BC2026_Train_0034_S22_20211222_013000_41_46.ogg,1
BC2026_Train_0034_S22_20211222_013000.ogg,43,48,23158;24279;24321;25092;517063,upsampled,data/train_soundscapes_upsampled/BC2026_Train_0034_S22_20211222_013000_43_48.ogg,1
BC2026_Train_0034_S22_20211222_013000.ogg,42,47,23158;24279;24321;25092;517063,upsampled,data/train_soundscapes_upsampled/BC2026_Train_0034_S22_20211222_013000_42_47.ogg,1
BC2026_Train_0034_S22_20211222_013000.ogg,47,52,23158;24279;24321;25092;517063,upsampled,data/train_soundscapes_upsampled/BC2026_Train_0034_S22_20211222_013000_47_52.ogg,1
BC2026_Train_0034_S22_20211222_013000.ogg,48,53,23158;24279;24321;25092;517063,upsampled,data/train_soundscapes_upsampled/BC2026_Train_0034_S22_20211222_013000_48_53.ogg,1
BC2026_Train_0034_S22_20211222_013000.ogg,46,51,23158;24279;24321;25092;517063,upsampled,data/train_soundscapes_upsampled/BC2026_Train_0034_S22_20211222_013000_46_51.ogg,1
BC2026_Train_0034_S22_20211222_013000.ogg,44,49,23158;24279;24321;25092;517063,upsampled,data/train_soundscapes_upsampled/BC2026_Train_0034_S22_20211222_013000_44_49.ogg,1
BC2026_Train_0034_S22_20211222_013000.ogg,52,57,23158;24279;24321;25092;517063,upsampled,data/train_soundscapes_upsampled/BC2026_Train_0034_S22_20211222_013000_52_57.ogg,1
BC2026_Train_0034_S22_20211222_013000.ogg,51,56,23158;24279;24321;25092;517063,upsampled,data/train_soundscapes_upsampled/BC2026_Train_0034_S22_20211222_013000_51_56.ogg,1
BC2026_Train_0034_S22_20211222_013000.ogg,53,58,23158;24279;24321;25092;517063,upsampled,data/train_soundscapes_upsampled/BC2026_Train_0034_S22_20211222_013000_53_58.ogg,1
BC2026_Train_0034_S22_20211222_013000.ogg,49,54,23158;24279;24321;25092;517063,upsampled,data/train_soundscapes_upsampled/BC2026_Train_0034_S22_20211222_013000_49_54.ogg,1
BC2026_Train_0034_S22_20211222_013000.ogg,54,59,23158;24279;24321;25092;517063,upsampled,data/train_soundscapes_upsampled/BC2026_Train_0034_S22_20211222_013000_54_59.ogg,1
BC2026_Train_0035_S22_20211223_213000.ogg,3,8,23158;24279;24321;65380,upsampled,data/train_soundscapes_upsampled/BC2026_Train_0035_S22_20211223_213000_3_8.ogg,0
BC2026_Train_0035_S22_20211223_213000.ogg,7,12,23158;24279;24321;65380;66971,upsampled,data/train_soundscapes_upsampled/BC2026_Train_0035_S22_20211223_213000_7_12.ogg,0
BC2026_Train_0035_S22_20211223_213000.ogg,13,18,23158;24279;24321;65380;66971,upsampled,data/train_soundscapes_upsampled/BC2026_Train_0035_S22_20211223_213000_13_18.ogg,0
BC2026_Train_0035_S22_20211223_213000.ogg,17,22,23158;24279;24321;65380;66971,upsampled,data/train_soundscapes_upsampled/BC2026_Train_0035_S22_20211223_213000_17_22.ogg,0
BC2026_Train_0035_S22_20211223_213000.ogg,21,26,23158;24279;24321;65380;66971,upsampled,data/train_soundscapes_upsampled/BC2026_Train_0035_S22_20211223_213000_21_26.ogg,0
BC2026_Train_0035_S22_20211223_213000.ogg,28,33,23158;24279;24321;65380;66971,upsampled,data/train_soundscapes_upsampled/BC2026_Train_0035_S22_20211223_213000_28_33.ogg,0
BC2026_Train_0035_S22_20211223_213000.ogg,31,36,23158;24279;24321;65380;66971,upsampled,data/train_soundscapes_upsampled/BC2026_Train_0035_S22_20211223_213000_31_36.ogg,0
BC2026_Train_0035_S22_20211223_213000.ogg,38,43,23158;24279;24321;65380;66971,upsampled,data/train_soundscapes_upsampled/BC2026_Train_0035_S22_20211223_213000_38_43.ogg,0
BC2026_Train_0035_S22_20211223_213000.ogg,42,47,23158;24279;24321;65380;66971,upsampled,data/train_soundscapes_upsampled/BC2026_Train_0035_S22_20211223_213000_42_47.ogg,0
BC2026_Train_0035_S22_20211223_213000.ogg,44,49,23158;24279;24321;65380;66971,upsampled,data/train_soundscapes_upsampled/BC2026_Train_0035_S22_20211223_213000_44_49.ogg,0
BC2026_Train_0035_S22_20211223_213000.ogg,47,52,23158;24279;24321;65380;66971,upsampled,data/train_soundscapes_upsampled/BC2026_Train_0035_S22_20211223_213000_47_52.ogg,0
BC2026_Train_0035_S22_20211223_213000.ogg,53,58,23158;24279;24321;65380;66971,upsampled,data/train_soundscapes_upsampled/BC2026_Train_0035_S22_20211223_213000_53_58.ogg,0
BC2026_Train_0036_S22_20211224_234500.ogg,2,7,23158;24279;24321;517063;555146;65380;66971,upsampled,data/train_soundscapes_upsampled/BC2026_Train_0036_S22_20211224_234500_2_7.ogg,2
BC2026_Train_0036_S22_20211224_234500.ogg,6,11,23158;24279;24321;517063;555146;65380;66971,upsampled,data/train_soundscapes_upsampled/BC2026_Train_0036_S22_20211224_234500_6_11.ogg,2
BC2026_Train_0036_S22_20211224_234500.ogg,7,12,23158;24279;24321;517063;555146;65380;66971,upsampled,data/train_soundscapes_upsampled/BC2026_Train_0036_S22_20211224_234500_7_12.ogg,2
BC2026_Train_0036_S22_20211224_234500.ogg,17,22,23158;24279;24321;517063;555146;65380,upsampled,data/train_soundscapes_upsampled/BC2026_Train_0036_S22_20211224_234500_17_22.ogg,2
BC2026_Train_0036_S22_20211224_234500.ogg,23,28,23158;24279;24321;517063;555146;65380,upsampled,data/train_soundscapes_upsampled/BC2026_Train_0036_S22_20211224_234500_23_28.ogg,2
BC2026_Train_0036_S22_20211224_234500.ogg,22,27,23158;24279;24321;517063;555146;65380,upsampled,data/train_soundscapes_upsampled/BC2026_Train_0036_S22_20211224_234500_22_27.ogg,2
BC2026_Train_0036_S22_20211224_234500.ogg,31,36,23158;24279;24321;517063;555146;65380,upsampled,data/train_soundscapes_upsampled/BC2026_Train_0036_S22_20211224_234500_31_36.ogg,2
BC2026_Train_0036_S22_20211224_234500.ogg,33,38,23158;24279;24321;517063;555146;65380,upsampled,data/train_soundscapes_upsampled/BC2026_Train_0036_S22_20211224_234500_33_38.ogg,2
BC2026_Train_0036_S22_20211224_234500.ogg,38,43,23158;24279;24321;517063;555146;65380,upsampled,data/train_soundscapes_upsampled/BC2026_Train_0036_S22_20211224_234500_38_43.ogg,2
BC2026_Train_0036_S22_20211224_234500.ogg,42,47,23158;24279;24321;517063;555146;65380;66971,upsampled,data/train_soundscapes_upsampled/BC2026_Train_0036_S22_20211224_234500_42_47.ogg,2
BC2026_Train_0036_S22_20211224_234500.ogg,52,57,23158;24279;24321;517063;555146;65380;66971,upsampled,data/train_soundscapes_upsampled/BC2026_Train_0036_S22_20211224_234500_52_57.ogg,2
BC2026_Train_0036_S22_20211224_234500.ogg,54,59,23158;24279;24321;517063;555146;65380;66971,upsampled,data/train_soundscapes_upsampled/BC2026_Train_0036_S22_20211224_234500_54_59.ogg,2
BC2026_Train_0037_S22_20211226_021500.ogg,3,8,23158;517063,upsampled,data/train_soundscapes_upsampled/BC2026_Train_0037_S22_20211226_021500_3_8.ogg,2
BC2026_Train_0037_S22_20211226_021500.ogg,4,9,23158;517063,upsampled,data/train_soundscapes_upsampled/BC2026_Train_0037_S22_20211226_021500_4_9.ogg,2
BC2026_Train_0037_S22_20211226_021500.ogg,12,17,23158;24279;517063;65380,upsampled,data/train_soundscapes_upsampled/BC2026_Train_0037_S22_20211226_021500_12_17.ogg,2
BC2026_Train_0037_S22_20211226_021500.ogg,17,22,23158;24279;517063;65380;66971,upsampled,data/train_soundscapes_upsampled/BC2026_Train_0037_S22_20211226_021500_17_22.ogg,2
BC2026_Train_0037_S22_20211226_021500.ogg,23,28,23158;24279;517063;65380;66971,upsampled,data/train_soundscapes_upsampled/BC2026_Train_0037_S22_20211226_021500_23_28.ogg,2
BC2026_Train_0037_S22_20211226_021500.ogg,22,27,23158;24279;517063;65380;66971,upsampled,data/train_soundscapes_upsampled/BC2026_Train_0037_S22_20211226_021500_22_27.ogg,2
BC2026_Train_0037_S22_20211226_021500.ogg,33,38,23158;24279;517063;65380,upsampled,data/train_soundscapes_upsampled/BC2026_Train_0037_S22_20211226_021500_33_38.ogg,2
BC2026_Train_0037_S22_20211226_021500.ogg,38,43,23158;24279;517063;65380,upsampled,data/train_soundscapes_upsampled/BC2026_Train_0037_S22_20211226_021500_38_43.ogg,2
BC2026_Train_0037_S22_20211226_021500.ogg,42,47,23158;24279;517063;65380,upsampled,data/train_soundscapes_upsampled/BC2026_Train_0037_S22_20211226_021500_42_47.ogg,2
BC2026_Train_0037_S22_20211226_021500.ogg,47,52,23158;24279;517063,upsampled,data/train_soundscapes_upsampled/BC2026_Train_0037_S22_20211226_021500_47_52.ogg,2
BC2026_Train_0037_S22_20211226_021500.ogg,48,53,23158;24279;517063,upsampled,data/train_soundscapes_upsampled/BC2026_Train_0037_S22_20211226_021500_48_53.ogg,2
BC2026_Train_0037_S22_20211226_021500.ogg,53,58,23158;24279;517063,upsampled,data/train_soundscapes_upsampled/BC2026_Train_0037_S22_20211226_021500_53_58.ogg,2
BC2026_Train_0038_S22_20211228_220000.ogg,2,7,23158;24279;24321;517063;555146;65380;66971,upsampled,data/train_soundscapes_upsampled/BC2026_Train_0038_S22_20211228_220000_2_7.ogg,0
BC2026_Train_0038_S22_20211228_220000.ogg,4,9,23158;24279;24321;517063;555146;65380;66971,upsampled,data/train_soundscapes_upsampled/BC2026_Train_0038_S22_20211228_220000_4_9.ogg,0
BC2026_Train_0038_S22_20211228_220000.ogg,9,14,23158;24279;24321;517063;555146;65380;66971,upsampled,data/train_soundscapes_upsampled/BC2026_Train_0038_S22_20211228_220000_9_14.ogg,0
BC2026_Train_0038_S22_20211228_220000.ogg,13,18,23158;24279;24321;517063;555146;65380;66971,upsampled,data/train_soundscapes_upsampled/BC2026_Train_0038_S22_20211228_220000_13_18.ogg,0
BC2026_Train_0038_S22_20211228_220000.ogg,17,22,23158;24279;24321;517063;555146;65380;66971,upsampled,data/train_soundscapes_upsampled/BC2026_Train_0038_S22_20211228_220000_17_22.ogg,0
BC2026_Train_0038_S22_20211228_220000.ogg,28,33,23158;24279;24321;517063;555146;65380;66971,upsampled,data/train_soundscapes_upsampled/BC2026_Train_0038_S22_20211228_220000_28_33.ogg,0
BC2026_Train_0038_S22_20211228_220000.ogg,33,38,23158;24279;24321;517063;555146;65380;66971,upsampled,data/train_soundscapes_upsampled/BC2026_Train_0038_S22_20211228_220000_33_38.ogg,0
BC2026_Train_0038_S22_20211228_220000.ogg,37,42,23158;24279;24321;517063;555146;65380;66971,upsampled,data/train_soundscapes_upsampled/BC2026_Train_0038_S22_20211228_220000_37_42.ogg,0
BC2026_Train_0038_S22_20211228_220000.ogg,43,48,23158;24279;24321;517063;555146;65380;66971,upsampled,data/train_soundscapes_upsampled/BC2026_Train_0038_S22_20211228_220000_43_48.ogg,0
BC2026_Train_0038_S22_20211228_220000.ogg,42,47,23158;24279;24321;517063;555146;65380;66971,upsampled,data/train_soundscapes_upsampled/BC2026_Train_0038_S22_20211228_220000_42_47.ogg,0
BC2026_Train_0038_S22_20211228_220000.ogg,51,56,23158;24279;24321;517063;555146;65380;66971,upsampled,data/train_soundscapes_upsampled/BC2026_Train_0038_S22_20211228_220000_51_56.ogg,0
BC2026_Train_0038_S22_20211228_220000.ogg,54,59,23158;24279;24321;517063;555146;65380;66971,upsampled,data/train_soundscapes_upsampled/BC2026_Train_0038_S22_20211228_220000_54_59.ogg,0
BC2026_Train_0039_S22_20211231_201500.ogg,3,8,22961;23158;24321;517063;65380,upsampled,data/train_soundscapes_upsampled/BC2026_Train_0039_S22_20211231_201500_3_8.ogg,2
BC2026_Train_0039_S22_20211231_201500.ogg,1,6,22961;23158;24321;517063;65380,upsampled,data/train_soundscapes_upsampled/BC2026_Train_0039_S22_20211231_201500_1_6.ogg,2
BC2026_Train_0039_S22_20211231_201500.ogg,2,7,22961;23158;24321;517063;65380,upsampled,data/train_soundscapes_upsampled/BC2026_Train_0039_S22_20211231_201500_2_7.ogg,2
BC2026_Train_0039_S22_20211231_201500.ogg,7,12,22961;23158;24321;517063;65380,upsampled,data/train_soundscapes_upsampled/BC2026_Train_0039_S22_20211231_201500_7_12.ogg,2
BC2026_Train_0039_S22_20211231_201500.ogg,6,11,22961;23158;24321;517063;65380,upsampled,data/train_soundscapes_upsampled/BC2026_Train_0039_S22_20211231_201500_6_11.ogg,2
BC2026_Train_0039_S22_20211231_201500.ogg,4,9,22961;23158;24321;517063;65380,upsampled,data/train_soundscapes_upsampled/BC2026_Train_0039_S22_20211231_201500_4_9.ogg,2
BC2026_Train_0039_S22_20211231_201500.ogg,8,13,22961;23158;24321;517063;65380,upsampled,data/train_soundscapes_upsampled/BC2026_Train_0039_S22_20211231_201500_8_13.ogg,2
BC2026_Train_0039_S22_20211231_201500.ogg,11,16,22961;23158;24321;517063;65380,upsampled,data/train_soundscapes_upsampled/BC2026_Train_0039_S22_20211231_201500_11_16.ogg,2
BC2026_Train_0039_S22_20211231_201500.ogg,9,14,22961;23158;24321;517063;65380,upsampled,data/train_soundscapes_upsampled/BC2026_Train_0039_S22_20211231_201500_9_14.ogg,2
BC2026_Train_0039_S22_20211231_201500.ogg,12,17,22961;23158;24321;517063;65380,upsampled,data/train_soundscapes_upsampled/BC2026_Train_0039_S22_20211231_201500_12_17.ogg,2
BC2026_Train_0039_S22_20211231_201500.ogg,13,18,22961;23158;24321;517063;65380,upsampled,data/train_soundscapes_upsampled/BC2026_Train_0039_S22_20211231_201500_13_18.ogg,2
BC2026_Train_0039_S22_20211231_201500.ogg,18,23,22961;23158;24321;517063;65380,upsampled,data/train_soundscapes_upsampled/BC2026_Train_0039_S22_20211231_201500_18_23.ogg,2
BC2026_Train_0039_S22_20211231_201500.ogg,14,19,22961;23158;24321;517063;65380,upsampled,data/train_soundscapes_upsampled/BC2026_Train_0039_S22_20211231_201500_14_19.ogg,2
BC2026_Train_0039_S22_20211231_201500.ogg,17,22,22961;23158;24321;517063;65380,upsampled,data/train_soundscapes_upsampled/BC2026_Train_0039_S22_20211231_201500_17_22.ogg,2
BC2026_Train_0039_S22_20211231_201500.ogg,16,21,22961;23158;24321;517063;65380,upsampled,data/train_soundscapes_upsampled/BC2026_Train_0039_S22_20211231_201500_16_21.ogg,2
BC2026_Train_0039_S22_20211231_201500.ogg,22,27,22961;23158;24321;517063;65380,upsampled,data/train_soundscapes_upsampled/BC2026_Train_0039_S22_20211231_201500_22_27.ogg,2
BC2026_Train_0039_S22_20211231_201500.ogg,21,26,22961;23158;24321;517063;65380,upsampled,data/train_soundscapes_upsampled/BC2026_Train_0039_S22_20211231_201500_21_26.ogg,2
BC2026_Train_0039_S22_20211231_201500.ogg,23,28,22961;23158;24321;517063;65380,upsampled,data/train_soundscapes_upsampled/BC2026_Train_0039_S22_20211231_201500_23_28.ogg,2
BC2026_Train_0039_S22_20211231_201500.ogg,19,24,22961;23158;24321;517063;65380,upsampled,data/train_soundscapes_upsampled/BC2026_Train_0039_S22_20211231_201500_19_24.ogg,2
BC2026_Train_0039_S22_20211231_201500.ogg,26,31,22961;23158;24321;517063;65380,upsampled,data/train_soundscapes_upsampled/BC2026_Train_0039_S22_20211231_201500_26_31.ogg,2
BC2026_Train_0039_S22_20211231_201500.ogg,27,32,22961;23158;24321;517063;65380,upsampled,data/train_soundscapes_upsampled/BC2026_Train_0039_S22_20211231_201500_27_32.ogg,2
BC2026_Train_0039_S22_20211231_201500.ogg,28,33,22961;23158;24321;517063;65380,upsampled,data/train_soundscapes_upsampled/BC2026_Train_0039_S22_20211231_201500_28_33.ogg,2
BC2026_Train_0039_S22_20211231_201500.ogg,24,29,22961;23158;24321;517063;65380,upsampled,data/train_soundscapes_upsampled/BC2026_Train_0039_S22_20211231_201500_24_29.ogg,2
BC2026_Train_0039_S22_20211231_201500.ogg,29,34,22961;23158;24321;517063;65380,upsampled,data/train_soundscapes_upsampled/BC2026_Train_0039_S22_20211231_201500_29_34.ogg,2
BC2026_Train_0039_S22_20211231_201500.ogg,33,38,22961;23158;24321;517063;65380,upsampled,data/train_soundscapes_upsampled/BC2026_Train_0039_S22_20211231_201500_33_38.ogg,2
BC2026_Train_0039_S22_20211231_201500.ogg,32,37,22961;23158;24321;517063;65380,upsampled,data/train_soundscapes_upsampled/BC2026_Train_0039_S22_20211231_201500_32_37.ogg,2
BC2026_Train_0039_S22_20211231_201500.ogg,31,36,22961;23158;24321;517063;65380,upsampled,data/train_soundscapes_upsampled/BC2026_Train_0039_S22_20211231_201500_31_36.ogg,2
BC2026_Train_0039_S22_20211231_201500.ogg,34,39,22961;23158;24321;517063;65380,upsampled,data/train_soundscapes_upsampled/BC2026_Train_0039_S22_20211231_201500_34_39.ogg,2
BC2026_Train_0039_S22_20211231_201500.ogg,38,43,22961;23158;24321;517063;65380,upsampled,data/train_soundscapes_upsampled/BC2026_Train_0039_S22_20211231_201500_38_43.ogg,2
BC2026_Train_0039_S22_20211231_201500.ogg,37,42,22961;23158;24321;517063;65380,upsampled,data/train_soundscapes_upsampled/BC2026_Train_0039_S22_20211231_201500_37_42.ogg,2
BC2026_Train_0039_S22_20211231_201500.ogg,36,41,22961;23158;24321;517063;65380,upsampled,data/train_soundscapes_upsampled/BC2026_Train_0039_S22_20211231_201500_36_41.ogg,2
BC2026_Train_0039_S22_20211231_201500.ogg,43,48,22961;23158;24321;517063;65380,upsampled,data/train_soundscapes_upsampled/BC2026_Train_0039_S22_20211231_201500_43_48.ogg,2
BC2026_Train_0039_S22_20211231_201500.ogg,39,44,22961;23158;24321;517063;65380,upsampled,data/train_soundscapes_upsampled/BC2026_Train_0039_S22_20211231_201500_39_44.ogg,2
BC2026_Train_0039_S22_20211231_201500.ogg,42,47,22961;23158;24321;517063;65380,upsampled,data/train_soundscapes_upsampled/BC2026_Train_0039_S22_20211231_201500_42_47.ogg,2
BC2026_Train_0039_S22_20211231_201500.ogg,41,46,22961;23158;24321;517063;65380,upsampled,data/train_soundscapes_upsampled/BC2026_Train_0039_S22_20211231_201500_41_46.ogg,2
BC2026_Train_0039_S22_20211231_201500.ogg,44,49,22961;23158;24321;517063;65380,upsampled,data/train_soundscapes_upsampled/BC2026_Train_0039_S22_20211231_201500_44_49.ogg,2
BC2026_Train_0039_S22_20211231_201500.ogg,46,51,22961;23158;24321;517063;65380,upsampled,data/train_soundscapes_upsampled/BC2026_Train_0039_S22_20211231_201500_46_51.ogg,2
BC2026_Train_0039_S22_20211231_201500.ogg,48,53,22961;23158;24321;517063;65380,upsampled,data/train_soundscapes_upsampled/BC2026_Train_0039_S22_20211231_201500_48_53.ogg,2
BC2026_Train_0039_S22_20211231_201500.ogg,47,52,22961;23158;24321;517063;65380,upsampled,data/train_soundscapes_upsampled/BC2026_Train_0039_S22_20211231_201500_47_52.ogg,2
BC2026_Train_0039_S22_20211231_201500.ogg,53,58,22961;23158;24321;517063;65380,upsampled,data/train_soundscapes_upsampled/BC2026_Train_0039_S22_20211231_201500_53_58.ogg,2
BC2026_Train_0039_S22_20211231_201500.ogg,49,54,22961;23158;24321;517063;65380,upsampled,data/train_soundscapes_upsampled/BC2026_Train_0039_S22_20211231_201500_49_54.ogg,2
BC2026_Train_0039_S22_20211231_201500.ogg,52,57,22961;23158;24321;517063;65380,upsampled,data/train_soundscapes_upsampled/BC2026_Train_0039_S22_20211231_201500_52_57.ogg,2
BC2026_Train_0039_S22_20211231_201500.ogg,51,56,22961;23158;24321;517063;65380,upsampled,data/train_soundscapes_upsampled/BC2026_Train_0039_S22_20211231_201500_51_56.ogg,2
BC2026_Train_0039_S22_20211231_201500.ogg,54,59,22961;23158;24321;517063;65380,upsampled,data/train_soundscapes_upsampled/BC2026_Train_0039_S22_20211231_201500_54_59.ogg,2
BC2026_Train_0040_S22_20220101_014500.ogg,3,8,22961;23158;24279;517063;555146;65380,upsampled,data/train_soundscapes_upsampled/BC2026_Train_0040_S22_20220101_014500_3_8.ogg,1
BC2026_Train_0040_S22_20220101_014500.ogg,2,7,22961;23158;24279;517063;555146;65380,upsampled,data/train_soundscapes_upsampled/BC2026_Train_0040_S22_20220101_014500_2_7.ogg,1
BC2026_Train_0040_S22_20220101_014500.ogg,1,6,22961;23158;24279;517063;555146;65380,upsampled,data/train_soundscapes_upsampled/BC2026_Train_0040_S22_20220101_014500_1_6.ogg,1
BC2026_Train_0040_S22_20220101_014500.ogg,8,13,22961;23158;24279;517063;555146;65380,upsampled,data/train_soundscapes_upsampled/BC2026_Train_0040_S22_20220101_014500_8_13.ogg,1
BC2026_Train_0040_S22_20220101_014500.ogg,7,12,22961;23158;24279;517063;555146;65380,upsampled,data/train_soundscapes_upsampled/BC2026_Train_0040_S22_20220101_014500_7_12.ogg,1
BC2026_Train_0040_S22_20220101_014500.ogg,4,9,22961;23158;24279;517063;555146;65380,upsampled,data/train_soundscapes_upsampled/BC2026_Train_0040_S22_20220101_014500_4_9.ogg,1
BC2026_Train_0040_S22_20220101_014500.ogg,6,11,22961;23158;24279;517063;555146;65380,upsampled,data/train_soundscapes_upsampled/BC2026_Train_0040_S22_20220101_014500_6_11.ogg,1
BC2026_Train_0040_S22_20220101_014500.ogg,12,17,22961;23158;24279;517063;555146;65380,upsampled,data/train_soundscapes_upsampled/BC2026_Train_0040_S22_20220101_014500_12_17.ogg,1
BC2026_Train_0040_S22_20220101_014500.ogg,13,18,22961;23158;24279;517063;555146;65380,upsampled,data/train_soundscapes_upsampled/BC2026_Train_0040_S22_20220101_014500_13_18.ogg,1
BC2026_Train_0040_S22_20220101_014500.ogg,11,16,22961;23158;24279;517063;555146;65380,upsampled,data/train_soundscapes_upsampled/BC2026_Train_0040_S22_20220101_014500_11_16.ogg,1
BC2026_Train_0040_S22_20220101_014500.ogg,9,14,22961;23158;24279;517063;555146;65380,upsampled,data/train_soundscapes_upsampled/BC2026_Train_0040_S22_20220101_014500_9_14.ogg,1
BC2026_Train_0040_S22_20220101_014500.ogg,14,19,22961;23158;24279;517063;555146;65380,upsampled,data/train_soundscapes_upsampled/BC2026_Train_0040_S22_20220101_014500_14_19.ogg,1
BC2026_Train_0040_S22_20220101_014500.ogg,16,21,22961;23158;24279;517063;555146;65380,upsampled,data/train_soundscapes_upsampled/BC2026_Train_0040_S22_20220101_014500_16_21.ogg,1
BC2026_Train_0040_S22_20220101_014500.ogg,17,22,22961;23158;24279;517063;555146;65380,upsampled,data/train_soundscapes_upsampled/BC2026_Train_0040_S22_20220101_014500_17_22.ogg,1
BC2026_Train_0040_S22_20220101_014500.ogg,18,23,22961;23158;24279;517063;555146;65380,upsampled,data/train_soundscapes_upsampled/BC2026_Train_0040_S22_20220101_014500_18_23.ogg,1
BC2026_Train_0040_S22_20220101_014500.ogg,22,27,22961;23158;24279;517063;555146;65380,upsampled,data/train_soundscapes_upsampled/BC2026_Train_0040_S22_20220101_014500_22_27.ogg,1
BC2026_Train_0040_S22_20220101_014500.ogg,21,26,22961;23158;24279;517063;555146;65380,upsampled,data/train_soundscapes_upsampled/BC2026_Train_0040_S22_20220101_014500_21_26.ogg,1
BC2026_Train_0040_S22_20220101_014500.ogg,23,28,22961;23158;24279;517063;555146;65380,upsampled,data/train_soundscapes_upsampled/BC2026_Train_0040_S22_20220101_014500_23_28.ogg,1
BC2026_Train_0040_S22_20220101_014500.ogg,19,24,22961;23158;24279;517063;555146;65380,upsampled,data/train_soundscapes_upsampled/BC2026_Train_0040_S22_20220101_014500_19_24.ogg,1
BC2026_Train_0040_S22_20220101_014500.ogg,27,32,22961;23158;24279;517063;555146;65380,upsampled,data/train_soundscapes_upsampled/BC2026_Train_0040_S22_20220101_014500_27_32.ogg,1
BC2026_Train_0040_S22_20220101_014500.ogg,26,31,22961;23158;24279;517063;555146;65380,upsampled,data/train_soundscapes_upsampled/BC2026_Train_0040_S22_20220101_014500_26_31.ogg,1
BC2026_Train_0040_S22_20220101_014500.ogg,28,33,22961;23158;24279;517063;555146;65380,upsampled,data/train_soundscapes_upsampled/BC2026_Train_0040_S22_20220101_014500_28_33.ogg,1
BC2026_Train_0040_S22_20220101_014500.ogg,24,29,22961;23158;24279;517063;555146;65380,upsampled,data/train_soundscapes_upsampled/BC2026_Train_0040_S22_20220101_014500_24_29.ogg,1
BC2026_Train_0040_S22_20220101_014500.ogg,33,38,22961;23158;24279;517063;555146;65380,upsampled,data/train_soundscapes_upsampled/BC2026_Train_0040_S22_20220101_014500_33_38.ogg,1
BC2026_Train_0040_S22_20220101_014500.ogg,29,34,22961;23158;24279;517063;555146;65380,upsampled,data/train_soundscapes_upsampled/BC2026_Train_0040_S22_20220101_014500_29_34.ogg,1
BC2026_Train_0040_S22_20220101_014500.ogg,32,37,22961;23158;24279;517063;555146;65380,upsampled,data/train_soundscapes_upsampled/BC2026_Train_0040_S22_20220101_014500_32_37.ogg,1
BC2026_Train_0040_S22_20220101_014500.ogg,31,36,22961;23158;24279;517063;555146;65380,upsampled,data/train_soundscapes_upsampled/BC2026_Train_0040_S22_20220101_014500_31_36.ogg,1
BC2026_Train_0040_S22_20220101_014500.ogg,38,43,22961;23158;24279;517063;555146;65380,upsampled,data/train_soundscapes_upsampled/BC2026_Train_0040_S22_20220101_014500_38_43.ogg,1
BC2026_Train_0040_S22_20220101_014500.ogg,36,41,22961;23158;24279;517063;555146;65380,upsampled,data/train_soundscapes_upsampled/BC2026_Train_0040_S22_20220101_014500_36_41.ogg,1
BC2026_Train_0040_S22_20220101_014500.ogg,37,42,22961;23158;24279;517063;555146;65380,upsampled,data/train_soundscapes_upsampled/BC2026_Train_0040_S22_20220101_014500_37_42.ogg,1
BC2026_Train_0040_S22_20220101_014500.ogg,34,39,22961;23158;24279;517063;555146;65380,upsampled,data/train_soundscapes_upsampled/BC2026_Train_0040_S22_20220101_014500_34_39.ogg,1
BC2026_Train_0040_S22_20220101_014500.ogg,43,48,22961;23158;24279;517063;555146;65380,upsampled,data/train_soundscapes_upsampled/BC2026_Train_0040_S22_20220101_014500_43_48.ogg,1
BC2026_Train_0040_S22_20220101_014500.ogg,42,47,22961;23158;24279;517063;555146;65380,upsampled,data/train_soundscapes_upsampled/BC2026_Train_0040_S22_20220101_014500_42_47.ogg,1
BC2026_Train_0040_S22_20220101_014500.ogg,41,46,22961;23158;24279;517063;555146;65380,upsampled,data/train_soundscapes_upsampled/BC2026_Train_0040_S22_20220101_014500_41_46.ogg,1
BC2026_Train_0040_S22_20220101_014500.ogg,39,44,22961;23158;24279;517063;555146;65380,upsampled,data/train_soundscapes_upsampled/BC2026_Train_0040_S22_20220101_014500_39_44.ogg,1
BC2026_Train_0040_S22_20220101_014500.ogg,44,49,22961;23158;24279;517063;555146;65380,upsampled,data/train_soundscapes_upsampled/BC2026_Train_0040_S22_20220101_014500_44_49.ogg,1
BC2026_Train_0040_S22_20220101_014500.ogg,46,51,22961;23158;24279;517063;555146;65380,upsampled,data/train_soundscapes_upsampled/BC2026_Train_0040_S22_20220101_014500_46_51.ogg,1
BC2026_Train_0040_S22_20220101_014500.ogg,47,52,22961;23158;24279;517063;555146;65380,upsampled,data/train_soundscapes_upsampled/BC2026_Train_0040_S22_20220101_014500_47_52.ogg,1
BC2026_Train_0040_S22_20220101_014500.ogg,48,53,22961;23158;24279;517063;555146;65380,upsampled,data/train_soundscapes_upsampled/BC2026_Train_0040_S22_20220101_014500_48_53.ogg,1
BC2026_Train_0040_S22_20220101_014500.ogg,51,56,22961;23158;24279;517063;555146;65380,upsampled,data/train_soundscapes_upsampled/BC2026_Train_0040_S22_20220101_014500_51_56.ogg,1
BC2026_Train_0040_S22_20220101_014500.ogg,53,58,22961;23158;24279;517063;555146;65380,upsampled,data/train_soundscapes_upsampled/BC2026_Train_0040_S22_20220101_014500_53_58.ogg,1
BC2026_Train_0040_S22_20220101_014500.ogg,52,57,22961;23158;24279;517063;555146;65380,upsampled,data/train_soundscapes_upsampled/BC2026_Train_0040_S22_20220101_014500_52_57.ogg,1
BC2026_Train_0040_S22_20220101_014500.ogg,49,54,22961;23158;24279;517063;555146;65380,upsampled,data/train_soundscapes_upsampled/BC2026_Train_0040_S22_20220101_014500_49_54.ogg,1
BC2026_Train_0040_S22_20220101_014500.ogg,54,59,22961;23158;24279;517063;555146;65380,upsampled,data/train_soundscapes_upsampled/BC2026_Train_0040_S22_20220101_014500_54_59.ogg,1
BC2026_Train_0041_S22_20220105_223000.ogg,3,8,23158;24279;24321;517063;555146;65380;66971,upsampled,data/train_soundscapes_upsampled/BC2026_Train_0041_S22_20220105_223000_3_8.ogg,1
BC2026_Train_0041_S22_20220105_223000.ogg,8,13,23158;24279;24321;517063;555146;65380;66971,upsampled,data/train_soundscapes_upsampled/BC2026_Train_0041_S22_20220105_223000_8_13.ogg,1
BC2026_Train_0041_S22_20220105_223000.ogg,11,16,23158;24279;24321;517063;555146;65380;66971,upsampled,data/train_soundscapes_upsampled/BC2026_Train_0041_S22_20220105_223000_11_16.ogg,1
BC2026_Train_0041_S22_20220105_223000.ogg,18,23,23158;24279;24321;517063;555146;65380;66971,upsampled,data/train_soundscapes_upsampled/BC2026_Train_0041_S22_20220105_223000_18_23.ogg,1
BC2026_Train_0041_S22_20220105_223000.ogg,23,28,23158;24279;24321;517063;555146;65380;66971,upsampled,data/train_soundscapes_upsampled/BC2026_Train_0041_S22_20220105_223000_23_28.ogg,1
BC2026_Train_0041_S22_20220105_223000.ogg,27,32,23158;24279;24321;517063;555146;65380;66971,upsampled,data/train_soundscapes_upsampled/BC2026_Train_0041_S22_20220105_223000_27_32.ogg,1
BC2026_Train_0041_S22_20220105_223000.ogg,31,36,23158;24279;24321;517063;555146;65380;66971,upsampled,data/train_soundscapes_upsampled/BC2026_Train_0041_S22_20220105_223000_31_36.ogg,1
BC2026_Train_0041_S22_20220105_223000.ogg,33,38,23158;24279;24321;517063;555146;65380;66971,upsampled,data/train_soundscapes_upsampled/BC2026_Train_0041_S22_20220105_223000_33_38.ogg,1
BC2026_Train_0041_S22_20220105_223000.ogg,39,44,23158;24279;24321;517063;555146;65380;66971,upsampled,data/train_soundscapes_upsampled/BC2026_Train_0041_S22_20220105_223000_39_44.ogg,1
BC2026_Train_0041_S22_20220105_223000.ogg,42,47,23158;24279;24321;517063;555146;65380;66971,upsampled,data/train_soundscapes_upsampled/BC2026_Train_0041_S22_20220105_223000_42_47.ogg,1
BC2026_Train_0041_S22_20220105_223000.ogg,47,52,23158;24279;24321;517063;555146;65380;66971,upsampled,data/train_soundscapes_upsampled/BC2026_Train_0041_S22_20220105_223000_47_52.ogg,1
BC2026_Train_0041_S22_20220105_223000.ogg,53,58,23158;24279;24321;517063;555146;65380;66971,upsampled,data/train_soundscapes_upsampled/BC2026_Train_0041_S22_20220105_223000_53_58.ogg,1
BC2026_Train_0042_S22_20220106_210000.ogg,3,8,23158;24279;24321;555146;65380;66971,upsampled,data/train_soundscapes_upsampled/BC2026_Train_0042_S22_20220106_210000_3_8.ogg,0
BC2026_Train_0042_S22_20220106_210000.ogg,2,7,23158;24279;24321;555146;65380;66971,upsampled,data/train_soundscapes_upsampled/BC2026_Train_0042_S22_20220106_210000_2_7.ogg,0
BC2026_Train_0042_S22_20220106_210000.ogg,8,13,23158;24279;24321;555146;65380;66971,upsampled,data/train_soundscapes_upsampled/BC2026_Train_0042_S22_20220106_210000_8_13.ogg,0
BC2026_Train_0042_S22_20220106_210000.ogg,14,19,23158;24279;24321;555146;65380;66971,upsampled,data/train_soundscapes_upsampled/BC2026_Train_0042_S22_20220106_210000_14_19.ogg,0
BC2026_Train_0042_S22_20220106_210000.ogg,23,28,23158;24279;24321;555146;65380;66971,upsampled,data/train_soundscapes_upsampled/BC2026_Train_0042_S22_20220106_210000_23_28.ogg,0
BC2026_Train_0042_S22_20220106_210000.ogg,26,31,23158;24279;24321;555146;65380;66971,upsampled,data/train_soundscapes_upsampled/BC2026_Train_0042_S22_20220106_210000_26_31.ogg,0
BC2026_Train_0042_S22_20220106_210000.ogg,28,33,23158;24279;24321;555146;65380;66971,upsampled,data/train_soundscapes_upsampled/BC2026_Train_0042_S22_20220106_210000_28_33.ogg,0
BC2026_Train_0042_S22_20220106_210000.ogg,33,38,23158;24279;24321;555146;65380;66971,upsampled,data/train_soundscapes_upsampled/BC2026_Train_0042_S22_20220106_210000_33_38.ogg,0
BC2026_Train_0042_S22_20220106_210000.ogg,42,47,23158;24279;24321;555146;65380;66971,upsampled,data/train_soundscapes_upsampled/BC2026_Train_0042_S22_20220106_210000_42_47.ogg,0
BC2026_Train_0042_S22_20220106_210000.ogg,46,51,23158;24279;24321;555146;65380;66971,upsampled,data/train_soundscapes_upsampled/BC2026_Train_0042_S22_20220106_210000_46_51.ogg,0
BC2026_Train_0042_S22_20220106_210000.ogg,49,54,23158;24279;24321;555146;65380;66971,upsampled,data/train_soundscapes_upsampled/BC2026_Train_0042_S22_20220106_210000_49_54.ogg,0
BC2026_Train_0042_S22_20220106_210000.ogg,52,57,23158;24279;24321;555146;65380;66971,upsampled,data/train_soundscapes_upsampled/BC2026_Train_0042_S22_20220106_210000_52_57.ogg,0
BC2026_Train_0043_S22_20220112_040000.ogg,1,6,22967;22973;24279;517063;redjun,upsampled,data/train_soundscapes_upsampled/BC2026_Train_0043_S22_20220112_040000_1_6.ogg,2
BC2026_Train_0043_S22_20220112_040000.ogg,7,12,22967;22973;24279;517063;redjun,upsampled,data/train_soundscapes_upsampled/BC2026_Train_0043_S22_20220112_040000_7_12.ogg,2
BC2026_Train_0043_S22_20220112_040000.ogg,4,9,22967;22973;24279;517063;redjun,upsampled,data/train_soundscapes_upsampled/BC2026_Train_0043_S22_20220112_040000_4_9.ogg,2
BC2026_Train_0043_S22_20220112_040000.ogg,8,13,22967;22973;24279;517063;redjun,upsampled,data/train_soundscapes_upsampled/BC2026_Train_0043_S22_20220112_040000_8_13.ogg,2
BC2026_Train_0043_S22_20220112_040000.ogg,3,8,22967;22973;24279;517063;redjun,upsampled,data/train_soundscapes_upsampled/BC2026_Train_0043_S22_20220112_040000_3_8.ogg,2
BC2026_Train_0043_S22_20220112_040000.ogg,9,14,22967;22973;24279;517063;redjun,upsampled,data/train_soundscapes_upsampled/BC2026_Train_0043_S22_20220112_040000_9_14.ogg,2
BC2026_Train_0043_S22_20220112_040000.ogg,13,18,22967;22973;24279;517063;redjun,upsampled,data/train_soundscapes_upsampled/BC2026_Train_0043_S22_20220112_040000_13_18.ogg,2
BC2026_Train_0043_S22_20220112_040000.ogg,11,16,22967;22973;24279;517063;redjun,upsampled,data/train_soundscapes_upsampled/BC2026_Train_0043_S22_20220112_040000_11_16.ogg,2
BC2026_Train_0043_S22_20220112_040000.ogg,12,17,22967;22973;24279;517063;redjun,upsampled,data/train_soundscapes_upsampled/BC2026_Train_0043_S22_20220112_040000_12_17.ogg,2
BC2026_Train_0043_S22_20220112_040000.ogg,17,22,22967;22973;517063;redjun,upsampled,data/train_soundscapes_upsampled/BC2026_Train_0043_S22_20220112_040000_17_22.ogg,2
BC2026_Train_0043_S22_20220112_040000.ogg,21,26,22967;22973;24279;517063;redjun,upsampled,data/train_soundscapes_upsampled/BC2026_Train_0043_S22_20220112_040000_21_26.ogg,2
BC2026_Train_0043_S22_20220112_040000.ogg,18,23,22967;22973;517063;redjun,upsampled,data/train_soundscapes_upsampled/BC2026_Train_0043_S22_20220112_040000_18_23.ogg,2
BC2026_Train_0043_S22_20220112_040000.ogg,22,27,22967;22973;24279;517063;redjun,upsampled,data/train_soundscapes_upsampled/BC2026_Train_0043_S22_20220112_040000_22_27.ogg,2
BC2026_Train_0043_S22_20220112_040000.ogg,19,24,22967;22973;517063;redjun,upsampled,data/train_soundscapes_upsampled/BC2026_Train_0043_S22_20220112_040000_19_24.ogg,2
BC2026_Train_0043_S22_20220112_040000.ogg,23,28,22967;22973;24279;517063;redjun,upsampled,data/train_soundscapes_upsampled/BC2026_Train_0043_S22_20220112_040000_23_28.ogg,2
BC2026_Train_0043_S22_20220112_040000.ogg,27,32,22967;22973;24279;517063;redjun,upsampled,data/train_soundscapes_upsampled/BC2026_Train_0043_S22_20220112_040000_27_32.ogg,2
BC2026_Train_0043_S22_20220112_040000.ogg,26,31,22967;22973;24279;517063;redjun,upsampled,data/train_soundscapes_upsampled/BC2026_Train_0043_S22_20220112_040000_26_31.ogg,2
BC2026_Train_0043_S22_20220112_040000.ogg,28,33,22967;22973;24279;517063;redjun,upsampled,data/train_soundscapes_upsampled/BC2026_Train_0043_S22_20220112_040000_28_33.ogg,2
BC2026_Train_0043_S22_20220112_040000.ogg,33,38,22967;22973;24279;517063,upsampled,data/train_soundscapes_upsampled/BC2026_Train_0043_S22_20220112_040000_33_38.ogg,2
BC2026_Train_0043_S22_20220112_040000.ogg,32,37,22967;22973;24279;517063,upsampled,data/train_soundscapes_upsampled/BC2026_Train_0043_S22_20220112_040000_32_37.ogg,2
BC2026_Train_0043_S22_20220112_040000.ogg,42,47,22967;22973;24279;517063;redjun,upsampled,data/train_soundscapes_upsampled/BC2026_Train_0043_S22_20220112_040000_42_47.ogg,2
BC2026_Train_0043_S22_20220112_040000.ogg,43,48,22967;22973;24279;517063;redjun,upsampled,data/train_soundscapes_upsampled/BC2026_Train_0043_S22_20220112_040000_43_48.ogg,2
BC2026_Train_0043_S22_20220112_040000.ogg,48,53,22967;22973;24279;517063;redjun,upsampled,data/train_soundscapes_upsampled/BC2026_Train_0043_S22_20220112_040000_48_53.ogg,2
BC2026_Train_0043_S22_20220112_040000.ogg,44,49,22967;22973;24279;517063;redjun,upsampled,data/train_soundscapes_upsampled/BC2026_Train_0043_S22_20220112_040000_44_49.ogg,2
BC2026_Train_0043_S22_20220112_040000.ogg,47,52,22967;22973;24279;517063;redjun,upsampled,data/train_soundscapes_upsampled/BC2026_Train_0043_S22_20220112_040000_47_52.ogg,2
BC2026_Train_0043_S22_20220112_040000.ogg,49,54,22967;22973;24279;517063;redjun,upsampled,data/train_soundscapes_upsampled/BC2026_Train_0043_S22_20220112_040000_49_54.ogg,2
BC2026_Train_0043_S22_20220112_040000.ogg,51,56,22967;22973;24279;517063;redjun,upsampled,data/train_soundscapes_upsampled/BC2026_Train_0043_S22_20220112_040000_51_56.ogg,2
BC2026_Train_0043_S22_20220112_040000.ogg,53,58,22967;22973;24279;517063;redjun,upsampled,data/train_soundscapes_upsampled/BC2026_Train_0043_S22_20220112_040000_53_58.ogg,2
BC2026_Train_0043_S22_20220112_040000.ogg,52,57,22967;22973;24279;517063;redjun,upsampled,data/train_soundscapes_upsampled/BC2026_Train_0043_S22_20220112_040000_52_57.ogg,2
BC2026_Train_0043_S22_20220112_040000.ogg,54,59,22967;22973;24279;517063;redjun,upsampled,data/train_soundscapes_upsampled/BC2026_Train_0043_S22_20220112_040000_54_59.ogg,2
BC2026_Train_0044_S22_20220124_023000.ogg,16,21,22973;24321;517063;65380,upsampled,data/train_soundscapes_upsampled/BC2026_Train_0044_S22_20220124_023000_16_21.ogg,2
BC2026_Train_0044_S22_20220124_023000.ogg,17,22,22973;24321;517063;65380,upsampled,data/train_soundscapes_upsampled/BC2026_Train_0044_S22_20220124_023000_17_22.ogg,2
BC2026_Train_0044_S22_20220124_023000.ogg,32,37,22973;24279;24321;517063;65380,upsampled,data/train_soundscapes_upsampled/BC2026_Train_0044_S22_20220124_023000_32_37.ogg,2
BC2026_Train_0044_S22_20220124_023000.ogg,38,43,22967;22973;24321;517063;65380,upsampled,data/train_soundscapes_upsampled/BC2026_Train_0044_S22_20220124_023000_38_43.ogg,2
BC2026_Train_0044_S22_20220124_023000.ogg,39,44,22967;22973;24321;517063;65380,upsampled,data/train_soundscapes_upsampled/BC2026_Train_0044_S22_20220124_023000_39_44.ogg,2
BC2026_Train_0044_S22_20220124_023000.ogg,42,47,22967;22973;24321;517063;65380,upsampled,data/train_soundscapes_upsampled/BC2026_Train_0044_S22_20220124_023000_42_47.ogg,2
BC2026_Train_0044_S22_20220124_023000.ogg,53,58,22973;24321;517063;65380,upsampled,data/train_soundscapes_upsampled/BC2026_Train_0044_S22_20220124_023000_53_58.ogg,2
BC2026_Train_0044_S22_20220124_023000.ogg,54,59,22973;24321;517063;65380,upsampled,data/train_soundscapes_upsampled/BC2026_Train_0044_S22_20220124_023000_54_59.ogg,2
BC2026_Train_0045_S22_20220125_211500.ogg,1,6,24321;555146;65380;66971,upsampled,data/train_soundscapes_upsampled/BC2026_Train_0045_S22_20220125_211500_1_6.ogg,1
BC2026_Train_0045_S22_20220125_211500.ogg,6,11,24321;555146;65380;66971,upsampled,data/train_soundscapes_upsampled/BC2026_Train_0045_S22_20220125_211500_6_11.ogg,1
BC2026_Train_0045_S22_20220125_211500.ogg,8,13,24321;555146;65380;66971,upsampled,data/train_soundscapes_upsampled/BC2026_Train_0045_S22_20220125_211500_8_13.ogg,1
BC2026_Train_0045_S22_20220125_211500.ogg,18,23,24321;555146;65380;66971,upsampled,data/train_soundscapes_upsampled/BC2026_Train_0045_S22_20220125_211500_18_23.ogg,1
BC2026_Train_0045_S22_20220125_211500.ogg,23,28,24321;555146;65380;66971,upsampled,data/train_soundscapes_upsampled/BC2026_Train_0045_S22_20220125_211500_23_28.ogg,1
BC2026_Train_0045_S22_20220125_211500.ogg,22,27,24321;555146;65380;66971,upsampled,data/train_soundscapes_upsampled/BC2026_Train_0045_S22_20220125_211500_22_27.ogg,1
BC2026_Train_0045_S22_20220125_211500.ogg,27,32,24321;555146;65380;66971,upsampled,data/train_soundscapes_upsampled/BC2026_Train_0045_S22_20220125_211500_27_32.ogg,1
BC2026_Train_0045_S22_20220125_211500.ogg,37,42,24321;555146;65380;66971,upsampled,data/train_soundscapes_upsampled/BC2026_Train_0045_S22_20220125_211500_37_42.ogg,1
BC2026_Train_0045_S22_20220125_211500.ogg,39,44,24321;555146;65380;66971,upsampled,data/train_soundscapes_upsampled/BC2026_Train_0045_S22_20220125_211500_39_44.ogg,1
BC2026_Train_0045_S22_20220125_211500.ogg,42,47,24321;555146;65380;66971,upsampled,data/train_soundscapes_upsampled/BC2026_Train_0045_S22_20220125_211500_42_47.ogg,1
BC2026_Train_0045_S22_20220125_211500.ogg,52,57,24321;555146;65380;66971,upsampled,data/train_soundscapes_upsampled/BC2026_Train_0045_S22_20220125_211500_52_57.ogg,1
BC2026_Train_0045_S22_20220125_211500.ogg,53,58,24321;555146;65380;66971,upsampled,data/train_soundscapes_upsampled/BC2026_Train_0045_S22_20220125_211500_53_58.ogg,1
BC2026_Train_0046_S22_20220127_230000.ogg,1,6,24279;24321;555146;65380;66971,upsampled,data/train_soundscapes_upsampled/BC2026_Train_0046_S22_20220127_230000_1_6.ogg,2
BC2026_Train_0046_S22_20220127_230000.ogg,6,11,24279;24321;555146;65380;66971,upsampled,data/train_soundscapes_upsampled/BC2026_Train_0046_S22_20220127_230000_6_11.ogg,2
BC2026_Train_0046_S22_20220127_230000.ogg,12,17,24279;24321;555146;65380;66971,upsampled,data/train_soundscapes_upsampled/BC2026_Train_0046_S22_20220127_230000_12_17.ogg,2
BC2026_Train_0046_S22_20220127_230000.ogg,14,19,24279;24321;555146;65380;66971,upsampled,data/train_soundscapes_upsampled/BC2026_Train_0046_S22_20220127_230000_14_19.ogg,2
BC2026_Train_0046_S22_20220127_230000.ogg,21,26,24279;555146;65380;66971,upsampled,data/train_soundscapes_upsampled/BC2026_Train_0046_S22_20220127_230000_21_26.ogg,2
BC2026_Train_0046_S22_20220127_230000.ogg,24,29,24279;555146;65380;66971,upsampled,data/train_soundscapes_upsampled/BC2026_Train_0046_S22_20220127_230000_24_29.ogg,2
BC2026_Train_0046_S22_20220127_230000.ogg,31,36,24279;24321;555146;65380;66971,upsampled,data/train_soundscapes_upsampled/BC2026_Train_0046_S22_20220127_230000_31_36.ogg,2
BC2026_Train_0046_S22_20220127_230000.ogg,34,39,24279;24321;555146;65380;66971,upsampled,data/train_soundscapes_upsampled/BC2026_Train_0046_S22_20220127_230000_34_39.ogg,2
BC2026_Train_0046_S22_20220127_230000.ogg,42,47,24279;24321;555146;65380;66971,upsampled,data/train_soundscapes_upsampled/BC2026_Train_0046_S22_20220127_230000_42_47.ogg,2
BC2026_Train_0046_S22_20220127_230000.ogg,48,53,24279;24321;555146;65380;66971,upsampled,data/train_soundscapes_upsampled/BC2026_Train_0046_S22_20220127_230000_48_53.ogg,2
BC2026_Train_0046_S22_20220127_230000.ogg,53,58,24279;555146;65380;66971,upsampled,data/train_soundscapes_upsampled/BC2026_Train_0046_S22_20220127_230000_53_58.ogg,2
BC2026_Train_0046_S22_20220127_230000.ogg,54,59,24279;555146;65380;66971,upsampled,data/train_soundscapes_upsampled/BC2026_Train_0046_S22_20220127_230000_54_59.ogg,2
BC2026_Train_0047_S22_20220131_003000.ogg,2,7,24279;517063;555146;65380,upsampled,data/train_soundscapes_upsampled/BC2026_Train_0047_S22_20220131_003000_2_7.ogg,1
BC2026_Train_0047_S22_20220131_003000.ogg,4,9,24279;517063;555146;65380,upsampled,data/train_soundscapes_upsampled/BC2026_Train_0047_S22_20220131_003000_4_9.ogg,1
BC2026_Train_0047_S22_20220131_003000.ogg,8,13,22973;24279;517063;555146;65380,upsampled,data/train_soundscapes_upsampled/BC2026_Train_0047_S22_20220131_003000_8_13.ogg,1
BC2026_Train_0047_S22_20220131_003000.ogg,16,21,22973;23158;24279;517063;555146;65380,upsampled,data/train_soundscapes_upsampled/BC2026_Train_0047_S22_20220131_003000_16_21.ogg,1
BC2026_Train_0047_S22_20220131_003000.ogg,22,27,23158;24279;517063;555146;65380,upsampled,data/train_soundscapes_upsampled/BC2026_Train_0047_S22_20220131_003000_22_27.ogg,1
BC2026_Train_0047_S22_20220131_003000.ogg,26,31,22973;23158;24279;517063;555146;65380,upsampled,data/train_soundscapes_upsampled/BC2026_Train_0047_S22_20220131_003000_26_31.ogg,1
BC2026_Train_0047_S22_20220131_003000.ogg,27,32,22973;23158;24279;517063;555146;65380,upsampled,data/train_soundscapes_upsampled/BC2026_Train_0047_S22_20220131_003000_27_32.ogg,1
BC2026_Train_0047_S22_20220131_003000.ogg,34,39,22973;23158;24279;517063;555146;65380,upsampled,data/train_soundscapes_upsampled/BC2026_Train_0047_S22_20220131_003000_34_39.ogg,1
BC2026_Train_0047_S22_20220131_003000.ogg,39,44,22973;23158;24279;517063;555146;65380,upsampled,data/train_soundscapes_upsampled/BC2026_Train_0047_S22_20220131_003000_39_44.ogg,1
BC2026_Train_0047_S22_20220131_003000.ogg,42,47,22973;24279;517063;555146;65380,upsampled,data/train_soundscapes_upsampled/BC2026_Train_0047_S22_20220131_003000_42_47.ogg,1
BC2026_Train_0047_S22_20220131_003000.ogg,49,54,22973;23158;24279;517063;555146;65380,upsampled,data/train_soundscapes_upsampled/BC2026_Train_0047_S22_20220131_003000_49_54.ogg,1
BC2026_Train_0047_S22_20220131_003000.ogg,53,58,22973;23158;24279;517063;555146;65380,upsampled,data/train_soundscapes_upsampled/BC2026_Train_0047_S22_20220131_003000_53_58.ogg,1
BC2026_Train_0048_S22_20220131_180000.ogg,1,6,1491113;bufpar;sibtan2;whtdov,upsampled,data/train_soundscapes_upsampled/BC2026_Train_0048_S22_20220131_180000_1_6.ogg,1
BC2026_Train_0048_S22_20220131_180000.ogg,3,8,1491113;bufpar;sibtan2;whtdov,upsampled,data/train_soundscapes_upsampled/BC2026_Train_0048_S22_20220131_180000_3_8.ogg,1
BC2026_Train_0048_S22_20220131_180000.ogg,2,7,1491113;bufpar;sibtan2;whtdov,upsampled,data/train_soundscapes_upsampled/BC2026_Train_0048_S22_20220131_180000_2_7.ogg,1
BC2026_Train_0048_S22_20220131_180000.ogg,6,11,1491113;bufpar;hyamac1;sibtan2,upsampled,data/train_soundscapes_upsampled/BC2026_Train_0048_S22_20220131_180000_6_11.ogg,1
BC2026_Train_0048_S22_20220131_180000.ogg,7,12,1491113;bufpar;hyamac1;sibtan2,upsampled,data/train_soundscapes_upsampled/BC2026_Train_0048_S22_20220131_180000_7_12.ogg,1
BC2026_Train_0048_S22_20220131_180000.ogg,8,13,1491113;bufpar;hyamac1;sibtan2,upsampled,data/train_soundscapes_upsampled/BC2026_Train_0048_S22_20220131_180000_8_13.ogg,1
BC2026_Train_0048_S22_20220131_180000.ogg,9,14,1491113;bufpar;hyamac1;sibtan2,upsampled,data/train_soundscapes_upsampled/BC2026_Train_0048_S22_20220131_180000_9_14.ogg,1
BC2026_Train_0048_S22_20220131_180000.ogg,12,17,1491113;bufpar;hyamac1,upsampled,data/train_soundscapes_upsampled/BC2026_Train_0048_S22_20220131_180000_12_17.ogg,1
BC2026_Train_0048_S22_20220131_180000.ogg,11,16,1491113;bufpar;hyamac1,upsampled,data/train_soundscapes_upsampled/BC2026_Train_0048_S22_20220131_180000_11_16.ogg,1
BC2026_Train_0048_S22_20220131_180000.ogg,13,18,1491113;bufpar;hyamac1,upsampled,data/train_soundscapes_upsampled/BC2026_Train_0048_S22_20220131_180000_13_18.ogg,1
BC2026_Train_0048_S22_20220131_180000.ogg,17,22,1491113;bufpar;hyamac1;whtdov,upsampled,data/train_soundscapes_upsampled/BC2026_Train_0048_S22_20220131_180000_17_22.ogg,1
BC2026_Train_0048_S22_20220131_180000.ogg,16,21,1491113;bufpar;hyamac1;whtdov,upsampled,data/train_soundscapes_upsampled/BC2026_Train_0048_S22_20220131_180000_16_21.ogg,1
BC2026_Train_0048_S22_20220131_180000.ogg,18,23,1491113;bufpar;hyamac1;whtdov,upsampled,data/train_soundscapes_upsampled/BC2026_Train_0048_S22_20220131_180000_18_23.ogg,1
BC2026_Train_0048_S22_20220131_180000.ogg,14,19,1491113;bufpar;hyamac1,upsampled,data/train_soundscapes_upsampled/BC2026_Train_0048_S22_20220131_180000_14_19.ogg,1
BC2026_Train_0048_S22_20220131_180000.ogg,22,27,1491113;bufpar;hyamac1;whtdov,upsampled,data/train_soundscapes_upsampled/BC2026_Train_0048_S22_20220131_180000_22_27.ogg,1
BC2026_Train_0048_S22_20220131_180000.ogg,19,24,1491113;bufpar;hyamac1;whtdov,upsampled,data/train_soundscapes_upsampled/BC2026_Train_0048_S22_20220131_180000_19_24.ogg,1
BC2026_Train_0048_S22_20220131_180000.ogg,23,28,1491113;bufpar;hyamac1;whtdov,upsampled,data/train_soundscapes_upsampled/BC2026_Train_0048_S22_20220131_180000_23_28.ogg,1
BC2026_Train_0048_S22_20220131_180000.ogg,21,26,1491113;bufpar;hyamac1;whtdov,upsampled,data/train_soundscapes_upsampled/BC2026_Train_0048_S22_20220131_180000_21_26.ogg,1
BC2026_Train_0048_S22_20220131_180000.ogg,24,29,1491113;bufpar;hyamac1;whtdov,upsampled,data/train_soundscapes_upsampled/BC2026_Train_0048_S22_20220131_180000_24_29.ogg,1
BC2026_Train_0048_S22_20220131_180000.ogg,26,31,1491113;66971;bufpar;hyamac1;whtdov,upsampled,data/train_soundscapes_upsampled/BC2026_Train_0048_S22_20220131_180000_26_31.ogg,1
BC2026_Train_0048_S22_20220131_180000.ogg,27,32,1491113;66971;bufpar;hyamac1;whtdov,upsampled,data/train_soundscapes_upsampled/BC2026_Train_0048_S22_20220131_180000_27_32.ogg,1
BC2026_Train_0048_S22_20220131_180000.ogg,28,33,1491113;66971;bufpar;hyamac1;whtdov,upsampled,data/train_soundscapes_upsampled/BC2026_Train_0048_S22_20220131_180000_28_33.ogg,1
BC2026_Train_0048_S22_20220131_180000.ogg,32,37,1491113;66971;bufpar;hyamac1;whtdov,upsampled,data/train_soundscapes_upsampled/BC2026_Train_0048_S22_20220131_180000_32_37.ogg,1
BC2026_Train_0048_S22_20220131_180000.ogg,31,36,1491113;66971;bufpar;hyamac1;whtdov,upsampled,data/train_soundscapes_upsampled/BC2026_Train_0048_S22_20220131_180000_31_36.ogg,1
BC2026_Train_0048_S22_20220131_180000.ogg,29,34,1491113;66971;bufpar;hyamac1;whtdov,upsampled,data/train_soundscapes_upsampled/BC2026_Train_0048_S22_20220131_180000_29_34.ogg,1
BC2026_Train_0048_S22_20220131_180000.ogg,33,38,1491113;66971;bufpar;hyamac1;whtdov,upsampled,data/train_soundscapes_upsampled/BC2026_Train_0048_S22_20220131_180000_33_38.ogg,1
BC2026_Train_0048_S22_20220131_180000.ogg,37,42,1491113;66971;bufpar;hyamac1,upsampled,data/train_soundscapes_upsampled/BC2026_Train_0048_S22_20220131_180000_37_42.ogg,1
BC2026_Train_0048_S22_20220131_180000.ogg,34,39,1491113;66971;bufpar;hyamac1;whtdov,upsampled,data/train_soundscapes_upsampled/BC2026_Train_0048_S22_20220131_180000_34_39.ogg,1
BC2026_Train_0048_S22_20220131_180000.ogg,36,41,1491113;66971;bufpar;hyamac1,upsampled,data/train_soundscapes_upsampled/BC2026_Train_0048_S22_20220131_180000_36_41.ogg,1
BC2026_Train_0048_S22_20220131_180000.ogg,38,43,1491113;66971;bufpar;hyamac1,upsampled,data/train_soundscapes_upsampled/BC2026_Train_0048_S22_20220131_180000_38_43.ogg,1
BC2026_Train_0048_S22_20220131_180000.ogg,39,44,1491113;66971;bufpar;hyamac1,upsampled,data/train_soundscapes_upsampled/BC2026_Train_0048_S22_20220131_180000_39_44.ogg,1
BC2026_Train_0048_S22_20220131_180000.ogg,41,46,1491113;23158;66971;bufpar;hyamac1;whtdov,upsampled,data/train_soundscapes_upsampled/BC2026_Train_0048_S22_20220131_180000_41_46.ogg,1
BC2026_Train_0048_S22_20220131_180000.ogg,42,47,1491113;23158;66971;bufpar;hyamac1;whtdov,upsampled,data/train_soundscapes_upsampled/BC2026_Train_0048_S22_20220131_180000_42_47.ogg,1
BC2026_Train_0048_S22_20220131_180000.ogg,43,48,1491113;23158;66971;bufpar;hyamac1;whtdov,upsampled,data/train_soundscapes_upsampled/BC2026_Train_0048_S22_20220131_180000_43_48.ogg,1
BC2026_Train_0048_S22_20220131_180000.ogg,44,49,1491113;23158;66971;bufpar;hyamac1;whtdov,upsampled,data/train_soundscapes_upsampled/BC2026_Train_0048_S22_20220131_180000_44_49.ogg,1
BC2026_Train_0048_S22_20220131_180000.ogg,46,51,1491113;23158;66971;bufpar;hyamac1;whtdov,upsampled,data/train_soundscapes_upsampled/BC2026_Train_0048_S22_20220131_180000_46_51.ogg,1
BC2026_Train_0048_S22_20220131_180000.ogg,47,52,1491113;23158;66971;bufpar;hyamac1;whtdov,upsampled,data/train_soundscapes_upsampled/BC2026_Train_0048_S22_20220131_180000_47_52.ogg,1
BC2026_Train_0048_S22_20220131_180000.ogg,48,53,1491113;23158;66971;bufpar;hyamac1;whtdov,upsampled,data/train_soundscapes_upsampled/BC2026_Train_0048_S22_20220131_180000_48_53.ogg,1
BC2026_Train_0048_S22_20220131_180000.ogg,51,56,1491113;23158;66971;bufpar;hyamac1;whtdov,upsampled,data/train_soundscapes_upsampled/BC2026_Train_0048_S22_20220131_180000_51_56.ogg,1
BC2026_Train_0048_S22_20220131_180000.ogg,53,58,1491113;23158;66971;bufpar;hyamac1;whtdov,upsampled,data/train_soundscapes_upsampled/BC2026_Train_0048_S22_20220131_180000_53_58.ogg,1
BC2026_Train_0048_S22_20220131_180000.ogg,49,54,1491113;23158;66971;bufpar;hyamac1;whtdov,upsampled,data/train_soundscapes_upsampled/BC2026_Train_0048_S22_20220131_180000_49_54.ogg,1
BC2026_Train_0048_S22_20220131_180000.ogg,52,57,1491113;23158;66971;bufpar;hyamac1;whtdov,upsampled,data/train_soundscapes_upsampled/BC2026_Train_0048_S22_20220131_180000_52_57.ogg,1
BC2026_Train_0048_S22_20220131_180000.ogg,54,59,1491113;23158;66971;bufpar;hyamac1;whtdov,upsampled,data/train_soundscapes_upsampled/BC2026_Train_0048_S22_20220131_180000_54_59.ogg,1
BC2026_Train_0049_S22_20220203_221500.ogg,2,7,517063;555146;65380;66971,upsampled,data/train_soundscapes_upsampled/BC2026_Train_0049_S22_20220203_221500_2_7.ogg,1
BC2026_Train_0049_S22_20220203_221500.ogg,3,8,517063;555146;65380;66971,upsampled,data/train_soundscapes_upsampled/BC2026_Train_0049_S22_20220203_221500_3_8.ogg,1
BC2026_Train_0049_S22_20220203_221500.ogg,13,18,24321;555146;65380;66971,upsampled,data/train_soundscapes_upsampled/BC2026_Train_0049_S22_20220203_221500_13_18.ogg,1
BC2026_Train_0049_S22_20220203_221500.ogg,14,19,24321;555146;65380;66971,upsampled,data/train_soundscapes_upsampled/BC2026_Train_0049_S22_20220203_221500_14_19.ogg,1
BC2026_Train_0049_S22_20220203_221500.ogg,18,23,24321;555146;65380;66971,upsampled,data/train_soundscapes_upsampled/BC2026_Train_0049_S22_20220203_221500_18_23.ogg,1
BC2026_Train_0049_S22_20220203_221500.ogg,24,29,24321;517063;555146;65380;66971,upsampled,data/train_soundscapes_upsampled/BC2026_Train_0049_S22_20220203_221500_24_29.ogg,1
BC2026_Train_0049_S22_20220203_221500.ogg,32,37,24321;517063;555146;65380;66971,upsampled,data/train_soundscapes_upsampled/BC2026_Train_0049_S22_20220203_221500_32_37.ogg,1
BC2026_Train_0049_S22_20220203_221500.ogg,36,41,24321;555146;65380;66971,upsampled,data/train_soundscapes_upsampled/BC2026_Train_0049_S22_20220203_221500_36_41.ogg,1
BC2026_Train_0049_S22_20220203_221500.ogg,37,42,24321;555146;65380;66971,upsampled,data/train_soundscapes_upsampled/BC2026_Train_0049_S22_20220203_221500_37_42.ogg,1
BC2026_Train_0049_S22_20220203_221500.ogg,43,48,22973;24321;555146;65380;66971,upsampled,data/train_soundscapes_upsampled/BC2026_Train_0049_S22_20220203_221500_43_48.ogg,1
BC2026_Train_0049_S22_20220203_221500.ogg,52,57,22973;24321;555146;65380;66971,upsampled,data/train_soundscapes_upsampled/BC2026_Train_0049_S22_20220203_221500_52_57.ogg,1
BC2026_Train_0049_S22_20220203_221500.ogg,54,59,22973;24321;555146;65380;66971,upsampled,data/train_soundscapes_upsampled/BC2026_Train_0049_S22_20220203_221500_54_59.ogg,1
BC2026_Train_0050_S22_20220205_214500.ogg,1,6,24279;24321;555146;65380;66971,upsampled,data/train_soundscapes_upsampled/BC2026_Train_0050_S22_20220205_214500_1_6.ogg,0
BC2026_Train_0050_S22_20220205_214500.ogg,3,8,24279;24321;555146;65380;66971,upsampled,data/train_soundscapes_upsampled/BC2026_Train_0050_S22_20220205_214500_3_8.ogg,0
BC2026_Train_0050_S22_20220205_214500.ogg,8,13,24279;555146;65380;66971,upsampled,data/train_soundscapes_upsampled/BC2026_Train_0050_S22_20220205_214500_8_13.ogg,0
BC2026_Train_0050_S22_20220205_214500.ogg,16,21,24279;555146;65380;66971,upsampled,data/train_soundscapes_upsampled/BC2026_Train_0050_S22_20220205_214500_16_21.ogg,0
BC2026_Train_0050_S22_20220205_214500.ogg,21,26,24279;555146;65380;66971,upsampled,data/train_soundscapes_upsampled/BC2026_Train_0050_S22_20220205_214500_21_26.ogg,0
BC2026_Train_0050_S22_20220205_214500.ogg,28,33,24279;517063;555146;65380;66971,upsampled,data/train_soundscapes_upsampled/BC2026_Train_0050_S22_20220205_214500_28_33.ogg,0
BC2026_Train_0050_S22_20220205_214500.ogg,31,36,24279;517063;555146;65380;66971,upsampled,data/train_soundscapes_upsampled/BC2026_Train_0050_S22_20220205_214500_31_36.ogg,0
BC2026_Train_0050_S22_20220205_214500.ogg,34,39,24279;517063;555146;65380;66971,upsampled,data/train_soundscapes_upsampled/BC2026_Train_0050_S22_20220205_214500_34_39.ogg,0
BC2026_Train_0050_S22_20220205_214500.ogg,43,48,517063;555146;65380;66971,upsampled,data/train_soundscapes_upsampled/BC2026_Train_0050_S22_20220205_214500_43_48.ogg,0
BC2026_Train_0050_S22_20220205_214500.ogg,42,47,517063;555146;65380;66971,upsampled,data/train_soundscapes_upsampled/BC2026_Train_0050_S22_20220205_214500_42_47.ogg,0
BC2026_Train_0050_S22_20220205_214500.ogg,48,53,24279;517063;555146;65380;66971,upsampled,data/train_soundscapes_upsampled/BC2026_Train_0050_S22_20220205_214500_48_53.ogg,0
BC2026_Train_0050_S22_20220205_214500.ogg,54,59,24279;517063;65380;66971,upsampled,data/train_soundscapes_upsampled/BC2026_Train_0050_S22_20220205_214500_54_59.ogg,0
BC2026_Train_0051_S22_20220208_231500.ogg,1,6,22967;22973;23158;24279;517063;555146;65380;66971;undtin1,upsampled,data/train_soundscapes_upsampled/BC2026_Train_0051_S22_20220208_231500_1_6.ogg,2
BC2026_Train_0051_S22_20220208_231500.ogg,2,7,22967;22973;23158;24279;517063;555146;65380;66971;undtin1,upsampled,data/train_soundscapes_upsampled/BC2026_Train_0051_S22_20220208_231500_2_7.ogg,2
BC2026_Train_0051_S22_20220208_231500.ogg,3,8,22967;22973;23158;24279;517063;555146;65380;66971;undtin1,upsampled,data/train_soundscapes_upsampled/BC2026_Train_0051_S22_20220208_231500_3_8.ogg,2
BC2026_Train_0051_S22_20220208_231500.ogg,8,13,22967;22973;24279;517063;555146;65380;66971,upsampled,data/train_soundscapes_upsampled/BC2026_Train_0051_S22_20220208_231500_8_13.ogg,2
BC2026_Train_0051_S22_20220208_231500.ogg,7,12,22967;22973;24279;517063;555146;65380;66971,upsampled,data/train_soundscapes_upsampled/BC2026_Train_0051_S22_20220208_231500_7_12.ogg,2
BC2026_Train_0051_S22_20220208_231500.ogg,12,17,22967;22973;24279;517063;555146;65380;66971,upsampled,data/train_soundscapes_upsampled/BC2026_Train_0051_S22_20220208_231500_12_17.ogg,2
BC2026_Train_0051_S22_20220208_231500.ogg,17,22,22967;22973;23158;24279;517063;555146;65380;66971,upsampled,data/train_soundscapes_upsampled/BC2026_Train_0051_S22_20220208_231500_17_22.ogg,2
BC2026_Train_0051_S22_20220208_231500.ogg,24,29,22967;22973;23158;24279;517063;555146;65380;66971,upsampled,data/train_soundscapes_upsampled/BC2026_Train_0051_S22_20220208_231500_24_29.ogg,2
BC2026_Train_0051_S22_20220208_231500.ogg,33,38,22967;22973;23158;24279;517063;555146;65380;66971,upsampled,data/train_soundscapes_upsampled/BC2026_Train_0051_S22_20220208_231500_33_38.ogg,2
BC2026_Train_0051_S22_20220208_231500.ogg,36,41,22967;22973;23158;517063;555146;65380;66971;trsowl,upsampled,data/train_soundscapes_upsampled/BC2026_Train_0051_S22_20220208_231500_36_41.ogg,2
BC2026_Train_0051_S22_20220208_231500.ogg,42,47,22967;22973;23158;517063;555146;65380;66971;trsowl,upsampled,data/train_soundscapes_upsampled/BC2026_Train_0051_S22_20220208_231500_42_47.ogg,2
BC2026_Train_0051_S22_20220208_231500.ogg,41,46,22967;22973;23158;517063;555146;65380;66971;trsowl,upsampled,data/train_soundscapes_upsampled/BC2026_Train_0051_S22_20220208_231500_41_46.ogg,2
BC2026_Train_0051_S22_20220208_231500.ogg,38,43,22967;22973;23158;517063;555146;65380;66971;trsowl,upsampled,data/train_soundscapes_upsampled/BC2026_Train_0051_S22_20220208_231500_38_43.ogg,2
BC2026_Train_0051_S22_20220208_231500.ogg,37,42,22967;22973;23158;517063;555146;65380;66971;trsowl,upsampled,data/train_soundscapes_upsampled/BC2026_Train_0051_S22_20220208_231500_37_42.ogg,2
BC2026_Train_0051_S22_20220208_231500.ogg,47,52,22967;22973;23158;517063;555146;65380;66971;trsowl,upsampled,data/train_soundscapes_upsampled/BC2026_Train_0051_S22_20220208_231500_47_52.ogg,2
BC2026_Train_0051_S22_20220208_231500.ogg,48,53,22967;22973;23158;517063;555146;65380;66971;trsowl,upsampled,data/train_soundscapes_upsampled/BC2026_Train_0051_S22_20220208_231500_48_53.ogg,2
BC2026_Train_0051_S22_20220208_231500.ogg,53,58,22967;22973;23158;517063;555146;65380;66971;trsowl,upsampled,data/train_soundscapes_upsampled/BC2026_Train_0051_S22_20220208_231500_53_58.ogg,2
BC2026_Train_0051_S22_20220208_231500.ogg,49,54,22967;22973;23158;517063;555146;65380;66971;trsowl,upsampled,data/train_soundscapes_upsampled/BC2026_Train_0051_S22_20220208_231500_49_54.ogg,2
BC2026_Train_0051_S22_20220208_231500.ogg,51,56,22967;22973;23158;517063;555146;65380;66971;trsowl,upsampled,data/train_soundscapes_upsampled/BC2026_Train_0051_S22_20220208_231500_51_56.ogg,2
BC2026_Train_0051_S22_20220208_231500.ogg,54,59,22967;22973;23158;517063;555146;65380;66971;trsowl,upsampled,data/train_soundscapes_upsampled/BC2026_Train_0051_S22_20220208_231500_54_59.ogg,2
BC2026_Train_0052_S22_20220210_210000.ogg,2,7,24279;24321;555146;65380,upsampled,data/train_soundscapes_upsampled/BC2026_Train_0052_S22_20220210_210000_2_7.ogg,0
BC2026_Train_0052_S22_20220210_210000.ogg,8,13,24279;24321;517063;555146;65380,upsampled,data/train_soundscapes_upsampled/BC2026_Train_0052_S22_20220210_210000_8_13.ogg,0
BC2026_Train_0052_S22_20220210_210000.ogg,11,16,24279;24321;517063;555146;65380,upsampled,data/train_soundscapes_upsampled/BC2026_Train_0052_S22_20220210_210000_11_16.ogg,0
BC2026_Train_0052_S22_20220210_210000.ogg,14,19,24279;24321;517063;555146;65380,upsampled,data/train_soundscapes_upsampled/BC2026_Train_0052_S22_20220210_210000_14_19.ogg,0
BC2026_Train_0052_S22_20220210_210000.ogg,22,27,24279;24321;555146;65380;66971,upsampled,data/train_soundscapes_upsampled/BC2026_Train_0052_S22_20220210_210000_22_27.ogg,0
BC2026_Train_0052_S22_20220210_210000.ogg,24,29,24279;24321;555146;65380;66971,upsampled,data/train_soundscapes_upsampled/BC2026_Train_0052_S22_20220210_210000_24_29.ogg,0
BC2026_Train_0052_S22_20220210_210000.ogg,32,37,24279;24321;555146;65380;66971,upsampled,data/train_soundscapes_upsampled/BC2026_Train_0052_S22_20220210_210000_32_37.ogg,0
BC2026_Train_0052_S22_20220210_210000.ogg,38,43,24279;24321;555146;65380;66971,upsampled,data/train_soundscapes_upsampled/BC2026_Train_0052_S22_20220210_210000_38_43.ogg,0
BC2026_Train_0052_S22_20220210_210000.ogg,37,42,24279;24321;555146;65380;66971,upsampled,data/train_soundscapes_upsampled/BC2026_Train_0052_S22_20220210_210000_37_42.ogg,0
BC2026_Train_0052_S22_20220210_210000.ogg,47,52,24279;24321;555146;65380;66971,upsampled,data/train_soundscapes_upsampled/BC2026_Train_0052_S22_20220210_210000_47_52.ogg,0
BC2026_Train_0052_S22_20220210_210000.ogg,48,53,24279;24321;555146;65380;66971,upsampled,data/train_soundscapes_upsampled/BC2026_Train_0052_S22_20220210_210000_48_53.ogg,0
BC2026_Train_0052_S22_20220210_210000.ogg,52,57,24279;24321;555146;65380;66971,upsampled,data/train_soundscapes_upsampled/BC2026_Train_0052_S22_20220210_210000_52_57.ogg,0
BC2026_Train_0053_S22_20220211_204500.ogg,12,17,22973;24321;517063;555146;65380,upsampled,data/train_soundscapes_upsampled/BC2026_Train_0053_S22_20220211_204500_12_17.ogg,1
BC2026_Train_0053_S22_20220211_204500.ogg,22,27,22973;24321;517063;555146;65380,upsampled,data/train_soundscapes_upsampled/BC2026_Train_0053_S22_20220211_204500_22_27.ogg,1
BC2026_Train_0053_S22_20220211_204500.ogg,28,33,22973;24321;517063;555146;65380;66971,upsampled,data/train_soundscapes_upsampled/BC2026_Train_0053_S22_20220211_204500_28_33.ogg,1
BC2026_Train_0053_S22_20220211_204500.ogg,29,34,22973;24321;517063;555146;65380;66971,upsampled,data/train_soundscapes_upsampled/BC2026_Train_0053_S22_20220211_204500_29_34.ogg,1
BC2026_Train_0053_S22_20220211_204500.ogg,36,41,22973;517063;555146;65380;66971,upsampled,data/train_soundscapes_upsampled/BC2026_Train_0053_S22_20220211_204500_36_41.ogg,1
BC2026_Train_0053_S22_20220211_204500.ogg,39,44,22973;517063;555146;65380;66971,upsampled,data/train_soundscapes_upsampled/BC2026_Train_0053_S22_20220211_204500_39_44.ogg,1
BC2026_Train_0053_S22_20220211_204500.ogg,52,57,22973;517063;555146;65380;66971,upsampled,data/train_soundscapes_upsampled/BC2026_Train_0053_S22_20220211_204500_52_57.ogg,1
BC2026_Train_0055_S22_20220219_200000.ogg,1,6,555146;65380;66971,upsampled,data/train_soundscapes_upsampled/BC2026_Train_0055_S22_20220219_200000_1_6.ogg,0
BC2026_Train_0055_S22_20220219_200000.ogg,2,7,555146;65380;66971,upsampled,data/train_soundscapes_upsampled/BC2026_Train_0055_S22_20220219_200000_2_7.ogg,0
BC2026_Train_0055_S22_20220219_200000.ogg,51,56,517063;555146;66971,upsampled,data/train_soundscapes_upsampled/BC2026_Train_0055_S22_20220219_200000_51_56.ogg,0
BC2026_Train_0055_S22_20220219_200000.ogg,52,57,517063;555146;66971,upsampled,data/train_soundscapes_upsampled/BC2026_Train_0055_S22_20220219_200000_52_57.ogg,0
BC2026_Train_0056_S22_20220221_214500.ogg,12,17,517063;555146;65380;66971,upsampled,data/train_soundscapes_upsampled/BC2026_Train_0056_S22_20220221_214500_12_17.ogg,2
BC2026_Train_0056_S22_20220221_214500.ogg,22,27,517063;555146;65380;66971,upsampled,data/train_soundscapes_upsampled/BC2026_Train_0056_S22_20220221_214500_22_27.ogg,2
BC2026_Train_0056_S22_20220221_214500.ogg,27,32,517063;65380;66971,upsampled,data/train_soundscapes_upsampled/BC2026_Train_0056_S22_20220221_214500_27_32.ogg,2
BC2026_Train_0056_S22_20220221_214500.ogg,28,33,517063;65380;66971,upsampled,data/train_soundscapes_upsampled/BC2026_Train_0056_S22_20220221_214500_28_33.ogg,2
BC2026_Train_0056_S22_20220221_214500.ogg,32,37,517063;65380;66971,upsampled,data/train_soundscapes_upsampled/BC2026_Train_0056_S22_20220221_214500_32_37.ogg,2
BC2026_Train_0056_S22_20220221_214500.ogg,37,42,517063;65380;66971,upsampled,data/train_soundscapes_upsampled/BC2026_Train_0056_S22_20220221_214500_37_42.ogg,2
BC2026_Train_0057_S15_20250617_060000.ogg,1,6,47158son07;chacha1;chvcon1;undtin1;whtdov,upsampled,data/train_soundscapes_upsampled/BC2026_Train_0057_S15_20250617_060000_1_6.ogg,2
BC2026_Train_0057_S15_20250617_060000.ogg,3,8,47158son07;chacha1;chvcon1;undtin1;whtdov,upsampled,data/train_soundscapes_upsampled/BC2026_Train_0057_S15_20250617_060000_3_8.ogg,2
BC2026_Train_0057_S15_20250617_060000.ogg,2,7,47158son07;chacha1;chvcon1;undtin1;whtdov,upsampled,data/train_soundscapes_upsampled/BC2026_Train_0057_S15_20250617_060000_2_7.ogg,2
BC2026_Train_0057_S15_20250617_060000.ogg,6,11,47158son07;chacha1;chvcon1;whtdov,upsampled,data/train_soundscapes_upsampled/BC2026_Train_0057_S15_20250617_060000_6_11.ogg,2
BC2026_Train_0057_S15_20250617_060000.ogg,4,9,47158son07;chacha1;chvcon1;undtin1;whtdov,upsampled,data/train_soundscapes_upsampled/BC2026_Train_0057_S15_20250617_060000_4_9.ogg,2
BC2026_Train_0057_S15_20250617_060000.ogg,7,12,47158son07;chacha1;chvcon1;whtdov,upsampled,data/train_soundscapes_upsampled/BC2026_Train_0057_S15_20250617_060000_7_12.ogg,2
BC2026_Train_0057_S15_20250617_060000.ogg,8,13,47158son07;chacha1;chvcon1;whtdov,upsampled,data/train_soundscapes_upsampled/BC2026_Train_0057_S15_20250617_060000_8_13.ogg,2
BC2026_Train_0057_S15_20250617_060000.ogg,13,18,47158son07;chacha1;chvcon1;limpki;whtdov,upsampled,data/train_soundscapes_upsampled/BC2026_Train_0057_S15_20250617_060000_13_18.ogg,2
BC2026_Train_0057_S15_20250617_060000.ogg,12,17,47158son07;chacha1;chvcon1;limpki;whtdov,upsampled,data/train_soundscapes_upsampled/BC2026_Train_0057_S15_20250617_060000_12_17.ogg,2
BC2026_Train_0057_S15_20250617_060000.ogg,9,14,47158son07;chacha1;chvcon1;whtdov,upsampled,data/train_soundscapes_upsampled/BC2026_Train_0057_S15_20250617_060000_9_14.ogg,2
BC2026_Train_0057_S15_20250617_060000.ogg,11,16,47158son07;chacha1;chvcon1;limpki;whtdov,upsampled,data/train_soundscapes_upsampled/BC2026_Train_0057_S15_20250617_060000_11_16.ogg,2
BC2026_Train_0057_S15_20250617_060000.ogg,17,22,47158son07;chvcon1;limpki;whtdov,upsampled,data/train_soundscapes_upsampled/BC2026_Train_0057_S15_20250617_060000_17_22.ogg,2
BC2026_Train_0057_S15_20250617_060000.ogg,18,23,47158son07;chvcon1;limpki;whtdov,upsampled,data/train_soundscapes_upsampled/BC2026_Train_0057_S15_20250617_060000_18_23.ogg,2
BC2026_Train_0057_S15_20250617_060000.ogg,16,21,47158son07;chvcon1;limpki;whtdov,upsampled,data/train_soundscapes_upsampled/BC2026_Train_0057_S15_20250617_060000_16_21.ogg,2
BC2026_Train_0057_S15_20250617_060000.ogg,14,19,47158son07;chacha1;chvcon1;limpki;whtdov,upsampled,data/train_soundscapes_upsampled/BC2026_Train_0057_S15_20250617_060000_14_19.ogg,2
BC2026_Train_0057_S15_20250617_060000.ogg,19,24,47158son07;chvcon1;limpki;whtdov,upsampled,data/train_soundscapes_upsampled/BC2026_Train_0057_S15_20250617_060000_19_24.ogg,2
BC2026_Train_0057_S15_20250617_060000.ogg,23,28,47158son07;chvcon1;limpki;undtin1;whtdov,upsampled,data/train_soundscapes_upsampled/BC2026_Train_0057_S15_20250617_060000_23_28.ogg,2
BC2026_Train_0057_S15_20250617_060000.ogg,22,27,47158son07;chvcon1;limpki;undtin1;whtdov,upsampled,data/train_soundscapes_upsampled/BC2026_Train_0057_S15_20250617_060000_22_27.ogg,2
BC2026_Train_0057_S15_20250617_060000.ogg,21,26,47158son07;chvcon1;limpki;undtin1;whtdov,upsampled,data/train_soundscapes_upsampled/BC2026_Train_0057_S15_20250617_060000_21_26.ogg,2
BC2026_Train_0057_S15_20250617_060000.ogg,26,31,47158son07;chvcon1;undtin1;whtdov,upsampled,data/train_soundscapes_upsampled/BC2026_Train_0057_S15_20250617_060000_26_31.ogg,2
BC2026_Train_0057_S15_20250617_060000.ogg,24,29,47158son07;chvcon1;limpki;undtin1;whtdov,upsampled,data/train_soundscapes_upsampled/BC2026_Train_0057_S15_20250617_060000_24_29.ogg,2
BC2026_Train_0057_S15_20250617_060000.ogg,27,32,47158son07;chvcon1;undtin1;whtdov,upsampled,data/train_soundscapes_upsampled/BC2026_Train_0057_S15_20250617_060000_27_32.ogg,2
BC2026_Train_0057_S15_20250617_060000.ogg,28,33,47158son07;chvcon1;undtin1;whtdov,upsampled,data/train_soundscapes_upsampled/BC2026_Train_0057_S15_20250617_060000_28_33.ogg,2
BC2026_Train_0057_S15_20250617_060000.ogg,32,37,47158son07;chvcon1;undtin1;whtdov,upsampled,data/train_soundscapes_upsampled/BC2026_Train_0057_S15_20250617_060000_32_37.ogg,2
BC2026_Train_0057_S15_20250617_060000.ogg,33,38,47158son07;chvcon1;undtin1;whtdov,upsampled,data/train_soundscapes_upsampled/BC2026_Train_0057_S15_20250617_060000_33_38.ogg,2
BC2026_Train_0057_S15_20250617_060000.ogg,29,34,47158son07;chvcon1;undtin1;whtdov,upsampled,data/train_soundscapes_upsampled/BC2026_Train_0057_S15_20250617_060000_29_34.ogg,2
BC2026_Train_0057_S15_20250617_060000.ogg,31,36,47158son07;chvcon1;undtin1;whtdov,upsampled,data/train_soundscapes_upsampled/BC2026_Train_0057_S15_20250617_060000_31_36.ogg,2
BC2026_Train_0057_S15_20250617_060000.ogg,36,41,47158son07;chvcon1;magant1;undtin1;whtdov,upsampled,data/train_soundscapes_upsampled/BC2026_Train_0057_S15_20250617_060000_36_41.ogg,2
BC2026_Train_0057_S15_20250617_060000.ogg,34,39,47158son07;chvcon1;undtin1;whtdov,upsampled,data/train_soundscapes_upsampled/BC2026_Train_0057_S15_20250617_060000_34_39.ogg,2
BC2026_Train_0057_S15_20250617_060000.ogg,38,43,47158son07;chvcon1;magant1;undtin1;whtdov,upsampled,data/train_soundscapes_upsampled/BC2026_Train_0057_S15_20250617_060000_38_43.ogg,2
BC2026_Train_0057_S15_20250617_060000.ogg,37,42,47158son07;chvcon1;magant1;undtin1;whtdov,upsampled,data/train_soundscapes_upsampled/BC2026_Train_0057_S15_20250617_060000_37_42.ogg,2
BC2026_Train_0057_S15_20250617_060000.ogg,41,46,47158son07;chvcon1;magant1;rutjac1;undtin1;whtdov,upsampled,data/train_soundscapes_upsampled/BC2026_Train_0057_S15_20250617_060000_41_46.ogg,2
BC2026_Train_0057_S15_20250617_060000.ogg,39,44,47158son07;chvcon1;magant1;undtin1;whtdov,upsampled,data/train_soundscapes_upsampled/BC2026_Train_0057_S15_20250617_060000_39_44.ogg,2
BC2026_Train_0057_S15_20250617_060000.ogg,43,48,47158son07;chvcon1;magant1;rutjac1;undtin1;whtdov,upsampled,data/train_soundscapes_upsampled/BC2026_Train_0057_S15_20250617_060000_43_48.ogg,2
BC2026_Train_0057_S15_20250617_060000.ogg,42,47,47158son07;chvcon1;magant1;rutjac1;undtin1;whtdov,upsampled,data/train_soundscapes_upsampled/BC2026_Train_0057_S15_20250617_060000_42_47.ogg,2
BC2026_Train_0057_S15_20250617_060000.ogg,46,51,47158son07;chvcon1;purjay1;rutjac1;undtin1;whtdov,upsampled,data/train_soundscapes_upsampled/BC2026_Train_0057_S15_20250617_060000_46_51.ogg,2
BC2026_Train_0057_S15_20250617_060000.ogg,47,52,47158son07;chvcon1;purjay1;rutjac1;undtin1;whtdov,upsampled,data/train_soundscapes_upsampled/BC2026_Train_0057_S15_20250617_060000_47_52.ogg,2
BC2026_Train_0057_S15_20250617_060000.ogg,48,53,47158son07;chvcon1;purjay1;rutjac1;undtin1;whtdov,upsampled,data/train_soundscapes_upsampled/BC2026_Train_0057_S15_20250617_060000_48_53.ogg,2
BC2026_Train_0057_S15_20250617_060000.ogg,49,54,47158son07;chvcon1;purjay1;rutjac1;undtin1;whtdov,upsampled,data/train_soundscapes_upsampled/BC2026_Train_0057_S15_20250617_060000_49_54.ogg,2
BC2026_Train_0057_S15_20250617_060000.ogg,51,56,47158son07;chvcon1;purjay1;undtin1;whtdov,upsampled,data/train_soundscapes_upsampled/BC2026_Train_0057_S15_20250617_060000_51_56.ogg,2
BC2026_Train_0057_S15_20250617_060000.ogg,53,58,47158son07;chvcon1;purjay1;undtin1;whtdov,upsampled,data/train_soundscapes_upsampled/BC2026_Train_0057_S15_20250617_060000_53_58.ogg,2
BC2026_Train_0057_S15_20250617_060000.ogg,52,57,47158son07;chvcon1;purjay1;undtin1;whtdov,upsampled,data/train_soundscapes_upsampled/BC2026_Train_0057_S15_20250617_060000_52_57.ogg,2
BC2026_Train_0057_S15_20250617_060000.ogg,54,59,47158son07;chvcon1;purjay1;undtin1;whtdov,upsampled,data/train_soundscapes_upsampled/BC2026_Train_0057_S15_20250617_060000_54_59.ogg,2
BC2026_Train_0058_S15_20250617_060100.ogg,2,7,47158son07;chvcon1;whtdov,upsampled,data/train_soundscapes_upsampled/BC2026_Train_0058_S15_20250617_060100_2_7.ogg,0
BC2026_Train_0058_S15_20250617_060100.ogg,3,8,47158son07;chvcon1;whtdov,upsampled,data/train_soundscapes_upsampled/BC2026_Train_0058_S15_20250617_060100_3_8.ogg,0
BC2026_Train_0058_S15_20250617_060100.ogg,1,6,47158son07;chvcon1;whtdov,upsampled,data/train_soundscapes_upsampled/BC2026_Train_0058_S15_20250617_060100_1_6.ogg,0
BC2026_Train_0058_S15_20250617_060100.ogg,6,11,47158son07;47158son08;chvcon1;undtin1;whtdov,upsampled,data/train_soundscapes_upsampled/BC2026_Train_0058_S15_20250617_060100_6_11.ogg,0
BC2026_Train_0058_S15_20250617_060100.ogg,8,13,47158son07;47158son08;chvcon1;undtin1;whtdov,upsampled,data/train_soundscapes_upsampled/BC2026_Train_0058_S15_20250617_060100_8_13.ogg,0
BC2026_Train_0058_S15_20250617_060100.ogg,7,12,47158son07;47158son08;chvcon1;undtin1;whtdov,upsampled,data/train_soundscapes_upsampled/BC2026_Train_0058_S15_20250617_060100_7_12.ogg,0
BC2026_Train_0058_S15_20250617_060100.ogg,4,9,47158son07;chvcon1;whtdov,upsampled,data/train_soundscapes_upsampled/BC2026_Train_0058_S15_20250617_060100_4_9.ogg,0
BC2026_Train_0058_S15_20250617_060100.ogg,12,17,47158son07;47158son08;chvcon1;undtin1;whtdov,upsampled,data/train_soundscapes_upsampled/BC2026_Train_0058_S15_20250617_060100_12_17.ogg,0
BC2026_Train_0058_S15_20250617_060100.ogg,13,18,47158son07;47158son08;chvcon1;undtin1;whtdov,upsampled,data/train_soundscapes_upsampled/BC2026_Train_0058_S15_20250617_060100_13_18.ogg,0
BC2026_Train_0058_S15_20250617_060100.ogg,11,16,47158son07;47158son08;chvcon1;undtin1;whtdov,upsampled,data/train_soundscapes_upsampled/BC2026_Train_0058_S15_20250617_060100_11_16.ogg,0
BC2026_Train_0058_S15_20250617_060100.ogg,9,14,47158son07;47158son08;chvcon1;undtin1;whtdov,upsampled,data/train_soundscapes_upsampled/BC2026_Train_0058_S15_20250617_060100_9_14.ogg,0
BC2026_Train_0058_S15_20250617_060100.ogg,18,23,47158son07;47158son08;chvcon1;limpki;ruther1;undtin1;whtdov,upsampled,data/train_soundscapes_upsampled/BC2026_Train_0058_S15_20250617_060100_18_23.ogg,0
BC2026_Train_0058_S15_20250617_060100.ogg,14,19,47158son07;47158son08;chvcon1;undtin1;whtdov,upsampled,data/train_soundscapes_upsampled/BC2026_Train_0058_S15_20250617_060100_14_19.ogg,0
BC2026_Train_0058_S15_20250617_060100.ogg,17,22,47158son07;47158son08;chvcon1;limpki;ruther1;undtin1;whtdov,upsampled,data/train_soundscapes_upsampled/BC2026_Train_0058_S15_20250617_060100_17_22.ogg,0
BC2026_Train_0058_S15_20250617_060100.ogg,16,21,47158son07;47158son08;chvcon1;limpki;ruther1;undtin1;whtdov,upsampled,data/train_soundscapes_upsampled/BC2026_Train_0058_S15_20250617_060100_16_21.ogg,0
BC2026_Train_0058_S15_20250617_060100.ogg,21,26,47158son07;47158son08;chacha1;chvcon1;limpki;ruther1;undtin1;whtdov,upsampled,data/train_soundscapes_upsampled/BC2026_Train_0058_S15_20250617_060100_21_26.ogg,0
BC2026_Train_0058_S15_20250617_060100.ogg,22,27,47158son07;47158son08;chacha1;chvcon1;limpki;ruther1;undtin1;whtdov,upsampled,data/train_soundscapes_upsampled/BC2026_Train_0058_S15_20250617_060100_22_27.ogg,0
BC2026_Train_0058_S15_20250617_060100.ogg,23,28,47158son07;47158son08;chacha1;chvcon1;limpki;ruther1;undtin1;whtdov,upsampled,data/train_soundscapes_upsampled/BC2026_Train_0058_S15_20250617_060100_23_28.ogg,0
BC2026_Train_0058_S15_20250617_060100.ogg,24,29,47158son07;47158son08;chacha1;chvcon1;limpki;ruther1;undtin1;whtdov,upsampled,data/train_soundscapes_upsampled/BC2026_Train_0058_S15_20250617_060100_24_29.ogg,0
BC2026_Train_0058_S15_20250617_060100.ogg,26,31,47158son07;47158son08;chacha1;chvcon1;whtdov,upsampled,data/train_soundscapes_upsampled/BC2026_Train_0058_S15_20250617_060100_26_31.ogg,0
BC2026_Train_0058_S15_20250617_060100.ogg,28,33,47158son07;47158son08;chacha1;chvcon1;whtdov,upsampled,data/train_soundscapes_upsampled/BC2026_Train_0058_S15_20250617_060100_28_33.ogg,0
BC2026_Train_0058_S15_20250617_060100.ogg,27,32,47158son07;47158son08;chacha1;chvcon1;whtdov,upsampled,data/train_soundscapes_upsampled/BC2026_Train_0058_S15_20250617_060100_27_32.ogg,0
BC2026_Train_0058_S15_20250617_060100.ogg,31,36,47158son07;chacha1;chvcon1;whtdov,upsampled,data/train_soundscapes_upsampled/BC2026_Train_0058_S15_20250617_060100_31_36.ogg,0
BC2026_Train_0058_S15_20250617_060100.ogg,33,38,47158son07;chacha1;chvcon1;whtdov,upsampled,data/train_soundscapes_upsampled/BC2026_Train_0058_S15_20250617_060100_33_38.ogg,0
BC2026_Train_0058_S15_20250617_060100.ogg,32,37,47158son07;chacha1;chvcon1;whtdov,upsampled,data/train_soundscapes_upsampled/BC2026_Train_0058_S15_20250617_060100_32_37.ogg,0
BC2026_Train_0058_S15_20250617_060100.ogg,29,34,47158son07;47158son08;chacha1;chvcon1;whtdov,upsampled,data/train_soundscapes_upsampled/BC2026_Train_0058_S15_20250617_060100_29_34.ogg,0
BC2026_Train_0058_S15_20250617_060100.ogg,36,41,47158son07;chacha1;chvcon1;magant1;whtdov,upsampled,data/train_soundscapes_upsampled/BC2026_Train_0058_S15_20250617_060100_36_41.ogg,0
BC2026_Train_0058_S15_20250617_060100.ogg,38,43,47158son07;chacha1;chvcon1;magant1;whtdov,upsampled,data/train_soundscapes_upsampled/BC2026_Train_0058_S15_20250617_060100_38_43.ogg,0
BC2026_Train_0058_S15_20250617_060100.ogg,34,39,47158son07;chacha1;chvcon1;whtdov,upsampled,data/train_soundscapes_upsampled/BC2026_Train_0058_S15_20250617_060100_34_39.ogg,0
BC2026_Train_0058_S15_20250617_060100.ogg,37,42,47158son07;chacha1;chvcon1;magant1;whtdov,upsampled,data/train_soundscapes_upsampled/BC2026_Train_0058_S15_20250617_060100_37_42.ogg,0
BC2026_Train_0058_S15_20250617_060100.ogg,39,44,47158son07;chacha1;chvcon1;magant1;whtdov,upsampled,data/train_soundscapes_upsampled/BC2026_Train_0058_S15_20250617_060100_39_44.ogg,0
BC2026_Train_0058_S15_20250617_060100.ogg,42,47,47158son07;47158son08;chacha1;chvcon1;magant1;whtdov,upsampled,data/train_soundscapes_upsampled/BC2026_Train_0058_S15_20250617_060100_42_47.ogg,0
BC2026_Train_0058_S15_20250617_060100.ogg,41,46,47158son07;47158son08;chacha1;chvcon1;magant1;whtdov,upsampled,data/train_soundscapes_upsampled/BC2026_Train_0058_S15_20250617_060100_41_46.ogg,0
BC2026_Train_0058_S15_20250617_060100.ogg,43,48,47158son07;47158son08;chacha1;chvcon1;magant1;whtdov,upsampled,data/train_soundscapes_upsampled/BC2026_Train_0058_S15_20250617_060100_43_48.ogg,0
BC2026_Train_0058_S15_20250617_060100.ogg,48,53,47158son07;47158son08;chacha1;chvcon1;magant1;orwpar;whtdov,upsampled,data/train_soundscapes_upsampled/BC2026_Train_0058_S15_20250617_060100_48_53.ogg,0
BC2026_Train_0058_S15_20250617_060100.ogg,44,49,47158son07;47158son08;chacha1;chvcon1;magant1;whtdov,upsampled,data/train_soundscapes_upsampled/BC2026_Train_0058_S15_20250617_060100_44_49.ogg,0
BC2026_Train_0058_S15_20250617_060100.ogg,46,51,47158son07;47158son08;chacha1;chvcon1;magant1;orwpar;whtdov,upsampled,data/train_soundscapes_upsampled/BC2026_Train_0058_S15_20250617_060100_46_51.ogg,0
BC2026_Train_0058_S15_20250617_060100.ogg,47,52,47158son07;47158son08;chacha1;chvcon1;magant1;orwpar;whtdov,upsampled,data/train_soundscapes_upsampled/BC2026_Train_0058_S15_20250617_060100_47_52.ogg,0
BC2026_Train_0058_S15_20250617_060100.ogg,51,56,47158son07;chacha1;chvcon1;orwpar;whtdov,upsampled,data/train_soundscapes_upsampled/BC2026_Train_0058_S15_20250617_060100_51_56.ogg,0
BC2026_Train_0058_S15_20250617_060100.ogg,52,57,47158son07;chacha1;chvcon1;orwpar;whtdov,upsampled,data/train_soundscapes_upsampled/BC2026_Train_0058_S15_20250617_060100_52_57.ogg,0
BC2026_Train_0058_S15_20250617_060100.ogg,53,58,47158son07;chacha1;chvcon1;orwpar;whtdov,upsampled,data/train_soundscapes_upsampled/BC2026_Train_0058_S15_20250617_060100_53_58.ogg,0
BC2026_Train_0058_S15_20250617_060100.ogg,49,54,47158son07;47158son08;chacha1;chvcon1;magant1;orwpar;whtdov,upsampled,data/train_soundscapes_upsampled/BC2026_Train_0058_S15_20250617_060100_49_54.ogg,0
BC2026_Train_0058_S15_20250617_060100.ogg,54,59,47158son07;chacha1;chvcon1;orwpar;whtdov,upsampled,data/train_soundscapes_upsampled/BC2026_Train_0058_S15_20250617_060100_54_59.ogg,0
BC2026_Train_0059_S15_20250617_060200.ogg,1,6,47158son07;bufpar;chacha1;chvcon1;whtdov,upsampled,data/train_soundscapes_upsampled/BC2026_Train_0059_S15_20250617_060200_1_6.ogg,1
BC2026_Train_0059_S15_20250617_060200.ogg,3,8,47158son07;bufpar;chacha1;chvcon1;whtdov,upsampled,data/train_soundscapes_upsampled/BC2026_Train_0059_S15_20250617_060200_3_8.ogg,1
BC2026_Train_0059_S15_20250617_060200.ogg,2,7,47158son07;bufpar;chacha1;chvcon1;whtdov,upsampled,data/train_soundscapes_upsampled/BC2026_Train_0059_S15_20250617_060200_2_7.ogg,1
BC2026_Train_0059_S15_20250617_060200.ogg,7,12,47158son07;bufpar;chacha1;chvcon1;orwpar;whtdov,upsampled,data/train_soundscapes_upsampled/BC2026_Train_0059_S15_20250617_060200_7_12.ogg,1
BC2026_Train_0059_S15_20250617_060200.ogg,8,13,47158son07;bufpar;chacha1;chvcon1;orwpar;whtdov,upsampled,data/train_soundscapes_upsampled/BC2026_Train_0059_S15_20250617_060200_8_13.ogg,1
BC2026_Train_0059_S15_20250617_060200.ogg,4,9,47158son07;bufpar;chacha1;chvcon1;whtdov,upsampled,data/train_soundscapes_upsampled/BC2026_Train_0059_S15_20250617_060200_4_9.ogg,1
BC2026_Train_0059_S15_20250617_060200.ogg,6,11,47158son07;bufpar;chacha1;chvcon1;orwpar;whtdov,upsampled,data/train_soundscapes_upsampled/BC2026_Train_0059_S15_20250617_060200_6_11.ogg,1
BC2026_Train_0059_S15_20250617_060200.ogg,9,14,47158son07;bufpar;chacha1;chvcon1;orwpar;whtdov,upsampled,data/train_soundscapes_upsampled/BC2026_Train_0059_S15_20250617_060200_9_14.ogg,1
BC2026_Train_0059_S15_20250617_060200.ogg,13,18,47158son07;chacha1;chvcon1;orwpar;whtdov,upsampled,data/train_soundscapes_upsampled/BC2026_Train_0059_S15_20250617_060200_13_18.ogg,1
BC2026_Train_0059_S15_20250617_060200.ogg,11,16,47158son07;chacha1;chvcon1;orwpar;whtdov,upsampled,data/train_soundscapes_upsampled/BC2026_Train_0059_S15_20250617_060200_11_16.ogg,1
BC2026_Train_0059_S15_20250617_060200.ogg,12,17,47158son07;chacha1;chvcon1;orwpar;whtdov,upsampled,data/train_soundscapes_upsampled/BC2026_Train_0059_S15_20250617_060200_12_17.ogg,1
BC2026_Train_0059_S15_20250617_060200.ogg,16,21,47158son07;chacha1;chvcon1;whtdov,upsampled,data/train_soundscapes_upsampled/BC2026_Train_0059_S15_20250617_060200_16_21.ogg,1
BC2026_Train_0059_S15_20250617_060200.ogg,17,22,47158son07;chacha1;chvcon1;whtdov,upsampled,data/train_soundscapes_upsampled/BC2026_Train_0059_S15_20250617_060200_17_22.ogg,1
BC2026_Train_0059_S15_20250617_060200.ogg,14,19,47158son07;chacha1;chvcon1;orwpar;whtdov,upsampled,data/train_soundscapes_upsampled/BC2026_Train_0059_S15_20250617_060200_14_19.ogg,1
BC2026_Train_0059_S15_20250617_060200.ogg,18,23,47158son07;chacha1;chvcon1;whtdov,upsampled,data/train_soundscapes_upsampled/BC2026_Train_0059_S15_20250617_060200_18_23.ogg,1
BC2026_Train_0059_S15_20250617_060200.ogg,22,27,47158son07;chacha1;chvcon1;whtdov,upsampled,data/train_soundscapes_upsampled/BC2026_Train_0059_S15_20250617_060200_22_27.ogg,1
BC2026_Train_0059_S15_20250617_060200.ogg,21,26,47158son07;chacha1;chvcon1;whtdov,upsampled,data/train_soundscapes_upsampled/BC2026_Train_0059_S15_20250617_060200_21_26.ogg,1
BC2026_Train_0059_S15_20250617_060200.ogg,23,28,47158son07;chacha1;chvcon1;whtdov,upsampled,data/train_soundscapes_upsampled/BC2026_Train_0059_S15_20250617_060200_23_28.ogg,1
BC2026_Train_0059_S15_20250617_060200.ogg,19,24,47158son07;chacha1;chvcon1;whtdov,upsampled,data/train_soundscapes_upsampled/BC2026_Train_0059_S15_20250617_060200_19_24.ogg,1
BC2026_Train_0059_S15_20250617_060200.ogg,27,32,47158son07;chacha1;chvcon1;whtdov,upsampled,data/train_soundscapes_upsampled/BC2026_Train_0059_S15_20250617_060200_27_32.ogg,1
BC2026_Train_0059_S15_20250617_060200.ogg,26,31,47158son07;chacha1;chvcon1;whtdov,upsampled,data/train_soundscapes_upsampled/BC2026_Train_0059_S15_20250617_060200_26_31.ogg,1
BC2026_Train_0059_S15_20250617_060200.ogg,24,29,47158son07;chacha1;chvcon1;whtdov,upsampled,data/train_soundscapes_upsampled/BC2026_Train_0059_S15_20250617_060200_24_29.ogg,1
BC2026_Train_0059_S15_20250617_060200.ogg,28,33,47158son07;chacha1;chvcon1;whtdov,upsampled,data/train_soundscapes_upsampled/BC2026_Train_0059_S15_20250617_060200_28_33.ogg,1
BC2026_Train_0059_S15_20250617_060200.ogg,32,37,47158son07;chacha1;chvcon1;purjay1;whtdov,upsampled,data/train_soundscapes_upsampled/BC2026_Train_0059_S15_20250617_060200_32_37.ogg,1
BC2026_Train_0059_S15_20250617_060200.ogg,29,34,47158son07;chacha1;chvcon1;whtdov,upsampled,data/train_soundscapes_upsampled/BC2026_Train_0059_S15_20250617_060200_29_34.ogg,1
BC2026_Train_0059_S15_20250617_060200.ogg,33,38,47158son07;chacha1;chvcon1;purjay1;whtdov,upsampled,data/train_soundscapes_upsampled/BC2026_Train_0059_S15_20250617_060200_33_38.ogg,1
BC2026_Train_0059_S15_20250617_060200.ogg,31,36,47158son07;chacha1;chvcon1;purjay1;whtdov,upsampled,data/train_soundscapes_upsampled/BC2026_Train_0059_S15_20250617_060200_31_36.ogg,1
BC2026_Train_0059_S15_20250617_060200.ogg,37,42,47158son07;chacha1;chvcon1;purjay1;undtin1;whtdov,upsampled,data/train_soundscapes_upsampled/BC2026_Train_0059_S15_20250617_060200_37_42.ogg,1
BC2026_Train_0059_S15_20250617_060200.ogg,38,43,47158son07;chacha1;chvcon1;purjay1;undtin1;whtdov,upsampled,data/train_soundscapes_upsampled/BC2026_Train_0059_S15_20250617_060200_38_43.ogg,1
BC2026_Train_0059_S15_20250617_060200.ogg,34,39,47158son07;chacha1;chvcon1;purjay1;whtdov,upsampled,data/train_soundscapes_upsampled/BC2026_Train_0059_S15_20250617_060200_34_39.ogg,1
BC2026_Train_0059_S15_20250617_060200.ogg,36,41,47158son07;chacha1;chvcon1;purjay1;undtin1;whtdov,upsampled,data/train_soundscapes_upsampled/BC2026_Train_0059_S15_20250617_060200_36_41.ogg,1
BC2026_Train_0059_S15_20250617_060200.ogg,42,47,47158son07;chacha1;chvcon1;purjay1;undtin1;whtdov,upsampled,data/train_soundscapes_upsampled/BC2026_Train_0059_S15_20250617_060200_42_47.ogg,1
BC2026_Train_0059_S15_20250617_060200.ogg,39,44,47158son07;chacha1;chvcon1;purjay1;undtin1;whtdov,upsampled,data/train_soundscapes_upsampled/BC2026_Train_0059_S15_20250617_060200_39_44.ogg,1
BC2026_Train_0059_S15_20250617_060200.ogg,41,46,47158son07;chacha1;chvcon1;purjay1;undtin1;whtdov,upsampled,data/train_soundscapes_upsampled/BC2026_Train_0059_S15_20250617_060200_41_46.ogg,1
BC2026_Train_0059_S15_20250617_060200.ogg,43,48,47158son07;chacha1;chvcon1;purjay1;undtin1;whtdov,upsampled,data/train_soundscapes_upsampled/BC2026_Train_0059_S15_20250617_060200_43_48.ogg,1
BC2026_Train_0059_S15_20250617_060200.ogg,47,52,47158son07;chacha1;chvcon1;purjay1;whtdov,upsampled,data/train_soundscapes_upsampled/BC2026_Train_0059_S15_20250617_060200_47_52.ogg,1
BC2026_Train_0059_S15_20250617_060200.ogg,48,53,47158son07;chacha1;chvcon1;purjay1;whtdov,upsampled,data/train_soundscapes_upsampled/BC2026_Train_0059_S15_20250617_060200_48_53.ogg,1
BC2026_Train_0059_S15_20250617_060200.ogg,46,51,47158son07;chacha1;chvcon1;purjay1;whtdov,upsampled,data/train_soundscapes_upsampled/BC2026_Train_0059_S15_20250617_060200_46_51.ogg,1
BC2026_Train_0059_S15_20250617_060200.ogg,44,49,47158son07;chacha1;chvcon1;purjay1;undtin1;whtdov,upsampled,data/train_soundscapes_upsampled/BC2026_Train_0059_S15_20250617_060200_44_49.ogg,1
BC2026_Train_0059_S15_20250617_060200.ogg,49,54,47158son07;chacha1;chvcon1;purjay1;whtdov,upsampled,data/train_soundscapes_upsampled/BC2026_Train_0059_S15_20250617_060200_49_54.ogg,1
BC2026_Train_0059_S15_20250617_060200.ogg,52,57,47158son07;chacha1;chvcon1;purjay1;whtdov,upsampled,data/train_soundscapes_upsampled/BC2026_Train_0059_S15_20250617_060200_52_57.ogg,1
BC2026_Train_0059_S15_20250617_060200.ogg,51,56,47158son07;chacha1;chvcon1;purjay1;whtdov,upsampled,data/train_soundscapes_upsampled/BC2026_Train_0059_S15_20250617_060200_51_56.ogg,1
BC2026_Train_0059_S15_20250617_060200.ogg,53,58,47158son07;chacha1;chvcon1;purjay1;whtdov,upsampled,data/train_soundscapes_upsampled/BC2026_Train_0059_S15_20250617_060200_53_58.ogg,1
BC2026_Train_0059_S15_20250617_060200.ogg,54,59,47158son07;chacha1;chvcon1;purjay1;whtdov,upsampled,data/train_soundscapes_upsampled/BC2026_Train_0059_S15_20250617_060200_54_59.ogg,1
BC2026_Train_0060_S15_20250617_062700.ogg,2,7,47158son07;chacha1;fusfly1;magant1;orwpar;undtin1;whtdov,upsampled,data/train_soundscapes_upsampled/BC2026_Train_0060_S15_20250617_062700_2_7.ogg,2
BC2026_Train_0060_S15_20250617_062700.ogg,3,8,47158son07;chacha1;fusfly1;magant1;orwpar;undtin1;whtdov,upsampled,data/train_soundscapes_upsampled/BC2026_Train_0060_S15_20250617_062700_3_8.ogg,2
BC2026_Train_0060_S15_20250617_062700.ogg,1,6,47158son07;chacha1;fusfly1;magant1;orwpar;undtin1;whtdov,upsampled,data/train_soundscapes_upsampled/BC2026_Train_0060_S15_20250617_062700_1_6.ogg,2
BC2026_Train_0060_S15_20250617_062700.ogg,4,9,47158son07;chacha1;fusfly1;magant1;orwpar;undtin1;whtdov,upsampled,data/train_soundscapes_upsampled/BC2026_Train_0060_S15_20250617_062700_4_9.ogg,2
BC2026_Train_0060_S15_20250617_062700.ogg,8,13,47158son07;chacha1;magant1;orwpar;whtdov,upsampled,data/train_soundscapes_upsampled/BC2026_Train_0060_S15_20250617_062700_8_13.ogg,2
BC2026_Train_0060_S15_20250617_062700.ogg,7,12,47158son07;chacha1;magant1;orwpar;whtdov,upsampled,data/train_soundscapes_upsampled/BC2026_Train_0060_S15_20250617_062700_7_12.ogg,2
BC2026_Train_0060_S15_20250617_062700.ogg,6,11,47158son07;chacha1;magant1;orwpar;whtdov,upsampled,data/train_soundscapes_upsampled/BC2026_Train_0060_S15_20250617_062700_6_11.ogg,2
BC2026_Train_0060_S15_20250617_062700.ogg,13,18,47158son07;chacha1;orwpar;whtdov,upsampled,data/train_soundscapes_upsampled/BC2026_Train_0060_S15_20250617_062700_13_18.ogg,2
BC2026_Train_0060_S15_20250617_062700.ogg,11,16,47158son07;chacha1;orwpar;whtdov,upsampled,data/train_soundscapes_upsampled/BC2026_Train_0060_S15_20250617_062700_11_16.ogg,2
BC2026_Train_0060_S15_20250617_062700.ogg,9,14,47158son07;chacha1;magant1;orwpar;whtdov,upsampled,data/train_soundscapes_upsampled/BC2026_Train_0060_S15_20250617_062700_9_14.ogg,2
BC2026_Train_0060_S15_20250617_062700.ogg,12,17,47158son07;chacha1;orwpar;whtdov,upsampled,data/train_soundscapes_upsampled/BC2026_Train_0060_S15_20250617_062700_12_17.ogg,2
BC2026_Train_0060_S15_20250617_062700.ogg,18,23,47158son07;chacha1;fusfly1;orwpar;whtdov,upsampled,data/train_soundscapes_upsampled/BC2026_Train_0060_S15_20250617_062700_18_23.ogg,2
BC2026_Train_0060_S15_20250617_062700.ogg,17,22,47158son07;chacha1;fusfly1;orwpar;whtdov,upsampled,data/train_soundscapes_upsampled/BC2026_Train_0060_S15_20250617_062700_17_22.ogg,2
BC2026_Train_0060_S15_20250617_062700.ogg,16,21,47158son07;chacha1;fusfly1;orwpar;whtdov,upsampled,data/train_soundscapes_upsampled/BC2026_Train_0060_S15_20250617_062700_16_21.ogg,2
BC2026_Train_0060_S15_20250617_062700.ogg,14,19,47158son07;chacha1;orwpar;whtdov,upsampled,data/train_soundscapes_upsampled/BC2026_Train_0060_S15_20250617_062700_14_19.ogg,2
BC2026_Train_0060_S15_20250617_062700.ogg,23,28,47158son07;chacha1;fusfly1;orwpar;whtdov,upsampled,data/train_soundscapes_upsampled/BC2026_Train_0060_S15_20250617_062700_23_28.ogg,2
BC2026_Train_0060_S15_20250617_062700.ogg,19,24,47158son07;chacha1;fusfly1;orwpar;whtdov,upsampled,data/train_soundscapes_upsampled/BC2026_Train_0060_S15_20250617_062700_19_24.ogg,2
BC2026_Train_0060_S15_20250617_062700.ogg,22,27,47158son07;chacha1;fusfly1;orwpar;whtdov,upsampled,data/train_soundscapes_upsampled/BC2026_Train_0060_S15_20250617_062700_22_27.ogg,2
BC2026_Train_0060_S15_20250617_062700.ogg,21,26,47158son07;chacha1;fusfly1;orwpar;whtdov,upsampled,data/train_soundscapes_upsampled/BC2026_Train_0060_S15_20250617_062700_21_26.ogg,2
BC2026_Train_0060_S15_20250617_062700.ogg,27,32,47158son07;chacha1;orwpar;whtdov,upsampled,data/train_soundscapes_upsampled/BC2026_Train_0060_S15_20250617_062700_27_32.ogg,2
BC2026_Train_0060_S15_20250617_062700.ogg,24,29,47158son07;chacha1;fusfly1;orwpar;whtdov,upsampled,data/train_soundscapes_upsampled/BC2026_Train_0060_S15_20250617_062700_24_29.ogg,2
BC2026_Train_0060_S15_20250617_062700.ogg,26,31,47158son07;chacha1;orwpar;whtdov,upsampled,data/train_soundscapes_upsampled/BC2026_Train_0060_S15_20250617_062700_26_31.ogg,2
BC2026_Train_0060_S15_20250617_062700.ogg,28,33,47158son07;chacha1;orwpar;whtdov,upsampled,data/train_soundscapes_upsampled/BC2026_Train_0060_S15_20250617_062700_28_33.ogg,2
BC2026_Train_0060_S15_20250617_062700.ogg,31,36,47158son07;chacha1;orwpar;whtdov,upsampled,data/train_soundscapes_upsampled/BC2026_Train_0060_S15_20250617_062700_31_36.ogg,2
BC2026_Train_0060_S15_20250617_062700.ogg,29,34,47158son07;chacha1;orwpar;whtdov,upsampled,data/train_soundscapes_upsampled/BC2026_Train_0060_S15_20250617_062700_29_34.ogg,2
BC2026_Train_0060_S15_20250617_062700.ogg,33,38,47158son07;chacha1;orwpar;whtdov,upsampled,data/train_soundscapes_upsampled/BC2026_Train_0060_S15_20250617_062700_33_38.ogg,2
BC2026_Train_0060_S15_20250617_062700.ogg,32,37,47158son07;chacha1;orwpar;whtdov,upsampled,data/train_soundscapes_upsampled/BC2026_Train_0060_S15_20250617_062700_32_37.ogg,2
BC2026_Train_0060_S15_20250617_062700.ogg,34,39,47158son07;chacha1;orwpar;whtdov,upsampled,data/train_soundscapes_upsampled/BC2026_Train_0060_S15_20250617_062700_34_39.ogg,2
BC2026_Train_0060_S15_20250617_062700.ogg,38,43,47158son07;chacha1;fusfly1;orwpar;whtdov,upsampled,data/train_soundscapes_upsampled/BC2026_Train_0060_S15_20250617_062700_38_43.ogg,2
BC2026_Train_0060_S15_20250617_062700.ogg,37,42,47158son07;chacha1;fusfly1;orwpar;whtdov,upsampled,data/train_soundscapes_upsampled/BC2026_Train_0060_S15_20250617_062700_37_42.ogg,2
BC2026_Train_0060_S15_20250617_062700.ogg,36,41,47158son07;chacha1;fusfly1;orwpar;whtdov,upsampled,data/train_soundscapes_upsampled/BC2026_Train_0060_S15_20250617_062700_36_41.ogg,2
BC2026_Train_0060_S15_20250617_062700.ogg,41,46,47158son07;chacha1;fusfly1;orwpar;whtdov,upsampled,data/train_soundscapes_upsampled/BC2026_Train_0060_S15_20250617_062700_41_46.ogg,2
BC2026_Train_0060_S15_20250617_062700.ogg,39,44,47158son07;chacha1;fusfly1;orwpar;whtdov,upsampled,data/train_soundscapes_upsampled/BC2026_Train_0060_S15_20250617_062700_39_44.ogg,2
BC2026_Train_0060_S15_20250617_062700.ogg,42,47,47158son07;chacha1;fusfly1;orwpar;whtdov,upsampled,data/train_soundscapes_upsampled/BC2026_Train_0060_S15_20250617_062700_42_47.ogg,2
BC2026_Train_0060_S15_20250617_062700.ogg,43,48,47158son07;chacha1;fusfly1;orwpar;whtdov,upsampled,data/train_soundscapes_upsampled/BC2026_Train_0060_S15_20250617_062700_43_48.ogg,2
BC2026_Train_0060_S15_20250617_062700.ogg,44,49,47158son07;chacha1;fusfly1;orwpar;whtdov,upsampled,data/train_soundscapes_upsampled/BC2026_Train_0060_S15_20250617_062700_44_49.ogg,2
BC2026_Train_0060_S15_20250617_062700.ogg,48,53,47158son07;chacha1;orwpar;whtdov,upsampled,data/train_soundscapes_upsampled/BC2026_Train_0060_S15_20250617_062700_48_53.ogg,2
BC2026_Train_0060_S15_20250617_062700.ogg,47,52,47158son07;chacha1;orwpar;whtdov,upsampled,data/train_soundscapes_upsampled/BC2026_Train_0060_S15_20250617_062700_47_52.ogg,2
BC2026_Train_0060_S15_20250617_062700.ogg,46,51,47158son07;chacha1;orwpar;whtdov,upsampled,data/train_soundscapes_upsampled/BC2026_Train_0060_S15_20250617_062700_46_51.ogg,2
BC2026_Train_0060_S15_20250617_062700.ogg,51,56,47158son07;chacha1;orwpar;whtdov,upsampled,data/train_soundscapes_upsampled/BC2026_Train_0060_S15_20250617_062700_51_56.ogg,2
BC2026_Train_0060_S15_20250617_062700.ogg,53,58,47158son07;chacha1;orwpar;whtdov,upsampled,data/train_soundscapes_upsampled/BC2026_Train_0060_S15_20250617_062700_53_58.ogg,2
BC2026_Train_0060_S15_20250617_062700.ogg,52,57,47158son07;chacha1;orwpar;whtdov,upsampled,data/train_soundscapes_upsampled/BC2026_Train_0060_S15_20250617_062700_52_57.ogg,2
BC2026_Train_0060_S15_20250617_062700.ogg,49,54,47158son07;chacha1;orwpar;whtdov,upsampled,data/train_soundscapes_upsampled/BC2026_Train_0060_S15_20250617_062700_49_54.ogg,2
BC2026_Train_0060_S15_20250617_062700.ogg,54,59,47158son07;chacha1;orwpar;whtdov,upsampled,data/train_soundscapes_upsampled/BC2026_Train_0060_S15_20250617_062700_54_59.ogg,2
BC2026_Train_0061_S19_20250418_210000.ogg,1,6,326272;517063,upsampled,data/train_soundscapes_upsampled/BC2026_Train_0061_S19_20250418_210000_1_6.ogg,2
BC2026_Train_0061_S19_20250418_210000.ogg,2,7,326272;517063,upsampled,data/train_soundscapes_upsampled/BC2026_Train_0061_S19_20250418_210000_2_7.ogg,2
BC2026_Train_0061_S19_20250418_210000.ogg,3,8,326272;517063,upsampled,data/train_soundscapes_upsampled/BC2026_Train_0061_S19_20250418_210000_3_8.ogg,2
BC2026_Train_0061_S19_20250418_210000.ogg,4,9,326272;517063,upsampled,data/train_soundscapes_upsampled/BC2026_Train_0061_S19_20250418_210000_4_9.ogg,2
BC2026_Train_0061_S19_20250418_210000.ogg,8,13,326272,upsampled,data/train_soundscapes_upsampled/BC2026_Train_0061_S19_20250418_210000_8_13.ogg,2
BC2026_Train_0061_S19_20250418_210000.ogg,6,11,326272,upsampled,data/train_soundscapes_upsampled/BC2026_Train_0061_S19_20250418_210000_6_11.ogg,2
BC2026_Train_0061_S19_20250418_210000.ogg,7,12,326272,upsampled,data/train_soundscapes_upsampled/BC2026_Train_0061_S19_20250418_210000_7_12.ogg,2
BC2026_Train_0061_S19_20250418_210000.ogg,11,16,326272,upsampled,data/train_soundscapes_upsampled/BC2026_Train_0061_S19_20250418_210000_11_16.ogg,2
BC2026_Train_0061_S19_20250418_210000.ogg,9,14,326272,upsampled,data/train_soundscapes_upsampled/BC2026_Train_0061_S19_20250418_210000_9_14.ogg,2
BC2026_Train_0061_S19_20250418_210000.ogg,13,18,326272,upsampled,data/train_soundscapes_upsampled/BC2026_Train_0061_S19_20250418_210000_13_18.ogg,2
BC2026_Train_0061_S19_20250418_210000.ogg,12,17,326272,upsampled,data/train_soundscapes_upsampled/BC2026_Train_0061_S19_20250418_210000_12_17.ogg,2
BC2026_Train_0061_S19_20250418_210000.ogg,17,22,326272,upsampled,data/train_soundscapes_upsampled/BC2026_Train_0061_S19_20250418_210000_17_22.ogg,2
BC2026_Train_0061_S19_20250418_210000.ogg,18,23,326272,upsampled,data/train_soundscapes_upsampled/BC2026_Train_0061_S19_20250418_210000_18_23.ogg,2
BC2026_Train_0061_S19_20250418_210000.ogg,16,21,326272,upsampled,data/train_soundscapes_upsampled/BC2026_Train_0061_S19_20250418_210000_16_21.ogg,2
BC2026_Train_0061_S19_20250418_210000.ogg,14,19,326272,upsampled,data/train_soundscapes_upsampled/BC2026_Train_0061_S19_20250418_210000_14_19.ogg,2
BC2026_Train_0061_S19_20250418_210000.ogg,23,28,326272,upsampled,data/train_soundscapes_upsampled/BC2026_Train_0061_S19_20250418_210000_23_28.ogg,2
BC2026_Train_0061_S19_20250418_210000.ogg,21,26,326272,upsampled,data/train_soundscapes_upsampled/BC2026_Train_0061_S19_20250418_210000_21_26.ogg,2
BC2026_Train_0061_S19_20250418_210000.ogg,19,24,326272,upsampled,data/train_soundscapes_upsampled/BC2026_Train_0061_S19_20250418_210000_19_24.ogg,2
BC2026_Train_0061_S19_20250418_210000.ogg,22,27,326272,upsampled,data/train_soundscapes_upsampled/BC2026_Train_0061_S19_20250418_210000_22_27.ogg,2
BC2026_Train_0061_S19_20250418_210000.ogg,24,29,326272,upsampled,data/train_soundscapes_upsampled/BC2026_Train_0061_S19_20250418_210000_24_29.ogg,2
BC2026_Train_0061_S19_20250418_210000.ogg,27,32,326272,upsampled,data/train_soundscapes_upsampled/BC2026_Train_0061_S19_20250418_210000_27_32.ogg,2
BC2026_Train_0061_S19_20250418_210000.ogg,26,31,326272,upsampled,data/train_soundscapes_upsampled/BC2026_Train_0061_S19_20250418_210000_26_31.ogg,2
BC2026_Train_0061_S19_20250418_210000.ogg,28,33,326272,upsampled,data/train_soundscapes_upsampled/BC2026_Train_0061_S19_20250418_210000_28_33.ogg,2
BC2026_Train_0061_S19_20250418_210000.ogg,29,34,326272,upsampled,data/train_soundscapes_upsampled/BC2026_Train_0061_S19_20250418_210000_29_34.ogg,2
BC2026_Train_0061_S19_20250418_210000.ogg,31,36,326272,upsampled,data/train_soundscapes_upsampled/BC2026_Train_0061_S19_20250418_210000_31_36.ogg,2
BC2026_Train_0061_S19_20250418_210000.ogg,32,37,326272,upsampled,data/train_soundscapes_upsampled/BC2026_Train_0061_S19_20250418_210000_32_37.ogg,2
BC2026_Train_0061_S19_20250418_210000.ogg,33,38,326272,upsampled,data/train_soundscapes_upsampled/BC2026_Train_0061_S19_20250418_210000_33_38.ogg,2
BC2026_Train_0061_S19_20250418_210000.ogg,34,39,326272,upsampled,data/train_soundscapes_upsampled/BC2026_Train_0061_S19_20250418_210000_34_39.ogg,2
BC2026_Train_0061_S19_20250418_210000.ogg,37,42,326272,upsampled,data/train_soundscapes_upsampled/BC2026_Train_0061_S19_20250418_210000_37_42.ogg,2
BC2026_Train_0061_S19_20250418_210000.ogg,38,43,326272,upsampled,data/train_soundscapes_upsampled/BC2026_Train_0061_S19_20250418_210000_38_43.ogg,2
BC2026_Train_0061_S19_20250418_210000.ogg,36,41,326272,upsampled,data/train_soundscapes_upsampled/BC2026_Train_0061_S19_20250418_210000_36_41.ogg,2
BC2026_Train_0061_S19_20250418_210000.ogg,39,44,326272,upsampled,data/train_soundscapes_upsampled/BC2026_Train_0061_S19_20250418_210000_39_44.ogg,2
BC2026_Train_0061_S19_20250418_210000.ogg,42,47,326272,upsampled,data/train_soundscapes_upsampled/BC2026_Train_0061_S19_20250418_210000_42_47.ogg,2
BC2026_Train_0061_S19_20250418_210000.ogg,41,46,326272,upsampled,data/train_soundscapes_upsampled/BC2026_Train_0061_S19_20250418_210000_41_46.ogg,2
BC2026_Train_0061_S19_20250418_210000.ogg,43,48,326272,upsampled,data/train_soundscapes_upsampled/BC2026_Train_0061_S19_20250418_210000_43_48.ogg,2
BC2026_Train_0061_S19_20250418_210000.ogg,48,53,326272,upsampled,data/train_soundscapes_upsampled/BC2026_Train_0061_S19_20250418_210000_48_53.ogg,2
BC2026_Train_0061_S19_20250418_210000.ogg,44,49,326272,upsampled,data/train_soundscapes_upsampled/BC2026_Train_0061_S19_20250418_210000_44_49.ogg,2
BC2026_Train_0061_S19_20250418_210000.ogg,47,52,326272,upsampled,data/train_soundscapes_upsampled/BC2026_Train_0061_S19_20250418_210000_47_52.ogg,2
BC2026_Train_0061_S19_20250418_210000.ogg,46,51,326272,upsampled,data/train_soundscapes_upsampled/BC2026_Train_0061_S19_20250418_210000_46_51.ogg,2
BC2026_Train_0061_S19_20250418_210000.ogg,49,54,326272,upsampled,data/train_soundscapes_upsampled/BC2026_Train_0061_S19_20250418_210000_49_54.ogg,2
BC2026_Train_0061_S19_20250418_210000.ogg,51,56,326272;517063,upsampled,data/train_soundscapes_upsampled/BC2026_Train_0061_S19_20250418_210000_51_56.ogg,2
BC2026_Train_0061_S19_20250418_210000.ogg,52,57,326272;517063,upsampled,data/train_soundscapes_upsampled/BC2026_Train_0061_S19_20250418_210000_52_57.ogg,2
BC2026_Train_0061_S19_20250418_210000.ogg,53,58,326272;517063,upsampled,data/train_soundscapes_upsampled/BC2026_Train_0061_S19_20250418_210000_53_58.ogg,2
BC2026_Train_0062_S19_20241213_193000.ogg,3,8,22967;47158son01;47158son03;47158son11;47158son12;47158son24;517063,upsampled,data/train_soundscapes_upsampled/BC2026_Train_0062_S19_20241213_193000_3_8.ogg,1
BC2026_Train_0062_S19_20241213_193000.ogg,2,7,22967;47158son01;47158son03;47158son11;47158son12;47158son24;517063,upsampled,data/train_soundscapes_upsampled/BC2026_Train_0062_S19_20241213_193000_2_7.ogg,1
BC2026_Train_0062_S19_20241213_193000.ogg,1,6,22967;47158son01;47158son03;47158son11;47158son12;47158son24;517063,upsampled,data/train_soundscapes_upsampled/BC2026_Train_0062_S19_20241213_193000_1_6.ogg,1
BC2026_Train_0062_S19_20241213_193000.ogg,4,9,22967;47158son01;47158son03;47158son11;47158son12;47158son24;517063,upsampled,data/train_soundscapes_upsampled/BC2026_Train_0062_S19_20241213_193000_4_9.ogg,1
BC2026_Train_0062_S19_20241213_193000.ogg,6,11,22967;47158son01;47158son03;47158son11;47158son12;47158son24;517063,upsampled,data/train_soundscapes_upsampled/BC2026_Train_0062_S19_20241213_193000_6_11.ogg,1
BC2026_Train_0062_S19_20241213_193000.ogg,7,12,22967;47158son01;47158son03;47158son11;47158son12;47158son24;517063,upsampled,data/train_soundscapes_upsampled/BC2026_Train_0062_S19_20241213_193000_7_12.ogg,1
BC2026_Train_0062_S19_20241213_193000.ogg,8,13,22967;47158son01;47158son03;47158son11;47158son12;47158son24;517063,upsampled,data/train_soundscapes_upsampled/BC2026_Train_0062_S19_20241213_193000_8_13.ogg,1
BC2026_Train_0062_S19_20241213_193000.ogg,11,16,22967;22973;47158son01;47158son03;47158son11;47158son12;47158son24;517063,upsampled,data/train_soundscapes_upsampled/BC2026_Train_0062_S19_20241213_193000_11_16.ogg,1
BC2026_Train_0062_S19_20241213_193000.ogg,9,14,22967;47158son01;47158son03;47158son11;47158son12;47158son24;517063,upsampled,data/train_soundscapes_upsampled/BC2026_Train_0062_S19_20241213_193000_9_14.ogg,1
BC2026_Train_0062_S19_20241213_193000.ogg,13,18,22967;22973;47158son01;47158son03;47158son11;47158son12;47158son24;517063,upsampled,data/train_soundscapes_upsampled/BC2026_Train_0062_S19_20241213_193000_13_18.ogg,1
BC2026_Train_0062_S19_20241213_193000.ogg,12,17,22967;22973;47158son01;47158son03;47158son11;47158son12;47158son24;517063,upsampled,data/train_soundscapes_upsampled/BC2026_Train_0062_S19_20241213_193000_12_17.ogg,1
BC2026_Train_0062_S19_20241213_193000.ogg,18,23,22967;22973;47158son01;47158son11;47158son24;517063,upsampled,data/train_soundscapes_upsampled/BC2026_Train_0062_S19_20241213_193000_18_23.ogg,1
BC2026_Train_0062_S19_20241213_193000.ogg,17,22,22967;22973;47158son01;47158son11;47158son24;517063,upsampled,data/train_soundscapes_upsampled/BC2026_Train_0062_S19_20241213_193000_17_22.ogg,1
BC2026_Train_0062_S19_20241213_193000.ogg,14,19,22967;22973;47158son01;47158son03;47158son11;47158son12;47158son24;517063,upsampled,data/train_soundscapes_upsampled/BC2026_Train_0062_S19_20241213_193000_14_19.ogg,1
BC2026_Train_0062_S19_20241213_193000.ogg,16,21,22967;22973;47158son01;47158son11;47158son24;517063,upsampled,data/train_soundscapes_upsampled/BC2026_Train_0062_S19_20241213_193000_16_21.ogg,1
BC2026_Train_0062_S19_20241213_193000.ogg,22,27,22967;22973;47158son01;47158son03;47158son11;47158son24;517063,upsampled,data/train_soundscapes_upsampled/BC2026_Train_0062_S19_20241213_193000_22_27.ogg,1
BC2026_Train_0062_S19_20241213_193000.ogg,23,28,22967;22973;47158son01;47158son03;47158son11;47158son24;517063,upsampled,data/train_soundscapes_upsampled/BC2026_Train_0062_S19_20241213_193000_23_28.ogg,1
BC2026_Train_0062_S19_20241213_193000.ogg,19,24,22967;22973;47158son01;47158son11;47158son24;517063,upsampled,data/train_soundscapes_upsampled/BC2026_Train_0062_S19_20241213_193000_19_24.ogg,1
BC2026_Train_0062_S19_20241213_193000.ogg,21,26,22967;22973;47158son01;47158son03;47158son11;47158son24;517063,upsampled,data/train_soundscapes_upsampled/BC2026_Train_0062_S19_20241213_193000_21_26.ogg,1
BC2026_Train_0062_S19_20241213_193000.ogg,27,32,22967;22973;47158son01;47158son03;47158son09;47158son11;47158son12;47158son24;517063,upsampled,data/train_soundscapes_upsampled/BC2026_Train_0062_S19_20241213_193000_27_32.ogg,1
BC2026_Train_0062_S19_20241213_193000.ogg,26,31,22967;22973;47158son01;47158son03;47158son09;47158son11;47158son12;47158son24;517063,upsampled,data/train_soundscapes_upsampled/BC2026_Train_0062_S19_20241213_193000_26_31.ogg,1
BC2026_Train_0062_S19_20241213_193000.ogg,28,33,22967;22973;47158son01;47158son03;47158son09;47158son11;47158son12;47158son24;517063,upsampled,data/train_soundscapes_upsampled/BC2026_Train_0062_S19_20241213_193000_28_33.ogg,1
BC2026_Train_0062_S19_20241213_193000.ogg,24,29,22967;22973;47158son01;47158son03;47158son11;47158son24;517063,upsampled,data/train_soundscapes_upsampled/BC2026_Train_0062_S19_20241213_193000_24_29.ogg,1
BC2026_Train_0062_S19_20241213_193000.ogg,33,38,22967;22973;47158son01;47158son03;47158son09;47158son11;47158son12;47158son24;517063,upsampled,data/train_soundscapes_upsampled/BC2026_Train_0062_S19_20241213_193000_33_38.ogg,1
BC2026_Train_0062_S19_20241213_193000.ogg,32,37,22967;22973;47158son01;47158son03;47158son09;47158son11;47158son12;47158son24;517063,upsampled,data/train_soundscapes_upsampled/BC2026_Train_0062_S19_20241213_193000_32_37.ogg,1
BC2026_Train_0062_S19_20241213_193000.ogg,31,36,22967;22973;47158son01;47158son03;47158son09;47158son11;47158son12;47158son24;517063,upsampled,data/train_soundscapes_upsampled/BC2026_Train_0062_S19_20241213_193000_31_36.ogg,1
BC2026_Train_0062_S19_20241213_193000.ogg,29,34,22967;22973;47158son01;47158son03;47158son09;47158son11;47158son12;47158son24;517063,upsampled,data/train_soundscapes_upsampled/BC2026_Train_0062_S19_20241213_193000_29_34.ogg,1
BC2026_Train_0062_S19_20241213_193000.ogg,38,43,22967;22973;47158son01;47158son03;47158son09;47158son11;47158son24;517063,upsampled,data/train_soundscapes_upsampled/BC2026_Train_0062_S19_20241213_193000_38_43.ogg,1
BC2026_Train_0062_S19_20241213_193000.ogg,37,42,22967;22973;47158son01;47158son03;47158son09;47158son11;47158son24;517063,upsampled,data/train_soundscapes_upsampled/BC2026_Train_0062_S19_20241213_193000_37_42.ogg,1
BC2026_Train_0062_S19_20241213_193000.ogg,34,39,22967;22973;47158son01;47158son03;47158son09;47158son11;47158son12;47158son24;517063,upsampled,data/train_soundscapes_upsampled/BC2026_Train_0062_S19_20241213_193000_34_39.ogg,1
BC2026_Train_0062_S19_20241213_193000.ogg,36,41,22967;22973;47158son01;47158son03;47158son09;47158son11;47158son24;517063,upsampled,data/train_soundscapes_upsampled/BC2026_Train_0062_S19_20241213_193000_36_41.ogg,1
BC2026_Train_0062_S19_20241213_193000.ogg,41,46,22967;22973;47158son01;47158son03;47158son09;47158son11;47158son12;47158son24;517063,upsampled,data/train_soundscapes_upsampled/BC2026_Train_0062_S19_20241213_193000_41_46.ogg,1
BC2026_Train_0062_S19_20241213_193000.ogg,39,44,22967;22973;47158son01;47158son03;47158son09;47158son11;47158son24;517063,upsampled,data/train_soundscapes_upsampled/BC2026_Train_0062_S19_20241213_193000_39_44.ogg,1
BC2026_Train_0062_S19_20241213_193000.ogg,43,48,22967;22973;47158son01;47158son03;47158son09;47158son11;47158son12;47158son24;517063,upsampled,data/train_soundscapes_upsampled/BC2026_Train_0062_S19_20241213_193000_43_48.ogg,1
BC2026_Train_0062_S19_20241213_193000.ogg,42,47,22967;22973;47158son01;47158son03;47158son09;47158son11;47158son12;47158son24;517063,upsampled,data/train_soundscapes_upsampled/BC2026_Train_0062_S19_20241213_193000_42_47.ogg,1
BC2026_Train_0062_S19_20241213_193000.ogg,44,49,22967;22973;47158son01;47158son03;47158son09;47158son11;47158son12;47158son24;517063,upsampled,data/train_soundscapes_upsampled/BC2026_Train_0062_S19_20241213_193000_44_49.ogg,1
BC2026_Train_0062_S19_20241213_193000.ogg,47,52,22967;22973;47158son01;47158son03;47158son09;47158son11;47158son12;47158son24,upsampled,data/train_soundscapes_upsampled/BC2026_Train_0062_S19_20241213_193000_47_52.ogg,1
BC2026_Train_0062_S19_20241213_193000.ogg,48,53,22967;22973;47158son01;47158son03;47158son09;47158son11;47158son12;47158son24,upsampled,data/train_soundscapes_upsampled/BC2026_Train_0062_S19_20241213_193000_48_53.ogg,1
BC2026_Train_0062_S19_20241213_193000.ogg,46,51,22967;22973;47158son01;47158son03;47158son09;47158son11;47158son12;47158son24,upsampled,data/train_soundscapes_upsampled/BC2026_Train_0062_S19_20241213_193000_46_51.ogg,1
BC2026_Train_0062_S19_20241213_193000.ogg,49,54,22967;22973;47158son01;47158son03;47158son09;47158son11;47158son12;47158son24,upsampled,data/train_soundscapes_upsampled/BC2026_Train_0062_S19_20241213_193000_49_54.ogg,1
BC2026_Train_0062_S19_20241213_193000.ogg,52,57,22967;22973;47158son01;47158son03;47158son04;47158son09;47158son11;47158son24,upsampled,data/train_soundscapes_upsampled/BC2026_Train_0062_S19_20241213_193000_52_57.ogg,1
BC2026_Train_0062_S19_20241213_193000.ogg,51,56,22967;22973;47158son01;47158son03;47158son04;47158son09;47158son11;47158son24,upsampled,data/train_soundscapes_upsampled/BC2026_Train_0062_S19_20241213_193000_51_56.ogg,1
BC2026_Train_0062_S19_20241213_193000.ogg,53,58,22967;22973;47158son01;47158son03;47158son04;47158son09;47158son11;47158son24,upsampled,data/train_soundscapes_upsampled/BC2026_Train_0062_S19_20241213_193000_53_58.ogg,1
BC2026_Train_0062_S19_20241213_193000.ogg,54,59,22967;22973;47158son01;47158son03;47158son04;47158son09;47158son11;47158son24,upsampled,data/train_soundscapes_upsampled/BC2026_Train_0062_S19_20241213_193000_54_59.ogg,1
BC2026_Train_0063_S19_20241214_190000.ogg,2,7,22973;25073;326272;47158son04;47158son11;47158son13;47158son24;67107,upsampled,data/train_soundscapes_upsampled/BC2026_Train_0063_S19_20241214_190000_2_7.ogg,0
BC2026_Train_0063_S19_20241214_190000.ogg,1,6,22973;25073;326272;47158son04;47158son11;47158son13;47158son24;67107,upsampled,data/train_soundscapes_upsampled/BC2026_Train_0063_S19_20241214_190000_1_6.ogg,0
BC2026_Train_0063_S19_20241214_190000.ogg,3,8,22973;25073;326272;47158son04;47158son11;47158son13;47158son24;67107,upsampled,data/train_soundscapes_upsampled/BC2026_Train_0063_S19_20241214_190000_3_8.ogg,0
BC2026_Train_0063_S19_20241214_190000.ogg,4,9,22973;25073;326272;47158son04;47158son11;47158son13;47158son24;67107,upsampled,data/train_soundscapes_upsampled/BC2026_Train_0063_S19_20241214_190000_4_9.ogg,0
BC2026_Train_0063_S19_20241214_190000.ogg,6,11,22973;24321;25073;326272;47158son11;47158son13;47158son24;67107,upsampled,data/train_soundscapes_upsampled/BC2026_Train_0063_S19_20241214_190000_6_11.ogg,0
BC2026_Train_0063_S19_20241214_190000.ogg,7,12,22973;24321;25073;326272;47158son11;47158son13;47158son24;67107,upsampled,data/train_soundscapes_upsampled/BC2026_Train_0063_S19_20241214_190000_7_12.ogg,0
BC2026_Train_0063_S19_20241214_190000.ogg,8,13,22973;24321;25073;326272;47158son11;47158son13;47158son24;67107,upsampled,data/train_soundscapes_upsampled/BC2026_Train_0063_S19_20241214_190000_8_13.ogg,0
BC2026_Train_0063_S19_20241214_190000.ogg,9,14,22973;24321;25073;326272;47158son11;47158son13;47158son24;67107,upsampled,data/train_soundscapes_upsampled/BC2026_Train_0063_S19_20241214_190000_9_14.ogg,0
BC2026_Train_0063_S19_20241214_190000.ogg,11,16,22973;24321;25073;326272;47158son11;47158son13;47158son24;67107,upsampled,data/train_soundscapes_upsampled/BC2026_Train_0063_S19_20241214_190000_11_16.ogg,0
BC2026_Train_0063_S19_20241214_190000.ogg,13,18,22973;24321;25073;326272;47158son11;47158son13;47158son24;67107,upsampled,data/train_soundscapes_upsampled/BC2026_Train_0063_S19_20241214_190000_13_18.ogg,0
BC2026_Train_0063_S19_20241214_190000.ogg,12,17,22973;24321;25073;326272;47158son11;47158son13;47158son24;67107,upsampled,data/train_soundscapes_upsampled/BC2026_Train_0063_S19_20241214_190000_12_17.ogg,0
BC2026_Train_0063_S19_20241214_190000.ogg,16,21,22973;25073;326272;47158son11;47158son13;47158son24,upsampled,data/train_soundscapes_upsampled/BC2026_Train_0063_S19_20241214_190000_16_21.ogg,0
BC2026_Train_0063_S19_20241214_190000.ogg,14,19,22973;24321;25073;326272;47158son11;47158son13;47158son24;67107,upsampled,data/train_soundscapes_upsampled/BC2026_Train_0063_S19_20241214_190000_14_19.ogg,0
BC2026_Train_0063_S19_20241214_190000.ogg,18,23,22973;25073;326272;47158son11;47158son13;47158son24,upsampled,data/train_soundscapes_upsampled/BC2026_Train_0063_S19_20241214_190000_18_23.ogg,0
BC2026_Train_0063_S19_20241214_190000.ogg,17,22,22973;25073;326272;47158son11;47158son13;47158son24,upsampled,data/train_soundscapes_upsampled/BC2026_Train_0063_S19_20241214_190000_17_22.ogg,0
BC2026_Train_0063_S19_20241214_190000.ogg,19,24,22973;25073;326272;47158son11;47158son13;47158son24,upsampled,data/train_soundscapes_upsampled/BC2026_Train_0063_S19_20241214_190000_19_24.ogg,0
BC2026_Train_0063_S19_20241214_190000.ogg,23,28,22973;24321;25073;326272;47158son04;47158son11;47158son13;47158son24,upsampled,data/train_soundscapes_upsampled/BC2026_Train_0063_S19_20241214_190000_23_28.ogg,0
BC2026_Train_0063_S19_20241214_190000.ogg,21,26,22973;24321;25073;326272;47158son04;47158son11;47158son13;47158son24,upsampled,data/train_soundscapes_upsampled/BC2026_Train_0063_S19_20241214_190000_21_26.ogg,0
BC2026_Train_0063_S19_20241214_190000.ogg,22,27,22973;24321;25073;326272;47158son04;47158son11;47158son13;47158son24,upsampled,data/train_soundscapes_upsampled/BC2026_Train_0063_S19_20241214_190000_22_27.ogg,0
BC2026_Train_0063_S19_20241214_190000.ogg,26,31,22973;24321;25073;326272;47158son04;47158son11;47158son13;47158son24;67107,upsampled,data/train_soundscapes_upsampled/BC2026_Train_0063_S19_20241214_190000_26_31.ogg,0
BC2026_Train_0063_S19_20241214_190000.ogg,27,32,22973;24321;25073;326272;47158son04;47158son11;47158son13;47158son24;67107,upsampled,data/train_soundscapes_upsampled/BC2026_Train_0063_S19_20241214_190000_27_32.ogg,0
BC2026_Train_0063_S19_20241214_190000.ogg,28,33,22973;24321;25073;326272;47158son04;47158son11;47158son13;47158son24;67107,upsampled,data/train_soundscapes_upsampled/BC2026_Train_0063_S19_20241214_190000_28_33.ogg,0
BC2026_Train_0063_S19_20241214_190000.ogg,24,29,22973;24321;25073;326272;47158son04;47158son11;47158son13;47158son24,upsampled,data/train_soundscapes_upsampled/BC2026_Train_0063_S19_20241214_190000_24_29.ogg,0
BC2026_Train_0063_S19_20241214_190000.ogg,29,34,22973;24321;25073;326272;47158son04;47158son11;47158son13;47158son24;67107,upsampled,data/train_soundscapes_upsampled/BC2026_Train_0063_S19_20241214_190000_29_34.ogg,0
BC2026_Train_0063_S19_20241214_190000.ogg,33,38,22973;24321;25073;326272;47158son04;47158son11;47158son13;47158son24;67107;compau,upsampled,data/train_soundscapes_upsampled/BC2026_Train_0063_S19_20241214_190000_33_38.ogg,0
BC2026_Train_0063_S19_20241214_190000.ogg,31,36,22973;24321;25073;326272;47158son04;47158son11;47158son13;47158son24;67107;compau,upsampled,data/train_soundscapes_upsampled/BC2026_Train_0063_S19_20241214_190000_31_36.ogg,0
BC2026_Train_0063_S19_20241214_190000.ogg,32,37,22973;24321;25073;326272;47158son04;47158son11;47158son13;47158son24;67107;compau,upsampled,data/train_soundscapes_upsampled/BC2026_Train_0063_S19_20241214_190000_32_37.ogg,0
BC2026_Train_0063_S19_20241214_190000.ogg,36,41,22973;25073;326272;47158son05;47158son11;47158son13;47158son24;67107;compau,upsampled,data/train_soundscapes_upsampled/BC2026_Train_0063_S19_20241214_190000_36_41.ogg,0
BC2026_Train_0063_S19_20241214_190000.ogg,38,43,22973;25073;326272;47158son05;47158son11;47158son13;47158son24;67107;compau,upsampled,data/train_soundscapes_upsampled/BC2026_Train_0063_S19_20241214_190000_38_43.ogg,0
BC2026_Train_0063_S19_20241214_190000.ogg,34,39,22973;24321;25073;326272;47158son04;47158son11;47158son13;47158son24;67107;compau,upsampled,data/train_soundscapes_upsampled/BC2026_Train_0063_S19_20241214_190000_34_39.ogg,0
BC2026_Train_0063_S19_20241214_190000.ogg,37,42,22973;25073;326272;47158son05;47158son11;47158son13;47158son24;67107;compau,upsampled,data/train_soundscapes_upsampled/BC2026_Train_0063_S19_20241214_190000_37_42.ogg,0
BC2026_Train_0063_S19_20241214_190000.ogg,42,47,22973;24321;25073;326272;47158son04;47158son05;47158son11;47158son13;47158son24;67107,upsampled,data/train_soundscapes_upsampled/BC2026_Train_0063_S19_20241214_190000_42_47.ogg,0
BC2026_Train_0063_S19_20241214_190000.ogg,43,48,22973;24321;25073;326272;47158son04;47158son05;47158son11;47158son13;47158son24;67107,upsampled,data/train_soundscapes_upsampled/BC2026_Train_0063_S19_20241214_190000_43_48.ogg,0
BC2026_Train_0063_S19_20241214_190000.ogg,41,46,22973;24321;25073;326272;47158son04;47158son05;47158son11;47158son13;47158son24;67107,upsampled,data/train_soundscapes_upsampled/BC2026_Train_0063_S19_20241214_190000_41_46.ogg,0
BC2026_Train_0063_S19_20241214_190000.ogg,39,44,22973;25073;326272;47158son05;47158son11;47158son13;47158son24;67107;compau,upsampled,data/train_soundscapes_upsampled/BC2026_Train_0063_S19_20241214_190000_39_44.ogg,0
BC2026_Train_0063_S19_20241214_190000.ogg,47,52,22973;24321;25073;326272;47158son04;47158son05;47158son11;47158son13;47158son24;67107,upsampled,data/train_soundscapes_upsampled/BC2026_Train_0063_S19_20241214_190000_47_52.ogg,0
BC2026_Train_0063_S19_20241214_190000.ogg,46,51,22973;24321;25073;326272;47158son04;47158son05;47158son11;47158son13;47158son24;67107,upsampled,data/train_soundscapes_upsampled/BC2026_Train_0063_S19_20241214_190000_46_51.ogg,0
BC2026_Train_0063_S19_20241214_190000.ogg,44,49,22973;24321;25073;326272;47158son04;47158son05;47158son11;47158son13;47158son24;67107,upsampled,data/train_soundscapes_upsampled/BC2026_Train_0063_S19_20241214_190000_44_49.ogg,0
BC2026_Train_0063_S19_20241214_190000.ogg,48,53,22973;24321;25073;326272;47158son04;47158son05;47158son11;47158son13;47158son24;67107,upsampled,data/train_soundscapes_upsampled/BC2026_Train_0063_S19_20241214_190000_48_53.ogg,0
BC2026_Train_0063_S19_20241214_190000.ogg,53,58,22973;24321;25073;326272;47158son11;47158son13;47158son24;67107,upsampled,data/train_soundscapes_upsampled/BC2026_Train_0063_S19_20241214_190000_53_58.ogg,0
BC2026_Train_0063_S19_20241214_190000.ogg,52,57,22973;24321;25073;326272;47158son11;47158son13;47158son24;67107,upsampled,data/train_soundscapes_upsampled/BC2026_Train_0063_S19_20241214_190000_52_57.ogg,0
BC2026_Train_0063_S19_20241214_190000.ogg,51,56,22973;24321;25073;326272;47158son11;47158son13;47158son24;67107,upsampled,data/train_soundscapes_upsampled/BC2026_Train_0063_S19_20241214_190000_51_56.ogg,0
BC2026_Train_0063_S19_20241214_190000.ogg,49,54,22973;24321;25073;326272;47158son04;47158son05;47158son11;47158son13;47158son24;67107,upsampled,data/train_soundscapes_upsampled/BC2026_Train_0063_S19_20241214_190000_49_54.ogg,0
BC2026_Train_0063_S19_20241214_190000.ogg,54,59,22973;24321;25073;326272;47158son11;47158son13;47158son24;67107,upsampled,data/train_soundscapes_upsampled/BC2026_Train_0063_S19_20241214_190000_54_59.ogg,0
BC2026_Train_0064_S23_20241124_032002.ogg,3,8,47158son04;47158son10;47158son25;bafcur1,upsampled,data/train_soundscapes_upsampled/BC2026_Train_0064_S23_20241124_032002_3_8.ogg,2
BC2026_Train_0064_S23_20241124_032002.ogg,2,7,47158son04;47158son10;47158son25;bafcur1,upsampled,data/train_soundscapes_upsampled/BC2026_Train_0064_S23_20241124_032002_2_7.ogg,2
BC2026_Train_0064_S23_20241124_032002.ogg,1,6,47158son04;47158son10;47158son25;bafcur1,upsampled,data/train_soundscapes_upsampled/BC2026_Train_0064_S23_20241124_032002_1_6.ogg,2
BC2026_Train_0064_S23_20241124_032002.ogg,7,12,47158son04;47158son10;47158son25;bafcur1,upsampled,data/train_soundscapes_upsampled/BC2026_Train_0064_S23_20241124_032002_7_12.ogg,2
BC2026_Train_0064_S23_20241124_032002.ogg,6,11,47158son04;47158son10;47158son25;bafcur1,upsampled,data/train_soundscapes_upsampled/BC2026_Train_0064_S23_20241124_032002_6_11.ogg,2
BC2026_Train_0064_S23_20241124_032002.ogg,8,13,47158son04;47158son10;47158son25;bafcur1,upsampled,data/train_soundscapes_upsampled/BC2026_Train_0064_S23_20241124_032002_8_13.ogg,2
BC2026_Train_0064_S23_20241124_032002.ogg,4,9,47158son04;47158son10;47158son25;bafcur1,upsampled,data/train_soundscapes_upsampled/BC2026_Train_0064_S23_20241124_032002_4_9.ogg,2
BC2026_Train_0064_S23_20241124_032002.ogg,9,14,47158son04;47158son10;47158son25;bafcur1,upsampled,data/train_soundscapes_upsampled/BC2026_Train_0064_S23_20241124_032002_9_14.ogg,2
BC2026_Train_0064_S23_20241124_032002.ogg,13,18,47158son04;47158son10;47158son25;bafcur1,upsampled,data/train_soundscapes_upsampled/BC2026_Train_0064_S23_20241124_032002_13_18.ogg,2
BC2026_Train_0064_S23_20241124_032002.ogg,11,16,47158son04;47158son10;47158son25;bafcur1,upsampled,data/train_soundscapes_upsampled/BC2026_Train_0064_S23_20241124_032002_11_16.ogg,2
BC2026_Train_0064_S23_20241124_032002.ogg,12,17,47158son04;47158son10;47158son25;bafcur1,upsampled,data/train_soundscapes_upsampled/BC2026_Train_0064_S23_20241124_032002_12_17.ogg,2
BC2026_Train_0064_S23_20241124_032002.ogg,17,22,47158son04;47158son10;47158son25;bafcur1,upsampled,data/train_soundscapes_upsampled/BC2026_Train_0064_S23_20241124_032002_17_22.ogg,2
BC2026_Train_0064_S23_20241124_032002.ogg,18,23,47158son04;47158son10;47158son25;bafcur1,upsampled,data/train_soundscapes_upsampled/BC2026_Train_0064_S23_20241124_032002_18_23.ogg,2
BC2026_Train_0064_S23_20241124_032002.ogg,14,19,47158son04;47158son10;47158son25;bafcur1,upsampled,data/train_soundscapes_upsampled/BC2026_Train_0064_S23_20241124_032002_14_19.ogg,2
BC2026_Train_0064_S23_20241124_032002.ogg,16,21,47158son04;47158son10;47158son25;bafcur1,upsampled,data/train_soundscapes_upsampled/BC2026_Train_0064_S23_20241124_032002_16_21.ogg,2
BC2026_Train_0064_S23_20241124_032002.ogg,19,24,47158son04;47158son10;47158son25;bafcur1,upsampled,data/train_soundscapes_upsampled/BC2026_Train_0064_S23_20241124_032002_19_24.ogg,2
BC2026_Train_0064_S23_20241124_032002.ogg,21,26,47158son04;47158son10;47158son25;bafcur1,upsampled,data/train_soundscapes_upsampled/BC2026_Train_0064_S23_20241124_032002_21_26.ogg,2
BC2026_Train_0064_S23_20241124_032002.ogg,23,28,47158son04;47158son10;47158son25;bafcur1,upsampled,data/train_soundscapes_upsampled/BC2026_Train_0064_S23_20241124_032002_23_28.ogg,2
BC2026_Train_0064_S23_20241124_032002.ogg,22,27,47158son04;47158son10;47158son25;bafcur1,upsampled,data/train_soundscapes_upsampled/BC2026_Train_0064_S23_20241124_032002_22_27.ogg,2
BC2026_Train_0064_S23_20241124_032002.ogg,28,33,116570;47158son04;47158son06;47158son10;47158son25;bafcur1,upsampled,data/train_soundscapes_upsampled/BC2026_Train_0064_S23_20241124_032002_28_33.ogg,2
BC2026_Train_0064_S23_20241124_032002.ogg,26,31,116570;47158son04;47158son06;47158son10;47158son25;bafcur1,upsampled,data/train_soundscapes_upsampled/BC2026_Train_0064_S23_20241124_032002_26_31.ogg,2
BC2026_Train_0064_S23_20241124_032002.ogg,27,32,116570;47158son04;47158son06;47158son10;47158son25;bafcur1,upsampled,data/train_soundscapes_upsampled/BC2026_Train_0064_S23_20241124_032002_27_32.ogg,2
BC2026_Train_0064_S23_20241124_032002.ogg,24,29,47158son04;47158son10;47158son25;bafcur1,upsampled,data/train_soundscapes_upsampled/BC2026_Train_0064_S23_20241124_032002_24_29.ogg,2
BC2026_Train_0064_S23_20241124_032002.ogg,33,38,116570;47158son04;47158son06;47158son10;47158son25;bafcur1,upsampled,data/train_soundscapes_upsampled/BC2026_Train_0064_S23_20241124_032002_33_38.ogg,2
BC2026_Train_0064_S23_20241124_032002.ogg,29,34,116570;47158son04;47158son06;47158son10;47158son25;bafcur1,upsampled,data/train_soundscapes_upsampled/BC2026_Train_0064_S23_20241124_032002_29_34.ogg,2
BC2026_Train_0064_S23_20241124_032002.ogg,31,36,116570;47158son04;47158son06;47158son10;47158son25;bafcur1,upsampled,data/train_soundscapes_upsampled/BC2026_Train_0064_S23_20241124_032002_31_36.ogg,2
BC2026_Train_0064_S23_20241124_032002.ogg,32,37,116570;47158son04;47158son06;47158son10;47158son25;bafcur1,upsampled,data/train_soundscapes_upsampled/BC2026_Train_0064_S23_20241124_032002_32_37.ogg,2
BC2026_Train_0064_S23_20241124_032002.ogg,34,39,116570;47158son04;47158son06;47158son10;47158son25;bafcur1,upsampled,data/train_soundscapes_upsampled/BC2026_Train_0064_S23_20241124_032002_34_39.ogg,2
BC2026_Train_0064_S23_20241124_032002.ogg,36,41,47158son04;47158son06;47158son10;47158son25;bafcur1,upsampled,data/train_soundscapes_upsampled/BC2026_Train_0064_S23_20241124_032002_36_41.ogg,2
BC2026_Train_0064_S23_20241124_032002.ogg,37,42,47158son04;47158son06;47158son10;47158son25;bafcur1,upsampled,data/train_soundscapes_upsampled/BC2026_Train_0064_S23_20241124_032002_37_42.ogg,2
BC2026_Train_0064_S23_20241124_032002.ogg,38,43,47158son04;47158son06;47158son10;47158son25;bafcur1,upsampled,data/train_soundscapes_upsampled/BC2026_Train_0064_S23_20241124_032002_38_43.ogg,2
BC2026_Train_0064_S23_20241124_032002.ogg,42,47,47158son04;47158son06;47158son10;47158son25;bafcur1,upsampled,data/train_soundscapes_upsampled/BC2026_Train_0064_S23_20241124_032002_42_47.ogg,2
BC2026_Train_0064_S23_20241124_032002.ogg,39,44,47158son04;47158son06;47158son10;47158son25;bafcur1,upsampled,data/train_soundscapes_upsampled/BC2026_Train_0064_S23_20241124_032002_39_44.ogg,2
BC2026_Train_0064_S23_20241124_032002.ogg,41,46,47158son04;47158son06;47158son10;47158son25;bafcur1,upsampled,data/train_soundscapes_upsampled/BC2026_Train_0064_S23_20241124_032002_41_46.ogg,2
BC2026_Train_0064_S23_20241124_032002.ogg,43,48,47158son04;47158son06;47158son10;47158son25;bafcur1,upsampled,data/train_soundscapes_upsampled/BC2026_Train_0064_S23_20241124_032002_43_48.ogg,2
BC2026_Train_0064_S23_20241124_032002.ogg,48,53,47158son04;47158son06;47158son10;47158son25;bafcur1,upsampled,data/train_soundscapes_upsampled/BC2026_Train_0064_S23_20241124_032002_48_53.ogg,2
BC2026_Train_0064_S23_20241124_032002.ogg,46,51,47158son04;47158son06;47158son10;47158son25;bafcur1,upsampled,data/train_soundscapes_upsampled/BC2026_Train_0064_S23_20241124_032002_46_51.ogg,2
BC2026_Train_0064_S23_20241124_032002.ogg,47,52,47158son04;47158son06;47158son10;47158son25;bafcur1,upsampled,data/train_soundscapes_upsampled/BC2026_Train_0064_S23_20241124_032002_47_52.ogg,2
BC2026_Train_0064_S23_20241124_032002.ogg,44,49,47158son04;47158son06;47158son10;47158son25;bafcur1,upsampled,data/train_soundscapes_upsampled/BC2026_Train_0064_S23_20241124_032002_44_49.ogg,2
BC2026_Train_0064_S23_20241124_032002.ogg,53,58,47158son04;47158son06;47158son10;47158son25;bafcur1;wfwduc1,upsampled,data/train_soundscapes_upsampled/BC2026_Train_0064_S23_20241124_032002_53_58.ogg,2
BC2026_Train_0064_S23_20241124_032002.ogg,49,54,47158son04;47158son06;47158son10;47158son25;bafcur1,upsampled,data/train_soundscapes_upsampled/BC2026_Train_0064_S23_20241124_032002_49_54.ogg,2
BC2026_Train_0064_S23_20241124_032002.ogg,52,57,47158son04;47158son06;47158son10;47158son25;bafcur1;wfwduc1,upsampled,data/train_soundscapes_upsampled/BC2026_Train_0064_S23_20241124_032002_52_57.ogg,2
BC2026_Train_0064_S23_20241124_032002.ogg,51,56,47158son04;47158son06;47158son10;47158son25;bafcur1;wfwduc1,upsampled,data/train_soundscapes_upsampled/BC2026_Train_0064_S23_20241124_032002_51_56.ogg,2
BC2026_Train_0065_S23_20241124_040002.ogg,2,7,43435;47158son02;47158son06;47158son14;47158son25,upsampled,data/train_soundscapes_upsampled/BC2026_Train_0065_S23_20241124_040002_2_7.ogg,1
BC2026_Train_0065_S23_20241124_040002.ogg,3,8,43435;47158son02;47158son06;47158son14;47158son25,upsampled,data/train_soundscapes_upsampled/BC2026_Train_0065_S23_20241124_040002_3_8.ogg,1
BC2026_Train_0065_S23_20241124_040002.ogg,1,6,43435;47158son02;47158son06;47158son14;47158son25,upsampled,data/train_soundscapes_upsampled/BC2026_Train_0065_S23_20241124_040002_1_6.ogg,1
BC2026_Train_0065_S23_20241124_040002.ogg,8,13,43435;47158son02;47158son06;47158son14;47158son25,upsampled,data/train_soundscapes_upsampled/BC2026_Train_0065_S23_20241124_040002_8_13.ogg,1
BC2026_Train_0065_S23_20241124_040002.ogg,4,9,43435;47158son02;47158son06;47158son14;47158son25,upsampled,data/train_soundscapes_upsampled/BC2026_Train_0065_S23_20241124_040002_4_9.ogg,1
BC2026_Train_0065_S23_20241124_040002.ogg,7,12,43435;47158son02;47158son06;47158son14;47158son25,upsampled,data/train_soundscapes_upsampled/BC2026_Train_0065_S23_20241124_040002_7_12.ogg,1
BC2026_Train_0065_S23_20241124_040002.ogg,6,11,43435;47158son02;47158son06;47158son14;47158son25,upsampled,data/train_soundscapes_upsampled/BC2026_Train_0065_S23_20241124_040002_6_11.ogg,1
BC2026_Train_0065_S23_20241124_040002.ogg,9,14,43435;47158son02;47158son06;47158son14;47158son25,upsampled,data/train_soundscapes_upsampled/BC2026_Train_0065_S23_20241124_040002_9_14.ogg,1
BC2026_Train_0065_S23_20241124_040002.ogg,11,16,43435;47158son02;47158son06;47158son14;47158son25,upsampled,data/train_soundscapes_upsampled/BC2026_Train_0065_S23_20241124_040002_11_16.ogg,1
BC2026_Train_0065_S23_20241124_040002.ogg,12,17,43435;47158son02;47158son06;47158son14;47158son25,upsampled,data/train_soundscapes_upsampled/BC2026_Train_0065_S23_20241124_040002_12_17.ogg,1
BC2026_Train_0065_S23_20241124_040002.ogg,13,18,43435;47158son02;47158son06;47158son14;47158son25,upsampled,data/train_soundscapes_upsampled/BC2026_Train_0065_S23_20241124_040002_13_18.ogg,1
BC2026_Train_0065_S23_20241124_040002.ogg,14,19,43435;47158son02;47158son06;47158son14;47158son25,upsampled,data/train_soundscapes_upsampled/BC2026_Train_0065_S23_20241124_040002_14_19.ogg,1
BC2026_Train_0065_S23_20241124_040002.ogg,16,21,43435;47158son02;47158son06;47158son14;47158son25,upsampled,data/train_soundscapes_upsampled/BC2026_Train_0065_S23_20241124_040002_16_21.ogg,1
BC2026_Train_0065_S23_20241124_040002.ogg,18,23,43435;47158son02;47158son06;47158son14;47158son25,upsampled,data/train_soundscapes_upsampled/BC2026_Train_0065_S23_20241124_040002_18_23.ogg,1
BC2026_Train_0065_S23_20241124_040002.ogg,17,22,43435;47158son02;47158son06;47158son14;47158son25,upsampled,data/train_soundscapes_upsampled/BC2026_Train_0065_S23_20241124_040002_17_22.ogg,1
BC2026_Train_0065_S23_20241124_040002.ogg,22,27,43435;47158son06;47158son14;47158son25,upsampled,data/train_soundscapes_upsampled/BC2026_Train_0065_S23_20241124_040002_22_27.ogg,1
BC2026_Train_0065_S23_20241124_040002.ogg,23,28,43435;47158son06;47158son14;47158son25,upsampled,data/train_soundscapes_upsampled/BC2026_Train_0065_S23_20241124_040002_23_28.ogg,1
BC2026_Train_0065_S23_20241124_040002.ogg,21,26,43435;47158son06;47158son14;47158son25,upsampled,data/train_soundscapes_upsampled/BC2026_Train_0065_S23_20241124_040002_21_26.ogg,1
BC2026_Train_0065_S23_20241124_040002.ogg,19,24,43435;47158son02;47158son06;47158son14;47158son25,upsampled,data/train_soundscapes_upsampled/BC2026_Train_0065_S23_20241124_040002_19_24.ogg,1
BC2026_Train_0065_S23_20241124_040002.ogg,24,29,43435;47158son06;47158son14;47158son25,upsampled,data/train_soundscapes_upsampled/BC2026_Train_0065_S23_20241124_040002_24_29.ogg,1
BC2026_Train_0065_S23_20241124_040002.ogg,28,33,116570;43435;47158son06;47158son14;47158son25,upsampled,data/train_soundscapes_upsampled/BC2026_Train_0065_S23_20241124_040002_28_33.ogg,1
BC2026_Train_0065_S23_20241124_040002.ogg,27,32,116570;43435;47158son06;47158son14;47158son25,upsampled,data/train_soundscapes_upsampled/BC2026_Train_0065_S23_20241124_040002_27_32.ogg,1
BC2026_Train_0065_S23_20241124_040002.ogg,26,31,116570;43435;47158son06;47158son14;47158son25,upsampled,data/train_soundscapes_upsampled/BC2026_Train_0065_S23_20241124_040002_26_31.ogg,1
BC2026_Train_0065_S23_20241124_040002.ogg,29,34,116570;43435;47158son06;47158son14;47158son25,upsampled,data/train_soundscapes_upsampled/BC2026_Train_0065_S23_20241124_040002_29_34.ogg,1
BC2026_Train_0065_S23_20241124_040002.ogg,33,38,116570;43435;47158son06;47158son14;47158son25,upsampled,data/train_soundscapes_upsampled/BC2026_Train_0065_S23_20241124_040002_33_38.ogg,1
BC2026_Train_0065_S23_20241124_040002.ogg,32,37,116570;43435;47158son06;47158son14;47158son25,upsampled,data/train_soundscapes_upsampled/BC2026_Train_0065_S23_20241124_040002_32_37.ogg,1
BC2026_Train_0065_S23_20241124_040002.ogg,31,36,116570;43435;47158son06;47158son14;47158son25,upsampled,data/train_soundscapes_upsampled/BC2026_Train_0065_S23_20241124_040002_31_36.ogg,1
BC2026_Train_0065_S23_20241124_040002.ogg,34,39,116570;43435;47158son06;47158son14;47158son25,upsampled,data/train_soundscapes_upsampled/BC2026_Train_0065_S23_20241124_040002_34_39.ogg,1
BC2026_Train_0065_S23_20241124_040002.ogg,38,43,43435;47158son06;47158son10;47158son14;47158son25,upsampled,data/train_soundscapes_upsampled/BC2026_Train_0065_S23_20241124_040002_38_43.ogg,1
BC2026_Train_0065_S23_20241124_040002.ogg,37,42,43435;47158son06;47158son10;47158son14;47158son25,upsampled,data/train_soundscapes_upsampled/BC2026_Train_0065_S23_20241124_040002_37_42.ogg,1
BC2026_Train_0065_S23_20241124_040002.ogg,36,41,43435;47158son06;47158son10;47158son14;47158son25,upsampled,data/train_soundscapes_upsampled/BC2026_Train_0065_S23_20241124_040002_36_41.ogg,1
BC2026_Train_0065_S23_20241124_040002.ogg,41,46,43435;47158son02;47158son06;47158son10;47158son14;47158son25,upsampled,data/train_soundscapes_upsampled/BC2026_Train_0065_S23_20241124_040002_41_46.ogg,1
BC2026_Train_0065_S23_20241124_040002.ogg,43,48,43435;47158son02;47158son06;47158son10;47158son14;47158son25,upsampled,data/train_soundscapes_upsampled/BC2026_Train_0065_S23_20241124_040002_43_48.ogg,1
BC2026_Train_0065_S23_20241124_040002.ogg,39,44,43435;47158son06;47158son10;47158son14;47158son25,upsampled,data/train_soundscapes_upsampled/BC2026_Train_0065_S23_20241124_040002_39_44.ogg,1
BC2026_Train_0065_S23_20241124_040002.ogg,42,47,43435;47158son02;47158son06;47158son10;47158son14;47158son25,upsampled,data/train_soundscapes_upsampled/BC2026_Train_0065_S23_20241124_040002_42_47.ogg,1
BC2026_Train_0065_S23_20241124_040002.ogg,47,52,43435;47158son02;47158son06;47158son14;47158son25,upsampled,data/train_soundscapes_upsampled/BC2026_Train_0065_S23_20241124_040002_47_52.ogg,1
BC2026_Train_0065_S23_20241124_040002.ogg,44,49,43435;47158son02;47158son06;47158son10;47158son14;47158son25,upsampled,data/train_soundscapes_upsampled/BC2026_Train_0065_S23_20241124_040002_44_49.ogg,1
BC2026_Train_0065_S23_20241124_040002.ogg,48,53,43435;47158son02;47158son06;47158son14;47158son25,upsampled,data/train_soundscapes_upsampled/BC2026_Train_0065_S23_20241124_040002_48_53.ogg,1
BC2026_Train_0065_S23_20241124_040002.ogg,46,51,43435;47158son02;47158son06;47158son14;47158son25,upsampled,data/train_soundscapes_upsampled/BC2026_Train_0065_S23_20241124_040002_46_51.ogg,1
BC2026_Train_0065_S23_20241124_040002.ogg,51,56,43435;47158son02;47158son06;47158son14;47158son25,upsampled,data/train_soundscapes_upsampled/BC2026_Train_0065_S23_20241124_040002_51_56.ogg,1
BC2026_Train_0065_S23_20241124_040002.ogg,52,57,43435;47158son02;47158son06;47158son14;47158son25,upsampled,data/train_soundscapes_upsampled/BC2026_Train_0065_S23_20241124_040002_52_57.ogg,1
BC2026_Train_0065_S23_20241124_040002.ogg,49,54,43435;47158son02;47158son06;47158son14;47158son25,upsampled,data/train_soundscapes_upsampled/BC2026_Train_0065_S23_20241124_040002_49_54.ogg,1
BC2026_Train_0065_S23_20241124_040002.ogg,53,58,43435;47158son02;47158son06;47158son14;47158son25,upsampled,data/train_soundscapes_upsampled/BC2026_Train_0065_S23_20241124_040002_53_58.ogg,1
BC2026_Train_0065_S23_20241124_040002.ogg,54,59,43435;47158son02;47158son06;47158son14;47158son25,upsampled,data/train_soundscapes_upsampled/BC2026_Train_0065_S23_20241124_040002_54_59.ogg,1
BC2026_Train_0066_S23_20241124_044002.ogg,1,6,47158son03;47158son10;47158son25;chacha1;whtdov,upsampled,data/train_soundscapes_upsampled/BC2026_Train_0066_S23_20241124_044002_1_6.ogg,2
BC2026_Train_0066_S23_20241124_044002.ogg,2,7,47158son03;47158son10;47158son25;chacha1;whtdov,upsampled,data/train_soundscapes_upsampled/BC2026_Train_0066_S23_20241124_044002_2_7.ogg,2
BC2026_Train_0066_S23_20241124_044002.ogg,3,8,47158son03;47158son10;47158son25;chacha1;whtdov,upsampled,data/train_soundscapes_upsampled/BC2026_Train_0066_S23_20241124_044002_3_8.ogg,2
BC2026_Train_0066_S23_20241124_044002.ogg,8,13,47158son03;47158son10;47158son25;chacha1;whtdov,upsampled,data/train_soundscapes_upsampled/BC2026_Train_0066_S23_20241124_044002_8_13.ogg,2
BC2026_Train_0066_S23_20241124_044002.ogg,7,12,47158son03;47158son10;47158son25;chacha1;whtdov,upsampled,data/train_soundscapes_upsampled/BC2026_Train_0066_S23_20241124_044002_7_12.ogg,2
BC2026_Train_0066_S23_20241124_044002.ogg,4,9,47158son03;47158son10;47158son25;chacha1;whtdov,upsampled,data/train_soundscapes_upsampled/BC2026_Train_0066_S23_20241124_044002_4_9.ogg,2
BC2026_Train_0066_S23_20241124_044002.ogg,6,11,47158son03;47158son10;47158son25;chacha1;whtdov,upsampled,data/train_soundscapes_upsampled/BC2026_Train_0066_S23_20241124_044002_6_11.ogg,2
BC2026_Train_0066_S23_20241124_044002.ogg,12,17,47158son03;47158son10;47158son25;chacha1;whtdov,upsampled,data/train_soundscapes_upsampled/BC2026_Train_0066_S23_20241124_044002_12_17.ogg,2
BC2026_Train_0066_S23_20241124_044002.ogg,13,18,47158son03;47158son10;47158son25;chacha1;whtdov,upsampled,data/train_soundscapes_upsampled/BC2026_Train_0066_S23_20241124_044002_13_18.ogg,2
BC2026_Train_0066_S23_20241124_044002.ogg,11,16,47158son03;47158son10;47158son25;chacha1;whtdov,upsampled,data/train_soundscapes_upsampled/BC2026_Train_0066_S23_20241124_044002_11_16.ogg,2
BC2026_Train_0066_S23_20241124_044002.ogg,9,14,47158son03;47158son10;47158son25;chacha1;whtdov,upsampled,data/train_soundscapes_upsampled/BC2026_Train_0066_S23_20241124_044002_9_14.ogg,2
BC2026_Train_0066_S23_20241124_044002.ogg,17,22,47158son03;47158son10;47158son25;chacha1;rufhor2;whtdov,upsampled,data/train_soundscapes_upsampled/BC2026_Train_0066_S23_20241124_044002_17_22.ogg,2
BC2026_Train_0066_S23_20241124_044002.ogg,16,21,47158son03;47158son10;47158son25;chacha1;rufhor2;whtdov,upsampled,data/train_soundscapes_upsampled/BC2026_Train_0066_S23_20241124_044002_16_21.ogg,2
BC2026_Train_0066_S23_20241124_044002.ogg,18,23,47158son03;47158son10;47158son25;chacha1;rufhor2;whtdov,upsampled,data/train_soundscapes_upsampled/BC2026_Train_0066_S23_20241124_044002_18_23.ogg,2
BC2026_Train_0066_S23_20241124_044002.ogg,14,19,47158son03;47158son10;47158son25;chacha1;whtdov,upsampled,data/train_soundscapes_upsampled/BC2026_Train_0066_S23_20241124_044002_14_19.ogg,2
BC2026_Train_0066_S23_20241124_044002.ogg,21,26,47158son03;47158son10;47158son25;chacha1;rufhor2;whtdov,upsampled,data/train_soundscapes_upsampled/BC2026_Train_0066_S23_20241124_044002_21_26.ogg,2
BC2026_Train_0066_S23_20241124_044002.ogg,22,27,47158son03;47158son10;47158son25;chacha1;rufhor2;whtdov,upsampled,data/train_soundscapes_upsampled/BC2026_Train_0066_S23_20241124_044002_22_27.ogg,2
BC2026_Train_0066_S23_20241124_044002.ogg,19,24,47158son03;47158son10;47158son25;chacha1;rufhor2;whtdov,upsampled,data/train_soundscapes_upsampled/BC2026_Train_0066_S23_20241124_044002_19_24.ogg,2
BC2026_Train_0066_S23_20241124_044002.ogg,23,28,47158son03;47158son10;47158son25;chacha1;rufhor2;whtdov,upsampled,data/train_soundscapes_upsampled/BC2026_Train_0066_S23_20241124_044002_23_28.ogg,2
BC2026_Train_0066_S23_20241124_044002.ogg,24,29,47158son03;47158son10;47158son25;chacha1;rufhor2;whtdov,upsampled,data/train_soundscapes_upsampled/BC2026_Train_0066_S23_20241124_044002_24_29.ogg,2
BC2026_Train_0066_S23_20241124_044002.ogg,28,33,116570;47158son03;47158son10;47158son25;chacha1;rufhor2;whtdov,upsampled,data/train_soundscapes_upsampled/BC2026_Train_0066_S23_20241124_044002_28_33.ogg,2
BC2026_Train_0066_S23_20241124_044002.ogg,27,32,116570;47158son03;47158son10;47158son25;chacha1;rufhor2;whtdov,upsampled,data/train_soundscapes_upsampled/BC2026_Train_0066_S23_20241124_044002_27_32.ogg,2
BC2026_Train_0066_S23_20241124_044002.ogg,26,31,116570;47158son03;47158son10;47158son25;chacha1;rufhor2;whtdov,upsampled,data/train_soundscapes_upsampled/BC2026_Train_0066_S23_20241124_044002_26_31.ogg,2
BC2026_Train_0066_S23_20241124_044002.ogg,29,34,116570;47158son03;47158son10;47158son25;chacha1;rufhor2;whtdov,upsampled,data/train_soundscapes_upsampled/BC2026_Train_0066_S23_20241124_044002_29_34.ogg,2
BC2026_Train_0066_S23_20241124_044002.ogg,32,37,116570;47158son03;47158son10;47158son25;chacha1;rufhor2;whtdov,upsampled,data/train_soundscapes_upsampled/BC2026_Train_0066_S23_20241124_044002_32_37.ogg,2
BC2026_Train_0066_S23_20241124_044002.ogg,31,36,116570;47158son03;47158son10;47158son25;chacha1;rufhor2;whtdov,upsampled,data/train_soundscapes_upsampled/BC2026_Train_0066_S23_20241124_044002_31_36.ogg,2
BC2026_Train_0066_S23_20241124_044002.ogg,33,38,116570;47158son03;47158son10;47158son25;chacha1;rufhor2;whtdov,upsampled,data/train_soundscapes_upsampled/BC2026_Train_0066_S23_20241124_044002_33_38.ogg,2
BC2026_Train_0066_S23_20241124_044002.ogg,37,42,47158son03;47158son10;47158son25;chacha1;rufhor2;whtdov,upsampled,data/train_soundscapes_upsampled/BC2026_Train_0066_S23_20241124_044002_37_42.ogg,2
BC2026_Train_0066_S23_20241124_044002.ogg,38,43,47158son03;47158son10;47158son25;chacha1;rufhor2;whtdov,upsampled,data/train_soundscapes_upsampled/BC2026_Train_0066_S23_20241124_044002_38_43.ogg,2
BC2026_Train_0066_S23_20241124_044002.ogg,34,39,116570;47158son03;47158son10;47158son25;chacha1;rufhor2;whtdov,upsampled,data/train_soundscapes_upsampled/BC2026_Train_0066_S23_20241124_044002_34_39.ogg,2
BC2026_Train_0066_S23_20241124_044002.ogg,36,41,47158son03;47158son10;47158son25;chacha1;rufhor2;whtdov,upsampled,data/train_soundscapes_upsampled/BC2026_Train_0066_S23_20241124_044002_36_41.ogg,2
BC2026_Train_0066_S23_20241124_044002.ogg,39,44,47158son03;47158son10;47158son25;chacha1;rufhor2;whtdov,upsampled,data/train_soundscapes_upsampled/BC2026_Train_0066_S23_20241124_044002_39_44.ogg,2
BC2026_Train_0066_S23_20241124_044002.ogg,43,48,47158son03;47158son10;47158son25;chacha1;rufhor2;whtdov,upsampled,data/train_soundscapes_upsampled/BC2026_Train_0066_S23_20241124_044002_43_48.ogg,2
BC2026_Train_0066_S23_20241124_044002.ogg,41,46,47158son03;47158son10;47158son25;chacha1;rufhor2;whtdov,upsampled,data/train_soundscapes_upsampled/BC2026_Train_0066_S23_20241124_044002_41_46.ogg,2
BC2026_Train_0066_S23_20241124_044002.ogg,42,47,47158son03;47158son10;47158son25;chacha1;rufhor2;whtdov,upsampled,data/train_soundscapes_upsampled/BC2026_Train_0066_S23_20241124_044002_42_47.ogg,2
BC2026_Train_0066_S23_20241124_044002.ogg,48,53,47158son03;47158son10;47158son25;chacha1;whtdov,upsampled,data/train_soundscapes_upsampled/BC2026_Train_0066_S23_20241124_044002_48_53.ogg,2
BC2026_Train_0066_S23_20241124_044002.ogg,44,49,47158son03;47158son10;47158son25;chacha1;rufhor2;whtdov,upsampled,data/train_soundscapes_upsampled/BC2026_Train_0066_S23_20241124_044002_44_49.ogg,2
BC2026_Train_0066_S23_20241124_044002.ogg,47,52,47158son03;47158son10;47158son25;chacha1;whtdov,upsampled,data/train_soundscapes_upsampled/BC2026_Train_0066_S23_20241124_044002_47_52.ogg,2
BC2026_Train_0066_S23_20241124_044002.ogg,46,51,47158son03;47158son10;47158son25;chacha1;whtdov,upsampled,data/train_soundscapes_upsampled/BC2026_Train_0066_S23_20241124_044002_46_51.ogg,2
BC2026_Train_0066_S23_20241124_044002.ogg,51,56,47158son03;47158son10;47158son25;chacha1;whtdov,upsampled,data/train_soundscapes_upsampled/BC2026_Train_0066_S23_20241124_044002_51_56.ogg,2
BC2026_Train_0066_S23_20241124_044002.ogg,52,57,47158son03;47158son10;47158son25;chacha1;whtdov,upsampled,data/train_soundscapes_upsampled/BC2026_Train_0066_S23_20241124_044002_52_57.ogg,2
BC2026_Train_0066_S23_20241124_044002.ogg,49,54,47158son03;47158son10;47158son25;chacha1;whtdov,upsampled,data/train_soundscapes_upsampled/BC2026_Train_0066_S23_20241124_044002_49_54.ogg,2
BC2026_Train_0066_S23_20241124_044002.ogg,53,58,47158son03;47158son10;47158son25;chacha1;whtdov,upsampled,data/train_soundscapes_upsampled/BC2026_Train_0066_S23_20241124_044002_53_58.ogg,2
BC2026_Train_0066_S23_20241124_044002.ogg,54,59,47158son03;47158son10;47158son25;chacha1;whtdov,upsampled,data/train_soundscapes_upsampled/BC2026_Train_0066_S23_20241124_044002_54_59.ogg,2
